"Die Haltung von Nationalrat Franz Grüter (Ausgabe vom 21. April) ist bewundernswert und absolut richtig. Die erweiterte Widerspruchslösung ist perfekt. Ich habe einen Sohn, der seit 21 Jahren auf eine Spenderniere wartet und in der Schweiz keine findet, weil sein Antikörperanteil im Blut sehr hoch ist (98 Prozent). Es kommen also nur 2 Prozent der Bevölkerung als mögliche Spender in Frage. Dieser hohe Antikörperanteil resultiert aus nicht genügend filtrierten Blutgaben nach erfolgter Transplantation 1998 – ein Ärztefehler. Meine verstorbene Frau hatte meinem Sohn eine Niere als Lebendspende zur Verfügung gestellt.Aufgrund guter Beziehungen ins Ausland wurde mein Sohn zu einem Gespräch nach Paris in ein Spital eingeladen. Die Freude war von kurzer Dauer, denn der leitende Arzt der Nephrologie teilte meinem Sohn mit, dass er ihm keine Niere zuteilen könne, weil er kein EU-Bürger sei. So wäre die gesetzliche Lage. Als Krönung wurde mein Sohn von Swiss Transplant von der Empfängerliste in der Schweiz gestrichen, als sie erfahren haben, dass er im Ausland auf der Suche nach einer Niere war. Ein sehr kleinbürgerliches, unverständliches Vorgehen gegenüber einer schwer kranken Person!Täglich führt mein Sohn fünf Dialysen durch (sogenannte Bauchfelldialysen, pro Dialyse 20 bis 30 Minuten). Man stelle sich vor, was dies in den letzten 21 Jahren für ihn bedeutet hat. Er hält aber tapfer durch, in der grossen Hoffnung, dass er durch die neue Gesetzgebung doch baldmöglichst eine Niere finden kann. Im Übrigen ist er voll arbeitsfähig und selbstständiger Apotheker.Jede Schweizer Bürgerin und jeder Schweizer Bürger kann in der Patientenverfügung festhalten, ober er seine Organe nach dem Tode für Transplantationen zur Verfügung stellt oder nicht. So einfach ist das!Jörg Conrad, Horw, Delegierter Schweizerischer Seniorenrat SSRRund 800000 Erwachsene in der Schweiz können nicht lesen und nicht schreiben oder haben damit grosse Mühe. Sie können also die Ja- oder die Nein-Kampagne in den Zeitungen nicht genau verfolgen. Ausserdem gibt es nicht wenige Menschen, welche kein Fernsehen schauen, sich nicht für Abstimmungen interessieren oder schlicht keine Zeit haben, sich mit allem auseinanderzusetzen.Schon bevor sie überhaupt richtig gelebt haben, werden junge Menschen dazu gezwungen, sich mit der Transplantationsmedizin zu befassen und schriftlich festzuhalten, was mit ihren Organen im Fall ihres Todes dereinst geschehen soll. Im Normalfall findet dieser ja dann erst Jahrzehnte später statt.Viele Menschen in Heimen, Behinderte, Obdachlose, Alleinstehende haben keine Familie oder können nicht die ganzen Diskussionen in den Medien verfolgen. Auch das gibt es. Sie alle werden vergessen. Äussern sie sich nicht oder können sie sich nicht äussern, dann bedeutet das ein Ja zur Organentnahme bei ihrem Ableben. Niemand hat das Recht dazu, Menschen moralisch unter Druck zu setzen oder gar von Solidarität zu reden, um zum Ziel zu kommen. Freiwillig, wie es bis jetzt üblich war, ist sicher gut und richtig. Glücklich diejenigen, welche auf diese Weise ein Spenderorgan erhalten dürfen. In unserem freien Staat wird aber der freie Bürger mittels dieser Abstimmung dazu gezwungen, sich auf so etwas Gravierendes festzulegen, was den eigenen Körper betrifft. Ich frage mich, wo das hinführt.","Marianne Fankhauser, 6052 Hergiswil",['neutral']
"Darf der Staat einem Sterbenden, bei dem ein sogenannter Hirntod diagnostiziert wurde, die Organe entnehmen, wenn er sich zuvor nicht ausdrücklich dagegen ausgesprochen hat? Das Transplantationsgesetz wurde so abgeändert, dass dies in Zukunft möglich wäre. Ich finde, das ist eine massive Verletzung eines elementaren Grundrechts: des Rechtes auf den eigenen Körper. Es kann nicht sein, dass ich mich wehren muss, damit dies nicht automatisch geschieht!Viele Menschen aus sozial schwächeren Schichten würden Schritt, Widerspruch einzulegen, nicht machen, weil sie zu wenig informiert sind oder die Sprache zu wenig beherrschen. Dieser Systemwechsel, der fast unbemerkt über die Bühne ging, darf nicht einfach so hingenommen werden. Dank dem Referendum, das von engagierten Bürgern und Bürgerinnen ergriffen wurde, können wir nun darüber abstimmen. Ich hoffe, dass viele begreifen, dass es hier um einen massiven Eingriff in unsere Selbstbestimmung geht. Eine Spende ist etwas Freiwilliges – und über die Organspende kann man geteilter Meinung sein. Aber dieser Eingriff in die persönliche Freiheit ist eines Rechtsstaates nicht würdig! Darum Nein.","Cornelia Vonmoos, Kriens",['neutral']
"Angenommen, Frau A. ist schwer krank. Ihr Leiden könnte durch eine Organtransplantation gemildert oder ganz behoben werden. Frau A., die sich auf der nationalen Warteliste für Spenderorgane befindet, erhält die Nachricht, dass nun ein passendes gefunden und sie die Empfängerin sei.Erst recht nach der geglückten Operation macht sie sich Gedanken, wem dieser Körperteil wohl einmal gehört haben mag, der nun ihr Leben gerettet hat. Heute noch könnte sie sicher sein, dass es von einem Menschen freiwillig zur Verfügung gestellt wurde. Anders, sollte die Änderung des Transplantationsgesetzes angenommen werden. Mit der Widerspruchslösung dürften jeder und jedem ungefragt Organe entnommen werden. Ausser, man hat sich zu Lebzeiten dagegen ausgesprochen. Ausser, die Hinterbliebenen können glaubhaft machen, dass dies nicht dem letzten Willen der verstorbenen Person entspricht. Könnten Sie mit dem Gedanken leben, Teile eines Verstorbenen in sich zu tragen, der nicht ausdrücklich Ja zur Entnahme gesagt hat? Ich nicht! Die Würde des Menschen ist unantastbar. Und diese Würde geht über den Tod hinaus. Die Nationale Ethikkommission, die die Gesetzesänderung ablehnt, hat eine medizinethisch und verfassungsrechtlich konforme und dadurch vertrauenswürdige Alternative ausgearbeitet, die der Nachfrage nach mehr Ersatzorganen effektiver nachkommen kann. Mit einem Nein kann der Weg frei werden für einen würdigen Weg.Claudia Meier-Preuschoff, OberkirchIn der Schweiz fehlt es an Spenderorganen. Konkret gibt es dreimal weniger Organe als Menschen, die dringend ein neues Organ benötigen. Im Jahr 2021 standen so 1434 Personen auf der Warteliste. Pro Woche sterben ein bis zwei Menschen in der Schweiz, weil sie nicht rechtzeitig ein Organ erhalten. Das neue Transplantationsgesetz hilft, dass Menschen weniger lange auf ein Organ warten müssen. Mit der Widerspruchslösung und umfassender Kommunikation können somit Leben gerettet werden. Am strengen und sicheren Prozess der Organspende ändert sich dabei nichts und auch die Angehörigen werden weiterhin einbezogen. Bei unbekanntem Willen entscheiden stets die Angehörigen im Sinne der verstorbenen Person. Ich stimme Ja, denn die erweiterte Widerspruchslösung gilt in den meisten Nachbarländern der Schweiz und hat sich dort bewährt, indem mehr Menschen ihren Willen festhalten und dadurch mehr Menschenleben gerettet werden können.Dominik Steiner, Landrat FDP, EnnetbürgenVergleicht man den «Faktencheck» vom 28. April mit früheren, etwa zu Corona, wird klar, dass es hier nicht um wirkliche Fakten, sondern um die Ideologie eines materialistischen und damit einseitigen Weltbildes geht. Dieses blendet aus, dass der Mensch aus Körper, Seele und Geist besteht, oder kämpft dagegen an. Wenn man das weiss, ist dieser Faktencheck nicht das Papier wert, auf welches er gedruckt wird. Schade, dass eine sich seriös gebende Zeitung solches veröffentlicht.Das Problem bei diesen Checks ist immer dasselbe. Man blendet Aspekte aus, die nicht dem eigenen Weltbild oder dem politischen Willen entsprechen und preist das Ergebnis als Wahrheit an. Wer die umfangreiche Literatur über die Zusammenhänge von Körper, Seele und Geist konsultiert, kann sich eine fundiertere Meinung bilden. Er weiss, dass die Seele ewig lebt. Er empfindet das Ausschlachten eines als tot bezeichneten Körpers als schmerzhaft.Beispiel: Ein junger Motorradfahrer mit dunklen Haaren verunglückte tödlich. Am Morgen nach der Organentnahme – unter Narkose natürlich, damit der Patient nicht schreit – waren die Haare weiss. Kann man es mit diesem Wissen verantworten, eine Organentnahme als Normalfall zu behandeln und ins Gesetz zu schreiben?Helmut Agustoni, EbikonEin Organ zu spenden, ist ein grossartiges Geschenk an einen Menschen, der so im Idealfall ein besseres und meist auch längeres Leben erhält. Viele Menschen warten hoffnungsvoll auf Spenderorgane. Jemand, der sich über Konsequenzen ins Bild gesetzt hat und sich bewusst entscheidet, seine Organe zur Verfügung zu stellen, soll das schriftlich festhalten und möglichst viele Angehörige informieren, damit diese im Ernstfall nicht für ihn entscheiden müssen. Je mehr Menschen diesen Schritt tun, desto grösser ist die Wahrscheinlichkeit, dass Hoffnungen von Bedürftigen erfüllt werden.Ein möglicher Organspender muss wissen, dass Organe entnommen werden, wenn ein Mensch keine Durchblutung des Gehirns mehr hat. Mit Hilfe von Apparaten wird jedoch sein Kreislauf, das heisst die Durchblutung des Körpers, aufrechterhalten. Die Organentnahmen passieren während des Sterbeprozesses und nicht nach dem vollständigen Ableben. Was in dieser Zeit mit der Seele geschieht, wissen wir nicht. Wer sich nach reiflicher Überlegung und aus vollem Herzen für eine Spende entscheidet, wird im Idealfall auch bewusster, will heissen, gesünder leben, um zukünftigen Empfängern gesunde Organe zu hinterlassen. Ich fände es sinnvoll, wenn Gesundheitseinrichtungen wie Arztpraxen, Spitäler, Apotheken, Krankenkassen umfassendes Informationsmaterial zur Verfügung stellen und auch aktiv auf solches hinweisen würden.Was ich nicht gutheissen kann, sind Organentnahmen bei allen Menschen ab dem 16. Altersjahr, die sich vor ihrem Ableben nicht explizit dagegen ausgesprochen haben. Auch sollte niemand zu einer Entscheidung gedrängt werden. Der vorliegenden Gesetzesänderung kann ich nicht zustimmen.","Ines Käch, Ebikon",['neutral']
"Um es gleich klar zu sagen, ich werde zur erweiterten Widerspruchslösung ein Nein einlegen. Selber bin ich Organspender. Den Ausweis habe ich vor Jahren ausgefüllt, und ich trage ihn ständig bei mir. Natürlich habe ich im Unterricht (ich war mal Biologielehrer) erwähnt, dass man neben dem Blut auch Organe spenden könne. Es genüge unter anderem das Vorliegen eines ausgefüllten Organspendeausweises. Was das bewirkt hat, ich weiss es nicht. Weshalb scheint mir ein Nein die vernünftigere Lösung, zwei Argumente stehen im Vordergrund.Die körperliche Unversehrtheit ist als Grundrecht auch über den Tod hinaus gültig. Grundrechte stehen uns vorbehaltlos zu. Tatsächlich dürfen gemäss Bundesverfassung Grundrechte eingeschränkt werden. Mir scheint diese Einschränkung im Zusammenhang mit der Organspende falsch. Es heisst in der Verfassung, dass der Kerngehalt des Grundrechtes erhalten werden muss. Ist es nicht gerade ein Kerngehalt, dass mir das Grundrecht ohne Vorbehalt zusteht. Wenn jetzt für ein Grundrecht eine Aktivität (ich muss ein Nein eintragen) verlangt wird, ist meines Erachtens der Kerngehalt verletzt.Will ein Mensch mit der neuen Regelung keinesfalls ein Organ spenden, muss das Nein sicher vermerkt sein, z.B. im Organ- und Gewebespenderegister, und das Nein muss in nützlicher Frist zweifelsfrei gefunden bzw. eruiert werden. Die vorgesehenen Regelungen sind umfangreich, detailliert und scheinen sicher. Nur, welche Gewähr hat der oder die Einzelne, wie speziell sie oder er auch immer sein mag, dass ihr oder sein Nein ein Nein sein wird? Ich bin mir da, nicht zuletzt aufgrund der teilweise grandios gescheiterten Projekte zur Einführung von insbesondere elektronischen Registern bzw. Dossiers und der menschlichen Willenskundgebung in letzten Dingen nicht so sicher. Ich unterstelle niemandem unlautere Absichten, aber Fehler sind möglich. Diese Art Fehler zu verhindern, ist nur möglich, indem ich zur vorgeschlagenen Änderung Nein sage.Vielleicht, die bisherigen Abläufe im Umfeld der Organspenden lassen mich das zumindest vermuten, sind wir im tiefsten Innern gar nicht so freigebig mit unserem Körper und unseren Organen, wenn es denn um die höchst persönlichen, letztendlichen Dinge geht.Pirmin Jans, SteinhausenDas Transplantationsgesetz wird keine gewöhnliche Abstimmung sein. Es ist eine Abstimmung, welche wichtiger und weitreichender ist als viele Gesetzesänderungen zuvor.Steuerpolitik, Umweltpolitik oder Sozialpolitik sind alles relevante Themenbereiche. Im Vergleich zum Transplantationsgesetz wirken jene Themen jedoch belanglos. Denn in dieser Abstimmung entscheiden wir über das Grundlegendste und Wertvollste auf der Welt: das Menschenleben!Indem wir die erweiterte Widerspruchslösung für Organspenden annehmen, können jährlich bis zu 250 Menschenleben gerettet werden. Es ist ein «Ja», das uns nichts kostet und dennoch viel bewirkt.Wir haben es in der Hand, jenen Menschen zu helfen, die zurzeit auf der Warteliste stehen. Stimmen Sie am 14. Mai Ja zum Transplantationsgesetz. Sie können dann später ja immer noch «Nein» sagen!","Tao Gutekunst, Präsident, FDP Cham",['neutral']
"Die Organspende und die Widerspruchslösung sind meines Erachtens mit drei ethischen Prinzipien behaftet. Erstens die Unantastbarkeit des Körpers mit dem Zwang zum aktiven Handeln. Zweitens das hilflose Sterben von Menschen, zum Teil in jungen Jahren, weil keine Organe vorhanden sind. Drittens der illegale Organhandel, der vom grossen Organmangel profitiert, aber viel Leid verursacht. Alles verursacht menschliches Leiden. Die Widerspruchslösung will hier einen Ausweg anbieten und das ist für mich der überwiegende Vorteil eines Ja. Jeder Mensch kann sich immer noch gegen eine Organspende aussprechen. Grosses Leid wird mit einem Ja vermindert. Ich habe jedoch Verständnis für die andere Meinung.Christian Ehrbar, Gemeinderatskandidat FDP, MenzingenWenn die Befürworter des neuen Transplantationsgesetzes behaupten, dass sich nicht viel ändert, weil die Angehörigen noch immer Widerspruch gegen eine Entnahme einlegen können, machen sie bewusst eine Falschaussage. Angehörige können nur dann Widerspruch einlegen, wenn unklar ist, was der/die Verstorbene wollte. Gemäss Gesetz ist das aber höchstens bei Touristen oder Asylsuchenden, die erst kurz in der Schweiz sind, der Fall. Einwohnerinnen und Einwohner der Schweiz geben gemäss Gesetzestext explizit und unmissverständlich die Einwilligung, nach dem Tod ihre Organe zu spenden. Nur wer in einer Datenbank hinterlegt hat, dass keine Organe entnommen werden dürfen, ist davor bewahrt. Es gibt keine Rückfrage oder Konsultation bei Angehörigen, dies würde dem Gesetz und damit dem Willen der Verstorbenen widersprechen. Wie sicher solche Datenbanken sind, wissen wir nicht nur von «Meine Impfung» oder den gefälschten Impfausweisen, sondern auch von anderen von Hackern manipulierten Datenbanken. Somit ist ein gefälschter Eintrag oder das Löschen eines Eintrages relativ einfach und es ist nicht gesichert, dass der Wille des/der Verstorbenen respektiert wird. Wer spenden will, kann das problemlos dokumentieren, wer nicht will, muss zukünftig viel Aufwand betreiben, um sich vor der Organspende zu bewahren.Karl Künzle, MenzingenDas Transplantationsgesetz ist keine Frage über die Organspende an und für sich. Das muss beziehungsweise soll jeder für sich entscheiden. Es ist nämlich jedem seine eigene, persönliche Entscheidung und somit seine Privatsphäre – ja gar Intimsphäre – ob er sich für oder gegen eine Organspende entscheiden möchte. Nein, diese Vorlage ist eine Frage eines massiven und willkürlichen Eingriffes in die verfassungsrechtlichen Grundrechte des Menschen seitens des Staates. Das darf nicht sein! Es ist nicht von der Hand zu weisen, dass der Mensch auf Organspenden angewiesen ist und es momentan zu wenig Spender hat. Dieser Mangel führt unweigerlich zu langen Wartelisten wie auch zum Tod geliebter Menschen. Aber eine Organspende sollte trotzdem nach wie vor auf freiwilliger Basis erfolgen. Statt Grundrechte zu verletzen, sollte vielmehr ein grösseres Bewusstsein für Menschen, die auf ein Organ angewiesen sind, entwickelt werden. Mittels Aufklärung, mittels gezielter Kommunikation und Information, wie auch mittels Vertrauen in die moderne Medizin. Für mich ist ein Nein zum Transplantationsgesetz unabdingbar.Malaika Hug, BaarAls ich vor über 20 Jahren zum ersten Mal einen Organspendeausweis besorgen konnte, dauerte es relativ lange. Ich war jung und in eine Apotheke ging ich selten. Und genau dann vergass ich stets, nach einem Spendeausweis zu fragen. Also bestellte ich direkt bei Swisstransplant ein paar Stück. Später nochmals 50 und nochmals 50. Während Jahren verteilte ich im gesamten Bekanntenkreis und bei jeder Gelegenheit Ausweise und erfuhr stets, dass die «Beschenkten» gar nicht wussten, wo und wie sie zu einem Ausweis gelangen konnten. Damals stellte ich mir vor, wie es wäre, wenn in jedem Briefkasten ein Ausweis landen würde; oder jedem Stimmcouvert einer beigelegt wird! Und nun ist es so weit: Das Thema ist gekocht und angerichtet, es muss nur noch gegessen werden – aber freiwillig. Die ganze Abstimmungsdebatte hat eine gute Seite: Landauf, landab befasst man sich mit dem Thema Organspende und es wäre der optimale Zeitpunkt, landesweit eine Spendeausweis-Aktion zu starten: Einfach die Ausweise den Krankenkassen-, Wahl- oder Steuerunterlagen beilegen. So kommt jede Schweizerin und jeder Schweizer zu einem Organspendeausweis und kann entscheiden, ob er seine Organe dereinst spenden will. Spenden sind im Übrigen per se freiwillig, es gibt keine Zwangsspende. Darum Nein zur Widerspruchslösung und Ja zur Organspende.","Ursula Keiser, Zug",['neutral']
"Wer möchte nicht dazu beitragen, die Gesundheit seiner Mitmenschen zu verbessern, oder gar die Möglichkeit nutzen, ein anderes Leben zu retten. In diesem Punkt sind sich die Befürworter/-innen und die Kritiker/-innen des Transplantationsgesetzes einig. Die Annahme der Widerspruchslösung scheint aus moralischen Gründen die richtige Entscheidung zu sein.Die Verfechter/-innen altruistischer Motive blenden jedoch aus, dass ein Ja zur Organentnahme einen generellen Paradigmenwechsel unserer Staatsform nach sich zieht. Bisher hatte der Staat die Pflicht, die körperliche Integrität der Bürgerin/des Bürgers zu schützen und Übergriffe zu ahnden.Wird das Gesetz angenommen, ist der Staat nicht mehr verpflichtet, die körperliche Unversehrtheit des Individuums zu sichern. Im Gegenteil: Er erhält das Recht, den Menschen als Mittel zum Zweck zu missbrauchen. Ist es rechtlich erlaubt, eine Person für die Organentnahme zu instrumentalisieren, wird sie zum Objekt, verliert ihren Selbstzweck und ihre Würde.Der Bundesrat und die Mehrheit des Parlaments empfehlen ein Ja zur Vorlage. Haben diese Politiker/-innen vergessen, auf welchen Werten unsere direkte Demokratie gründet und was für eine Verpflichtung sie dem Schweizer Volk gegenüber haben? Wer seine Würde als freie Schweizerin/freier Schweizer wahren will, wird die Vorlage ablehnen und gegen den Paradigmenwechsel, der einen staatlichen Übergriff in unsere fundamentale Selbstbestimmung legitimiert, ein Nein aussprechen.","Ruth Reichmuth, Unterägeri",['neutral']
"Pro Woche sterben in unserem Land ein bis zwei Menschen, währenddessen sie auf ein Spenderorgan warten. Allein im Jahr 2021 hofften in der Schweiz 1434 Personen auf der Warteliste auf ein Spenderorgan. Dabei könnte allein eine Person, die ihre Organe spendet, neun Menschen das Leben retten!Mit dem neuen Transplantationsgesetz können wir Abhilfe schaffen und dabei wird niemand zum Organspender, der das nicht will. Denn wer seine Organe nicht spenden möchte, kann dies festhalten oder diesen Willen seinen Angehörigen mitteilen. Liegt keine Willensäusserung vor, müssen in jedem Fall weiterhin die Angehörigen entscheiden.Gibt es keine Angehörigen, so dürfen die Organe nicht entnommen werden. Dies garantiert, dass es keinen Automatismus und Zwang gibt!Das Gesetz schafft dafür endlich Klarheit und Rechts- sicherheit und entlastet die Angehörigen in einer ethisch schwierigen Frage. Denn mit der vorliegenden Widerspruchslösung muss man neu nicht entscheiden, ob man die Organe spenden möchte, sondern ob man sie nicht spenden möchte. Und was man nicht will, weiss man bekanntlich besser als das, was man will. Retten wir also gemeinsam Leben, indem wir am 15. Mai 2022 klar Ja zum Transplantationsgesetz stimmen.Luca Boog, Gunzwil, Präsident Die Junge Mitte Kanton LuzernSchlimm muss es sein, den toten Sohn mit angsterfülltem Gesicht aufgebahrt zu sehen. So war es für ein Ehepaar, das seinen Sohn für die Organentnahme freigegeben hatte, wie die Zeitschrift «Natürlich» berichtete. Im «K-tipp» vom 3. März 2022 erfahren wir, dass ein Viertel der Organspender noch Lebenszeichen bei der Organentnahme zeigte, das heisst, Puls und Blutdruck stiegen, Stresshormone wurden ausgeschüttet und die noch warmen Körper begannen zu schwitzen.Um solche Reaktionen zu unterdrücken, verabreicht man den Spendern vor der Organentnahme Schlaf- und Schmerzmittel. Wenn diese aber tot wären, bräuchte es das nicht. Zudem hat man bei Untersuchungen in Deutschland eine markante Fehler- quote bei der Hirntoddiagnose festgestellt.Ein Gesetz, das unser Recht auf körperliche Unversehrtheit während des Sterbeprozesses missachtet und uns alle automatisch zum Ersatzteillager für Organe macht, sollte unbedingt mit einem Nein am 15. Mai verhindert werden.Esther Spörri-Zenklusen, HorwAls Betroffener stimmt SVP-Nationalrat Franz Grüter der Vorlage zum Transplantationsgesetz zu, entgegen seiner Parteimehrheit. Wie können scheinbar nicht Betroffene dagegen sein und so am Leben vorbeireden? Eingestanden, auch ich registrierte mich erst für die Organspende, als ich nach anspruchsvoller Auseinandersetzung meine Patientenverfügung verfasste.An sich ist die aktuell geltende Zustimmungslösung die juristisch eindeutigere Version. Nur zielt sie am Verhalten vieler Menschen vorbei. Denn vergleichsweise nur wenige Menschen befassen sich ohne Not mit diesem Thema. Viel lieber verdrängen wir es. Letztlich kommen wir nicht umhin, hierzu eine Art Güterabwägung vorzunehmen.Welchen Umstand sollen wir also mehr gewichten, die Verdrängung dieses Themas oder die Not von Menschen mit einem kranken Organ? Kommt hinzu, dass viele Menschen im Hinblick auf ihren Tod unentschieden reagieren, was mit ihren Organen geschehen soll. Es sind vielmehr die Angehörigen, die im Todesfall Mühe bekunden und sich genötigt sehen, sich dieser Frage zu stellen.Doch ist es nicht ein hehrer Gedanke, bei unserem unwiderruflichen Ableben mit der Weitergabe unserer Organe, Menschen mit krankem Organ Zuversicht zu schenken? Es kann ja wohl nicht sein, dass solchen Organen im Krematorium mehr Lebenssinn zukommt.Rein juristisch mag die aktuelle Zustimmungslösung eindeutiger sein. Weil viele Menschen sich zu dieser Frage gar nicht proaktiv äussern wollen, ist die vorgeschlagene Widerspruchslösung lebensnaher, weil sie tendenziell mehr Organspenden ermöglicht.Wer dagegen hält, kann sich noch immer aktiv mit einem Nein zur eigenen Organspende registrieren lassen. Mit der sogenannt erweiterten Widerspruchslösung werden die Angehörigen auch weiterhin einbezogen. Deshalb sage ich klar Ja zur Vorlage zur Änderung des Transplantationsge- setzes.","Franz Lampart, Hochdorf",['neutral']
"Am 15. Mai stimmen wir über die Änderung des Transplantationsgesetzes ab. Das Prinzip, einen fehlenden Widerspruch als Zustimmung zu deuten, weckt in mir ungute Gefühle. So soll nun nicht mehr eine Einwilligung erforderlich sein, um einem Sterbenden Organe zu entnehmen, sondern diese wird vorausgesetzt, wenn nicht ausdrücklich widersprochen wurde.Man stelle sich vor; per Gesetz will man definieren, dass mein allfälliges Schweigen, was mein Recht ist, aus welchen Gründen auch immer, «Ja» heisst! Und dies nur, um vielleicht mehr Organe zur Verfügung zu haben. Die Forderung nach einer Entscheidung darüber, ob Organe entnommen werden dürfen, ist unethisch, da kein Mensch die Folgen dieser Entscheidung vor allem auch auf geistiger Ebene übersehen kann. Eine solche Entscheidung gar für einen sterbenden Angehörigen zu treffen, überfordert einen jeden fühlenden Menschen.Es stellen sich zu viele bedeutsame Fragen. Werden die Organe einem «Sterbenden» oder einem «Verstorbenen» entnommen? Die Unterscheidung ist wichtig, denn es können nur lebende Organe verpflanzt werden, die einem noch lebenden Organismus entnommen wurden. Ein hirntoter Mensch lebt, er stirbt auf dem Operationstisch bei der Organentnahme. Ist es angebracht, in den Sterbeprozess eines Menschen einzugreifen, da sich dieser gerade in einem Übergangsstadium befindet? Muss der Sterbende auf einen ruhigen, würdevollen Tod verzichten? Es könnte ein massiver Eingriff in die seelisch-geistige Entwicklung eines Menschen sein, dessen Seele nach dem Sterben weiterlebt. Könnte der Systemwechsel ausarten und der Sterbende zu einem «Ersatzteillager» verkommen? Sind es wirtschaftlich interessierte Kreise, die an die moralische Pflicht appellieren, nach dem Tod seinen Körper oder Teile davon anderen Menschen zu spenden?Die ganze Thematik fordert uns in Bezug auf unsere moralischen und ethischen Grundsätze. Moral und Ethik sind von Menschen geschaffene Werte, die eine Richtlinie für das gemeinschaftliche Zusammenleben geben. Doch nur zu schnell irren Menschen und schaffen Gesetze (zum Beispiel Fristenlösung), die nicht dem göttlichen Willen entsprechen. Sind wir aber angeschlossen an die ewig gültigen, göttlichen Gesetze, brauchen wir keine von Menschen erdachten Regeln.Lassen wir uns nicht von der wissenschaftlichen Medizin unter Druck setzen, die leider allzu oft leichtfertig schwerwiegende Konsequenzen ihres Tuns ausser Acht lässt. Ich möchte mich nicht unter Zwang in ein Register eintragen lassen müssen, nur weil andere mit ihren mir nicht entsprechenden Interessen es so wollen. Franziska Sprecher, Rechtsprofessorin der Uni Bern, erklärt in der «Zuger Zeitung» vom 1. April treffend: «Ein Eingriff in die körperliche Integrität darf nur bei eindeutiger Zustimmung erfolgen. Dieser Grundsatz des ‹Informed Consent› (Einwilligung nach erfolgter Aufklärung) ist eine grosse Errungenschaft. Ihn einfach umzudrehen und Eingriffe in die Grundrechte bei fehlendem Widerspruch zu erlauben, scheint mir sehr heikel.»Zu heikel, es lohnt sich nicht, diese Errungenschaft bedenkenlos herzugeben, denn bei einem Nein zur Gesetzesänderung ändert sich für die freiwilligen Organspender ja nichts, aber der ganzen Gesellschaft bleibt der für die Zukunft noch wertvollere Grundsatz des «Informed Consent» erhalten.Urs Meier, BaarNach der Änderung des Transplantationsgesetzes soll ein jeder zu Lebzeiten schriftlich/amtlich festlegen, ob er seinen Körper für Organspenden freigibt. Falls er das nicht tut, ist er automatisch ein Organspender. Geeignete und gesunde Organe müssen am noch lebenden Körper entnommen und zeitnah transplantiert werden. Über 50 Prozent betreffen Nierentransplantationen. Gerade da gibt es immer mehr Alternativen (Verwandtschaft/Xenotransplantation).«Begehrte» Organspender sind junge Unfallopfer, nicht chronisch kranke Menschen. Gerade da muss alles schnell gehen. Zeit spielt hier die entscheidende Rolle. Ob Verwandte et cetera noch befragt werden können, ist zu bezweifeln. Trägt der Verunfallte keine Legitimation bei sich, der ihn als (Nicht-)Spender ausweist, Verwandte nicht erreichbar, was dann? Daher müssen wir in einem Register/Gesundheitspass et cetera registriert sein, damit die Spitäler und Transplantationszentren immer auf uns Zugriff haben. Dies soll dann alles in einer Verordnung geregelt werden, auf die wir keinen Einfluss mehr haben.Wie soll das weitergehen? Immer mehr wird unser Gesundheitssystem zu einer Gesundheitsindustrie mit Spezialisten für jedes Organ und Ökonomen für jede Klinik. Die Kosten sind kaum absehbar, aber dafür aufkommen müssen wir gemeinsam, die einen weniger, die anderen mehr. Seltsam: Obwohl die Kosten für Coronatests und Corona-Impfung über die allgemeine Rechnung in mehrstelliger Milliardenhöhe beglichen werden, steigen nun die Krankenversicherungsprämien auf das nächste Jahr markant. Infolge der Kollateralschäden durch die Impfung? Die quersubventionierten Prämienverbilligungen sind da nicht einmal eingerechnet.Die Änderung des Transplantationsgesetzes wird eine Mengenausweitung der medizinischen Versorgung nach sich ziehen, gesünder werden wir dabei nicht. Ich will diese Verpolitisierung der Gesundheit nicht und sage daher Nein zur Änderung des Transplantationsgesetzes.","Philipp Dossenbach, Baar",['neutral']
"Kommt das Gesetz der Widerspruchslösung bei Organtransplantationen zum Tragen, heisst das, es geht um Angebot und Nachfrage, um Finanzen, dies vielleicht nur in zweiter Linie, aber es steht im Raum. Ich bin nicht gegen Organtransplantationen, aber dies soll auf freiwilliger Basis geschehen. Organe können keinem Toten entnommen werden, das heisst, der Mensch lebt, er wird künstlich am Leben erhalten, aber er lebt! Alle Befürworter bitte ich, sich als Organspender eintragen zu lassen, dann wäre das ganze Thema obsolet. Ich wehre mich, dass wir Menschen als Ersatzteillager missbraucht werden, darum stimme ich Nein zur Widerspruchslösung zur Organtransplantation.","Edith Heeb, Cham",['neutral']
"Das Thema Organspende bleibt aktuell, obwohl der Nationalrat im Oktober 2021 der Widerspruchslösung beim Transplantationsgesetz zugestimmt hat. Diese bedeutet: Jede und Jeder ist automatisch ein Organspender, wenn er dies zu Lebzeiten nicht schriftlich ablehnt. Ein Referendum gegen diese Änderung ist mit über 50000 Unterschriften zustanden gekommen. Am 15. Mai 2022 stimmen wir über die Vorlage ab.Meine Meinung: In einem demokratischen Land wie der Schweiz, wo die Menschenrechte grosse Bedeutung und Achtung geniessen, darf man nicht aus toten Menschen ohne weiteres Organspender machen. Ausser, wenn sie vor ihrem Tod dem zustimmten.Ich kann zwar verstehen, dass Patienten, die auf ein Spenderorgan warten, wünschen, dass schnell ein solches zur Verfügung steht. Das Gesetz aber, dass der tote Körper als Ersatzteillager dienen soll, solange sein Besitzer dies nicht vor seinem Tod verboten hat, ist ein tiefer Eingriff in die persönliche Freiheit und körperliche Unversehrtheit. Auch die Ethik verbietet, dass Menschen nach ihrem Tod ohne ihre vorherige Zustimmung ein Organersatzlager sein sollen.Der Ständerat hat 2013 entschieden, dass keine Organentnahme ohne Zustimmung des Spenders oder der Spenderin stattfinden soll. Warum dann diese Änderung? Professionelle, gut gemachte Aufklärung sehe ich als bessere Möglichkeit die Spendenbereitschaft zu erhöhen.Eine politische, soziale, kulturelle, auf Ethik ausgerichtete und wirtschaftliche Kommission soll die Angelegenheit nochmals bearbeiten und klare Richtlinien schaffen.Denn nur die freiwillige Organentnahme bei Betroffenen ist richtig. Gemäss der allgemeinen Erklärung der Menschenrechte der UNO 1948, die seit 1999 in der Bundesverfassung verankert ist, hat jeder Mensch ein Recht auf Schutz vor körperlichen und psychischen Verletzungen, auch nach dem Tod.",,['neutral']
"Nachstehend zwei Äusserungen zu Gesundheitsminister Karl Lauterbach, einer Galionsfigur aus unserem nördlichen Nachbarland. Frank Spieth (Die Linke) sagte am 8. Mai 2009: «Wer ist Karl Lauterbach? Der faulste Abgeordnete, den ich jemals kennen gelernt habe. Der Mann, der steht ständig vor den Kameras, aber wenn's drum geht, Gesundheitspolitik konkret zu machen, dann findet er nicht statt.» Jens Spahn (CDU/CSU) sagte am 8. Mai 2009: «Was Herrn Lauterbach angeht! Ich präferiere ihn einfach zu ignorieren. Seine Bedeutung und sein Einfluss auf tatsächliche Gesundheitspolitik ist reziprok zu seiner öffentlichen Bekanntheit.»Nun, auch wir in der Schweiz haben Expertinnen und Experten. Zum Beispiel Ruth Humbel. Die Nationalrätin (Die Mitte) fordert vom Bundesrat einen Krisenplan mit Impfpflicht für über 65-Jährige. Impfverweigerer sollen «die Konsequenzen» tragen. Sie fordert zudem, dass in Triagesituationen zwischen Geimpften und Ungeimpften unterschieden wird. Im gleichen Atemzug zieht sie verschiedene Ideen in Betracht. So zum Beispiel könnten Ungeimpfte eine Patientenverfügung auf sich tragen, die bezeuge, dass sie bei schweren Corona-Erkrankungen auf eine Behandlung auf der Intensivstation verzichten. Nun ja, dass Ungeimpfte an Nebenwirkungen leiden, ist hinlänglich bekannt.Dass aber bei Geimpften das Bewusstsein um ein Vielfaches höher getrübt sein kann, zeigen die Forderungen und Ideen unserer eigenen «Gesundheitsexpertin».","Walter Meier, Hergiswil",['neutral']
"Leider hat man in den Medien in letzter Zeit sehr wenig zum Referendum gegen die Widerspruchslösung bei der Organspende gehört. Obwohl sie uns alle betrifft und obwohl das Recht auf unsere körperliche Unversehrtheit bedroht ist und auch das Recht auf Selbstbestimmung.Der Nationalrat hat Anfang Oktober das Transplantationsgesetz so abgeändert, dass künftig eine erweiterte Widerspruchslösung gilt. Neu muss man also zu Lebzeiten schriftlich festhalten, wenn man keine Organe spenden möchte – sonst wird man automatisch als Organspender angesehen. Wollen wir das wirklich?Viele Menschen glauben, die Organspende sei ein Akt der Nächstenliebe. Den meisten ist aber nicht bewusst, dass es für die Organtransplantation lebensfrische Organe braucht. Die Voraussetzung für eine Organspende ist, dass beim Spender zuvor die Diagnose Hirntod gestellt wurde. Der Eingriff wird aber an einem Körper ausgeführt, der noch zu viele Lebensfunktionen aufweist. Liegt die Person auf der Intensivstation, schlägt ihr Herz noch und die Atmung funktioniert. Der Körper ist warm. So müsste man sagen, die Organe werden einem Sterbenden entnommen, nicht einem Toten. Was das für die Seele heisst, die im Begriff ist, sich vom Körper zu lösen, kann man nur erahnen. Es wäre ein Ausdruck von Menschenwürde, dass man nicht in den Sterbeprozess eingreift. Nähere Informationen gibt es auf guten Websites zum Thema.","Cornelia Vonmoos, Kriens",['neutral']
"Jeder habe das Recht auf Unversehrtheit seines Körpers, schreibt Walter Blaser in seinem Leserbrief vom 16. Dezember. Da aber laut Bundesamt für Gesundheit(BAG) in den Spitälern 89 Prozent der an Corona Erkrankten ungeimpft sind, stellen sich bei der Behandlung auch Kostenfragen. Alle, auch Geimpfte, müssen diese Kosten mittragen. 25000 bis 30000 Franken kostet die Behandlung eines Covid-Patienten im Spital. «Bei teuren Fällen mit längerem Aufenthalt auf der Intensivstation und am Beatmungsgerät können die Kosten pro Patient oder Patientin bei weit über 100000 Franken liegen», schreibt die Santésuisse. Dass diese Corona-Plage endlich zu Ende geht, hoffen alle. Aber das Verhalten der Ungeimpften, auf Kosten der Allgemeinheit und der Pflegenden gesund werden zu wollen, hat etwas mit Sturheit zu tun und ist unsolidarisch. Auch Politiker verlangen, dass Ungeimpfte in der Patientenverfügung auf Pflege bei Corona verzichten.Hugo Vonlaufen, EbikonDie neusten Zahlen des BAG (vom 16. Dezember) zeigen, dass es in den letzten drei Wochen bei Personen über 60 Jahren unter den Ungeimpften etwa zehnmal mehr Spitaleintritte gab als unter den Geimpften. Wie sieht nun aber diese diffuse Gruppe der Ungeimpften bei näherer Betrachtung aus? 82 Prozent aller Spitaleintritte wurden durch Ungeimpfte der Altersgruppen 60 bis 80+ verursacht. Hingegen waren Ungeimpfte in den Altersgruppen von 0 bis 49 lediglich für 11 Prozent aller Eintritte verantwortlich. Bei Kindern und Jugendlichen bis 19 sind die Werte im Promillebereich. Wir sind also im Moment im Krisenmodus wegen älteren Menschen, die sich nicht impfen lassen. Und wieder werden ganze Kaskaden an Massnahmen für alle verhängt, und diverse Politiker diskutieren bereits über eine Impfpflicht für die ganze (erwachsene) Bevölkerung.Während zu Beginn der Pandemie noch zu Recht an die Solidarität der ganzen Gesellschaft appelliert werden durfte, und dies auch von der ganz überwiegenden Mehrheit getragen wurde, da die älteren Menschen sich noch nicht schützen konnten, so kann diese Solidarität seit den überall verfügbaren Impf-Angeboten nicht mehr einfach so vorausgesetzt werden.Die Mitte-Politikerin Ruth Humbel hat in ungeschminkter Offenheit auf dieses Problem hingewiesen und die älteren Menschen aufgefordert, nun ebenfalls Solidarität mit der jungen Bevölkerung zu zeigen: Entweder sich impfen zu lassen oder mittels Patientenverfügung auf einen Intensivpflegeplatz zu verzichten. Die Zahlen zeigen es deutlich: Nur durch die Impfpflicht bei älteren Menschen wird sich die Situation in den Spitälern verbessern. Die Gesellschaft wird es den Verantwortlichen danken, die dieses heisse Eisen endlich anpacken.Lars Winter, MeggenWeshalb verzichten Impfgegner (ohne Vorerkrankung versteht sich) bei Erkrankung an Corona nicht auf jegliche Medikamente, Sauerstoff und so weiter? Erstaunlich, wie lange so ein «es geht so nicht weiter» weitergeht.","Waltraud Linder, Alpnach Dorf",['neutral']
"Spätestens seit den gefährlichen Bern-Krawallen vom vergangenen Donnerstag stehen die «Freiheitstrychler» aus dem Kanton Schwyz in einem schiefen Licht da. Auf der einen Seite distanzieren sie sich von den «vereinzelten Provokateuren», die angeblich nicht zu ihnen gehörten, auf der anderen Seite nennen sie Bundesrat Ueli Maurer als ihr Vorbild, der es wie kein zweiter im Land versteht, mit allen Mitteln zu provozieren und das bei der Impffrage gespaltene Volk noch weiter zu entzweien.Zudem haben wir schon als Kinder den Ausdruck «Mitgegangen, mitgehangen» gelernt. Als Zuzüger, der seit mehr als 30 Jahre im Kanton Nidwalden lebt, freue ich mich jedes Jahr auf die Adventszeit, wenn der Samichlaus in den Dörfern Einzug hält. Ein Klausumzug ohne Iffelen und Trichler? Undenkbar! Doch leider ist es auch zur Gewohnheit geworden, dass bei SVP-Treffen Trichler auftreten. Als vor 20 Jahren die Zürcher SVP unter Christoph Blocher ihren Siegeszug antrat, liessen sich einige Innerschweizer Trichler von der politischen Rechten instrumentalisieren und sorgen seither bei den meisten SVP-Anlässen zuverlässig für die Musik.Dass durch diese Aktivitäten und nun mit den «Freiheitstrychlern» mit der Zeit alle Trichler in die rechte Politikecke gedrängt wurden oder werden, ist ungerecht. Denn ich kann mir beim besten Willen nicht vorstellen, dass alle Trichler SVP stimmen oder gegen die Impfung sind. Ich wünschte mir, dass sich die zahlreichen Trichlervereine proaktiv von den «Freiheitstrychlern» und deren Aktionen distanzieren würden.Und sonst tröste ich mich mit dem Gedanken, dass es die Trichler seit Jahrhunderten gibt, als die SVP und Christoph Blocher noch keine Rolle spielten. Und ich hoffe, dass sie sich bald wieder auf ihre Kernaufgaben besinnen werden, nämlich die Menschen zu erfreuen, die Wintergeister zu vertreiben und den Samichlaus zu begleiten.Rafael Schneuwly, StansstadDen «Freiheitstrychlern» fehlt der Blumenschmuck. Durch sie wird eine wertvolle und gepflegte Tradition rücksichtlos missbraucht. Oder sind jetzt alle Rindviecher, die so stolz und würdig beim Alpabzug und -aufzug mitlaufen, mit ihren Treicheln und Glocken und Schellen, automatisch krasse Impfgegner? Schade.Erika Knüsel, LuzernFrancesco Benini prangert in seinem unsäglichen Kommentar vom 17. September das Wanken der Regierung an, die Kosten für Coronatests den Nutzern aufzubürden. Er sollte einen Besuch im Testcenter der Messe Luzern machen. Da stehen lauter junge, gesunde Menschen an, die zwischen Schule, Arbeit und Leben diesen Besuch einplanen müssen. Menschen, für die Corona keine Gefahr darstellt. Würden sich die Vorerkrankten und Gefährdeten impfen, hätten auch diese ihre Freiheit zurück. Ausgerechnet den Jungen will man das Geld aus der Tasche ziehen?!Mart Hürlimann, StansIn Europa sind, je nach Land, zwischen 53,7 (Schweiz) und 90,9 Prozent (Portugal) der Bevölkerung zweimal geimpft. Einige Länder verabreichen schon die dritte Impfung, einige verlangen gar nach einer vierten. In den USA mussten 15 Millionen Impfdosen weggeworfen werden, da das Datum abgelaufen war. In all diesen Ländern fordern Geimpfte Solidarität von den Ungeimpften. In Afrika sind knapp 3 Prozent (je nach Quelle) ein- bis zweimal geimpft. Wo steht der Afrikaner in der Werteskala der Menschheit? Gleich weit oben wie der Europäer? Wir haben die reichen Kulturen Afrikas zerstört, den Menschen dort unsere Kultur und Wertvorstellung aufzwingen wollen, ihre Länder ausgebeutet und sie arm zurückgelassen (mit Ausnahmen). Und jetzt? Wo bleibt denn hier die Solidarität? Gemäss WHO wird Afrika zudem bis Ende Jahr 25 Prozent weniger der versprochenen Impfdosen erhalten. Grund: Einführung der Auffrischungsimpfungen und Horten der Impfdosen in einigen europäischen Ländern und den Vereinigten Staaten.Lucia Müller, SarnenWie wäre es mit einem gut schweizerischen Kompromiss: Jeder Ungeimpfte unterschreibt in einer Patientenverfügung, dass er im Coronafall kein Intensivbett will und bekommen soll, falls die Pflegesituation angespannt bleibt. Im Gegenzug entfallen ab sofort überall jegliche diskriminierenden Massnahmen im Inland wie Maske oder Zertifikat. Vorbehalten wären Ein- oder Ausreisebestimmungen. Wer gegen diese Regeln verstösst, kann kostenlos und unbürokratisch eingeklagt werden. Ironischerweise entstand diese Idee im Dialog am Stammtisch zwischen Impfgegnern und Impfbefürwortern. Nur: Seit einer Woche wird die Hälfte der Bevölkerung von dieser Art gelebter Demokratie ausgeschlossen und die Polarisierung und Radikalisierung vorangetrieben. Eins ist sicher: Das Virus wird auch noch in hundert Jahren zirkulieren. Die Frage ist: Wie gehen wir damit um?Leider gibt es Bundesparlamentarier, die die Corona-Notlage der Spitäler noch nicht verstanden haben. Sie kritisieren die ausgezeichnete Arbeit des Bundesrates. Einmal mehr behaupten sie im Parlament und bei Veranstaltungen, die Massnahmen seien überrissen und würden dem Volk seine Freiheit nehmen. Diese Haltung bis zum Fraktionschef zeigt, dass sie ihre Verantwortung nicht wahrnehmen und so der Bevölkerung in der echten Not einen schlechten Dienst leisten, es spalten. Das Virus macht auch vor diesen «Volksvertretern» und den Ungeimpften nicht halt. Bitte mit Respekt und ohne Kraftakte demonstrieren. Bitte Abstand halten, die Masken tragen und mehr Verantwortung für die Bevölkerung, vor allem den älteren Menschen, zeigen!Franz Wüest, ZellAm 17. September sind wir von einer Auslandreise zurückgekehrt. Schon vor unserer Abreise am Flughafen Zürich wurden wir mit ellenlangen E-Mails über die erforderlichen Formulare informiert und durch sie verunsichert. Bei unserer Rückkehr nach Zürich dann die Überraschung: keine Passkontrolle. Normalerweise gibt es diese Kontrollen immer. Diesmal war niemand da, um das Covid-Zertifikat und die Einreisebestätigung des Bundesamtes für Gesundheit zu kontrollieren! Wir sind ausgestiegen, haben unser Gepäck genommen und sind nach Hause gefahren. Und das in Covid-Zeiten! Übrigens sind wir kein Einzelfall. Auch unser Enkel hat nach seinem Heimflug vor drei Wochen aus Griechenland dasselbe erzählt!","Arthur und Trudy Portmann, Hochdorf",['neutral']
"Menschen aus dem sozialen Leben zu kippen, nur weil sie eine andere Meinung zum Thema Impfen haben, ist unerhört und nicht zu akzeptieren. Wenn eine Bank überfallen wird, sind für die Täter sofort Anwälte und Richter zur Stelle. Wo aber sind diese Anwälte und Richter, wenn unser grösstes Gut, die Freiheit, auch eine andere Meinung zu haben, gestohlen wird? Ich frage mich, ob die nicht geimpften Menschen, um ihre Steuern zu bezahlen, auch ein Zertifikat brauchen?Eliane Maurer, RuswilSamstag, 11. September 2021, ein wunderschöner Spätsommertag! Wir freuen uns auf eine kleine Wanderung hinunter in die Stadt, tauchen in den Trubel des Marktes ein, freuen uns an der Dampferparade auf dem Vierwaldstättersee und geniessen einen Snack beim Heini nahe dem Löwencenter: Welch eine Wonne! Wir können zudem feststellen, dass eine wieder wachsende Zahl an Individualtouristen unsere Stadt bevölkern. Wir hoffen, sie haben auch so Freude an ihr wie wir. In dieser friedlichen positiven Atmosphäre besprechen wir, was wir noch unternehmen wollen. Der Entschluss ist schnell gefasst: noch ein bisschen Shopping wie in alten Tagen durch die Hertensteinstrasse und dann die Weggisgasse auf dem Weg heim. Gesagt – getan.Doch plötzlich, vor dem Manor, kommt uns eine undurchdringliche Menschenmasse entgegen. Sie lässt uns nicht durchkommen, wir verharren eingeschüchtert am Wegesrand, nicht ganz verstehend, was das Ganze soll. Es sind Menschen wie wir, aber mit hassverzerrten Gesichtern, schrill schreiend, laut pfeifend und grell johlend, Plakate und Fahnen schwenkend, deren Inhalt für uns auch nach mehrmaligem Entziffern unverständlich scheint. Sie fühlen sich in ihrer Gesundheit bedroht. Durch wen, durch uns? Wir machen ihnen sicher nichts.Es handelt sich um eine Demo der Impfgegner. Auch das kann ich nur bedingt glauben, denn nach meinem Dafürhalten wird jeder – und wirklich jeder – bei diesem Prachtswetter den Samstag noch für einen Restaurantbesuch ohne die drei G nutzen und nicht die Zeit mit Demos verplempern. Warum wollen sie sich nicht impfen lassen? Ich bin froh, schlussendlich unversehrt wieder in meinem friedlichen Daheim angekommen zu sein.Verena Kubitz, KriensIn der Schweiz gilt kein Impfzwang, heisst es. Doch die politische Führung hat keine Bedenken, Geimpften Privilegien zu gewähren und damit das Volk in zwei Kategorien einzuteilen. Es wird eine Spaltung provoziert, die seelisches Leid in Beziehungen und Familien erzeugt.Massgebend ist nicht mehr, was gesundheitlich das Beste für das Individuum wäre, sondern welche Vorteile der Impfpass bringt. Wenn jemand Angst vor der Impfung hat – oder wenn sein Bauchgefühl «Nein» dazu sagt – ist das für den Betroffenen nur tragisch, denn er oder sie wird nicht ernst genommen und sofort als Verschwörungstheoretiker oder Impfgegner betitelt.Wer eine Blutgerinnungsstörung hat und sich deshalb nicht impfen lassen möchte – das wird nicht toleriert. Es fragt sich auch niemand, warum der D-Dimere-Wert und der Thrombozyten-Wert nach der Impfung bei gewissen Leuten nach der Impfung in die Höhe schiessen, gerade bei Menschen mit Blutgerinnungsstörung. Es steht sogar auf dem Beipackzettel, dass man bei diesen Erkrankungen besonders vorsichtig sein soll.Es zeichnet sich eine katastrophale Wende ab: Entmündigung, Manipulation und Übergriffe werden mit dem Argument der gesellschaftlichen Solidarität legitimiert und zur Norm erhoben. Ethisches Handeln setzt jedoch verantwortungsvolle Selbstbestimmung voraus, die auf uneingeschränkter Akzeptanz der anderen Person mit ihren Rechten und Grenzen beruht.Was momentan von unserer Gesellschaft gefordert wird, hat nichts mehr mit Demokratie, Selbstbestimmung oder Freiheit zu tun. Finden Sie es wirklich gut, was seit Längerem auf dieser Welt abläuft? Es spitzt sich immer mehr zu! Das Zertifikat ist der beste Beweis. Darüber nachzudenken ist ein erster Schritt zurück in die gesellschaftliche Normalität und demokratische Freiheit.Patricia Kempf, AltdorfWenn man liest, dass Portugal und Spanien uns beim Corona-Pieks immer weiter abhängen (Ausgabe vom 14. September) finde ich es beschämend. Während man in Portugal und Spanien das Impfen als Bürgerpflicht ansieht, wird in der Schweiz selbst die Impfpflicht als Impfzwang betrachtet. «Os meus melhores cumprimentos a povoação portuguesa!» «!Mis mejores felicitaciones a la población española.»Luciano Ortelli, HorwEine Jodlerchörli-Probe im Covid 19-Zertifikations-Zeitalter: Ab 20.15 Uhr Probe für alle bis 22.00 Uhr. Anschliessend Besuch im Restaurant, um den Durst zu stillen. Die eine Hälfte geht ins Restaurant – 3G-Personen – die andere Hälfte bleibt draussen, alles gesunde Personen. Um 23 Uhr ist Schluss, alle gehen nach Hause. Man fragt sich, ist das noch normal? Mir kommt das Einstein-Zitat in den Sinn: «Zwei Dinge auf der Welt sind unendlich. Das Universum und die menschliche Dummheit. Aber beim Universum bin ich mir nicht so sicher.»Werner Gilli, GeuenseeTrotz hoher Fallzahlen und Panik im Bundesrat führt man zum Beispiel Grossanlässe wie den Luzerner Stadtlauf mit mindestens 5000 Leuten durch, alle selbstbewusst, da 3G. Sollten die Fallzahlen in Luzern in zwei Wochen ansteigen, sind dann die Ungeimpften schuld, obwohl sie gar nicht dort waren!? In den Schulen müssen nur die ungeimpften Kinder zum Test. Können also auch nur die Ungeimpften positiv sein? Wenn jemand die erste oder zweite Impfung schlecht verträgt und im Spital landet, wird er oder sie dann als «ungeimpft» registriert, weil der Impfprozess noch nicht abgeschlossen ist? Fazit: Die Ungeimpften können nur verlieren. Bald geht es gar nicht mehr um Corona, sondern um Machtgehabe und Kontrolle des Volkes; nicht nur in der Schweiz – global.Heidi Kundert-Süess, MeierskappelAls nicht geimpfte, aber Genesene, wird man neuerdings beschimpft und als Dummkopf hingestellt. Dies ist sehr bedenklich, ist man doch als Genesener mit mindestens so vielen Abwehrstoffen ausgestattet wie als Geimpfter. Es besteht aber keine Chance, das Zertifikat zu verlängern. Selbst dann nicht, wenn man mit einem Antikörper-Test belegen kann, dass man gleich oder doppelt so viele Abwehrstoffe im Körper hat.Dies ist unfair gegenüber allen, welche an Covid-19 erkrankt sind. Aber es kümmert sich keiner unserer «Volksvertreter» darum. Es gibt nur impfen oder wegsperren lassen! Die Bundesräte, viele Politiker und viele Medienschaffende und die Gesellschaft haben längst eine Offensive gestartet gegen Menschen, die sich aus Überzeugung nicht impfen lassen. Als gesundheitsbewusste Mitbürger bezahlen wir jährlich mehr Krankenkassenprämien, als wir Leistungen in Anspruch nehmen. Man wünscht uns aber den direkten Gang in die Hölle, falls wir ins Spital müssten in Folge einer Covid-19 Erkrankung. Übergewichtige, Alkoholiker und Raucher, welche nach wie vor viel Kapazität in den Spitälern brauchen, müssen aber am Leben gehalten werden! Wir haben es weit gebracht, wenn man gesunde, ungeimpfte Menschen zu Sündenböcken macht.Uns wird zum Beispiel verunmöglicht ins Fitnesscenter und Yoga zu gehen, bis wir krank werden! Dabei müsste es umgekehrt sein. Wer Angst hat und zu wenig für seine Gesundheit tut, soll zu Hause bleiben oder sich impfen lassen. Das Virus wird uns noch länger beschäftigen, das verhindert auch eine Impfung nicht. Mit Fallzahlen auf einem gewissen Niveau werden wir leben müssen. Wenn dann der Aufruf zur dritten oder vierten Impfung kommt, regt sich vielleicht Widerstand. Die Zertifikatspflicht ist Nötigung. Es gibt keine gesetzliche Grundlage dazu! Weiter schädigt diese Teile der Wirtschaft und stellt die Demokratie und Freiheit in Frage.Beat Knapp, Astrid Hermann, EbikonEva Kaufmann, Sarnen, fordert mich in einem Leserbrief auf, meine Patientendaten offenzulegen (Ausgabe vom 16. September). Hier sind sie. Meine Frau und ich haben eine Patientenverfügung unterzeichnet, verzichten auf lebensrettende Massnahmen und sind gegen Covid-19 geimpft.","Josef Schindelholz, Büren",['neutral']
"Im April 2021 stellte der Bundesrat die Normalisierungsphase in Aussicht, sobald alle Impfwilligen geimpft sind. Weil sich nur gerade 52,5 Prozent vom Impfappell verführen liessen, fährt er aktuell eine Strategie der Schubumkehr. Aus angeblicher Sorge um die Überlastung der Spitäler mit Covid-Patienten werden 47 Prozent der Bevölkerung ab dem 13. September gemäss dieser Zeitung «mangels besserer Alternative» vom sozialen Leben ausgegrenzt und in ihren Grundrechten eingeschränkt.Ginge es tatsächlich um die Spitalkapazitäten, würde sich doch als Erstes die Frage aufdrängen, warum die Betten auf den Intensivstationen in der Zeit vom 30. März 2020 von 1500 Betten auf aktuell etwas über 800 zurückgefahren wurden, bei gleichzeitigem Abbau von Pflegepersonal. Deutschland weist mit 28000 Intensivbetten für 83 Mio. Einwohner eine viel höhere Kapazität pro Einwohner aus. Wenn der oberste kantonale Gesundheitsvorsteher Lukas Engelberger an der Medienkonferenz hinausposaunt, die Impfung sei sicher und schütze vor schwerer Erkrankung, unterschlägt er damit die wesentliche Information, dass im vorauseilenden Impf-Vorzeigeland Israel die Mehrheit der Intensivbetten mit Geimpften gefüllt ist. Ein Trend, den es auch hier für die nahe Zukunft nicht auszuschliessen gilt. Eine Gesundheitspolitik, die während einer laufenden Pandemie eine massive Reduktion der Spitalbettenkapazität akzeptiert, verdient den Vorwurf des Totalversagens.Die sich stets an der Auslastung der Betten orientierten Covid-19-Massnahmen verursachten 2020 gemäss «NZZ» einen Wertschöpfungsverlust von 30 Mrd. Franken, für 2021 ein geschätzter Verlust von 15 Mrd. Franken. Die Ausgaben des Bundes beliefen sich gleichzeitig für 2020 auf 31 Mrd. Franken, für 2021 wird er geschätzt auf 25 Mrd. Franken. Der Handlungsbedarf liegt alternativlos auf der Hand: Ausbau der Intensivbetten, bessere Arbeitsbedingungen für das Personal sowie eine Strategie immunstärkender Massnahmen für alle.Heidi Joos, alt Parlamentarierin, LuzernJosef Schindelholz aus Büren fordert in seinem Leserbrief, dass Ungeimpfte im Falle einer Covid-19-Ansteckung mittels einer Patientenverfügung auf lebensrettende Massnahmen verzichten (Ausgabe vom 10. September). Wie wäre es, wenn er selber offenlegen würden, ob er eine Patientenverfügung hat? Eine solche ist für alle machbar und war es auch schon weit vor Covid-19.Genauso, wie der Pflegenotstand und die prekäre Auslastung der Intensivstationen seit Jahren eine Tatsache ist. Meine eigene Patientenverfügung habe ich seit längerer Zeit. Und, ja, trotzdem ist auch für mich das Thema Tod und Sterben nicht einfach auf die leichte Schulter zu nehmen. Ob nun geimpft oder ungeimpft, für jeden wird es einmal soweit sein, dass er diese Erde und den eigenen Körper verlassen muss. In dieser Zeit mache ich mir jedenfalls mehr Sorgen um die Menschlichkeit als um eine illusorische Unsterblichkeit meines Körpers.","Eva Kaufmann, Sarnen",['neutral']
"Josef Schindelholz, Büren, schreibt in seinem Leserbrief etwas, was ich in letzter Zeit immer wieder höre: dass Impfgegner in einer Patientenverfügung erklären sollen, sie würden bei einer Covid-Erkrankung auf lebensrettende Massnahmen im Spital verzichten. Das schockiert mich. Welche Ängste bringen Menschen dazu, solche Aussagen zu machen?Gratulation unserer Schweizer Regierung, die in anderthalb Jahren eine menschenverachtende Spaltung der Bevölkerung zustande gebracht hat. Um ein Virus zu bekämpfen?Gerne verzichte ich im Krankheitsfall auf einen Spitalaufenthalt, denn die Aussicht, isoliert und ohne meine Liebsten in einem Spitalbett zu liegen oder gar so zu sterben, allenfalls an einem Beatmungsgerät, ist das Unmenschlichste, das ich mir vorstellen kann.Es gibt zum Glück andere Möglichkeiten, eine Erkrankung zu überstehen oder sich von dieser Welt zu verabschieden.Und was den Druck, sich impfen zu lassen, angeht, hier ein Zitat des britischen Science Fiction-Autors Ian Watson: «Wenn du überredet, ermahnt, unter Druck gesetzt, belogen, durch Anreize gelockt, gezwungen, gemobbt, beschuldigt, bestraft und kriminalisiert werden musst ... Wenn all dies als notwendig erachtet wird, um deine Zustimmung zu erlangen – kannst du absolut sicher sein, dass das, was angepriesen wird, nicht zu deinem Besten ist».","Monique Schwab-Romanoff, Root",['negative']
"Auf breiter Front und mit medialem Support wird immer grösseren Druck auf jene ausgeübt, welche dieser Impfung nicht vertrauen. Seit Anbeginn wird das Volk mit Drohungen, Repressionen und Angstmacherei durch diese Pandemie «geführt». Dabei ist versäumt worden, die Leute im Gesundheitswesen mit mehr Personal zu stärken und zu verhindern, dass die bestehenden Fachkräfte den Bettel hinschmeissen. Der Bundesrat wusste von Anfang an, dass eine grosse Anzahl Menschen sich nicht impfen lassen möchte, hat aber nichts für diese unternommen!Warum? Auch die Ungeimpften gehören zu seinem Volk und haben das Anrecht darauf, dass ihre Gesinnung vertreten wird. Warum wurde nicht mehr in die Forschung und Förderung von Alternativen investiert? Solche sind vorhanden, es gab immer wieder positive Berichte über bestehende Medikamente, welche Wirkung zeigen beim Behandeln von Erkrankten. Wurden diese totgeschwiegen, um die Impfstrategie nicht zu gefährden?Warum fallen unsere Behörden immer wieder in alte, eigentlich überwunden geglaubte Muster zurück? Auch bei der Zwangsplatzierung von Waisenkindern, Verdingkindern, bei der Zwangssterilisation von Sinti und Roma, bei der administrativen Versorgung von psychisch Kranken hat man gemeint, man tue den Betroffenen und der Allgemeinheit etwas Gutes. Im Nachhinein fragt man sich, wie konnte man so handeln? Und warum hat niemand etwas unternommen? Nun will man zwar noch indirekt, aber doch durch lächerliche Anreize, kombiniert mit Androhen von weiteren Einschränkungen alle zum Impfen drängen. Der Bundesrat tut gut daran, sich mit den Bedenken der nicht Impfbereiten endlich ehrlich auseinanderzusetzen und diese ernst zu nehmen und nicht weiter von oben herab die Leute als dumm hinzustellen. Durch seine alternativlose Impfstrategie spaltet er die Bevölkerung und Familien. Das darf und muss nicht sein!Beat Barmettler, RootWie wäre es, wenn Impfgegner eine Patientenverfügung unterzeichnen würden, in der sie angeben, im Falle einer Covid-Ansteckung auf lebensrettende Massnahmen auf der Intensivstation zu verzichten? Das würde ihre Glaubwürdigkeit fördern und die Intensivstationen entlasten.Josef Schindelholz, BürenIch finde es unerhört, wie mit allen Mitteln versucht wird, die Meinung der Bevölkerung zu manipulieren. Es wird Angst gemacht, gedroht mit «wer nicht immun ist, wird früher oder später von der hochansteckenden Delta-Variante erwischt. Jede und jeder.» (Kommentar von Patrik Müller, Ausgabe vom 4. September). Was heute von den Medien geboten wird, ist ignorant, manipulativ, ja, unprofessionell. Ignorant, weil Argumente der Impfgegner konsequent ignoriert werden. Viele Fragen bleiben offen, etwa die Frage nach den möglichen Spätfolgen der Impfung. Und warum werden die Untersuchungen der Aletheia-Gruppe (über 1000 Gesundheitsfachpersonen, Ärztinnen und Ärzte und Pflegende) in den offiziellen Medien nicht veröffentlicht? Wie steht es mit der angeblich hohen Wirksamkeit der Impfstoffe von 90 Prozent, die laut Aletheia bei korrekter wissenschaftlicher Anwendung unter 1.5 Prozent liegt? Warum werden impfkritische Videos möglichst schnell gelöscht? Stimmen diese Informationen nicht, kann man kontern, eine Untersuchung in die Wege leiten und diese veröffentlichen. Oder traut man uns nicht mehr zu, dass wir uns selbst eine Meinung bilden können? Verunglimpfung, Absonderung und Brandmarkung jener, die sich nicht impfen lassen wollen, und Zensur durch die Medien erinnern an psychologische Kriegsführung. Um wieder etwas Frieden einkehren zu lassen, schlage ich vor, dass eine neutrale Kommission all die Informationen und Behauptungen beider Seiten seriös und neutral untersucht. Eine Kommission, die aus gleich vielen Impfbefürwortern und Impfgegnern gebildet wird, und zwar aus Wissenschaftern und der Ärzteschaft. Und dass diese Ergebnisse wahrheitsgemäss, ohne Zensur, veröffentlicht werden. Das würde wieder Vertrauen schaffen – und vielleicht würden sich dann einige, ohne gedrängt zu werden, impfen lassen – oder befürchten die Impfbefürworter vielleicht das Gegenteil?Verena Nufer, LuzernIch bin eine Frau, die ihren Bruder im Kantonsspital nicht mehr besuchen darf. Wegen einer schweren Hirnblutung ist er seit mehr als neun Wochen ans Bett gefesselt. Mit der Ausweitung der Covid-Zertifikatspflicht wird mir als gesunder, junger Mensch verboten, ihn in der Rehaklinik zu besuchen. Meine persönliche Freiheit wurde durch das Covid-Zertifikat bereits eingeschränkt, doch ich habe es akzeptiert und auf vieles verzichtet. Doch einer gesunden Frau den Besuch bei ihrem Bruder zu verweigern, ist ein gravierender Eingriff in die gesellschaftlichen und privaten Rechte eines Menschen. Das hat nichts in unserem freiheitsliebenden Land verloren. Mein Bruder hat auf einen Schlag alles verloren und kämpft jeden Tag um sein altes Leben. Dabei braucht er Unterstützung, die ich ihm nun nicht mehr geben kann.Jalina Rubli, EbikonWir kennen es alle zur Genüge: 3G: «geimpft, genesen, getestet». Doch verhält es sich tatsächlich? Wenn jemand zertifikatspflichtig mehr als drei Tage unterwegs ist, braucht er danach erneut einen (fragwürdigen) PCR-Test. Sobald diese Tests kostenpflichtig sind, werden die statistisch erfassten Testungen und damit auch die Infektionen allerdings rasch zurückgehen. Dieses «G» wird dann ziemlich bedeutungslos.Die Genesung zählt nach Behördenvorgabe sechs Monate. Wenn man bedenkt, dass die meisten Krankheiten in den Monaten November und Dezember des letzten Jahres auftraten, und dass das Zertifikat im Juni dieses Jahres eingeführt wurde, fallen viele Personen nicht mehr unter diese Vorgabe. Auch diese «G» wird ziemlich bedeutungslos. Bleibt also noch die Impfung.Täglich wird in allen Medien und von den Behördenvertretern beteuert, dass kein Impfzwang bestehe. Das letzte «G» ist somit die klare Vorgabe: Impfen bitte, aber subito!","Werner Rinderknecht, Luzern",['neutral']
"Die Ansicht von Frau Rinderknecht teile ich (74) vollkommen. Auch ich habe meine Patientenverfügung in diesem Sinne formuliert, dass ich medizinisch nicht alles ausreizen möchte, was möglich ist. Mich fröhlich und dankbar verabschieden kann ich vor allem im Wissen, dass mit diesem Leben nicht alles vorbei ist. Mich erwartet ein ewiges Leben im Himmel! Wir beten doch: «Dein Wille geschehe.» Auch auf dem letzten Weg, mit tiefem Gottvertrauen, darf ich leichten Herzens abtreten und auf den hoffen, der einen guten Weg mit mir geht.Margrit Gubser, EmmenbrückeFrau Rinderknecht ist nicht alleine! Ich bin überzeugt, es gibt Tausende von Rentnern, die denken wie sie. Dankbar sein für das gelebte Leben und bereit sein, abzutreten, wenn es das Schicksal will, sich nicht krampfhaft ans Leben klammern. Bestimmt erhält die Autorin zahlreiche Rückmeldungen von Senioren, die ticken wie sie, denen aber der Mut fehlt, sich zum Rückzug zu bekennen und vor allem selbst zu entscheiden. Warum lassen wir uns so viele unnötigen Behandlungen aufschwatzen und haben nicht etwas mehr Mut wie Frau Rinderknecht? Ihr höchst anregender Artikel hat mich jedenfalls in meiner Meinung bestärkt, mehr Verantwortung zu übernehmen und das Leben frei von Angst und voller Zuversicht anzupacken.Pia Ulrich, Küssnacht am RigiDie Gelassenheit, die Frau Rinderknecht mit Blick auf ihren letzten Lebensabschnitt zeigt, hat mich berührt, und ich teile sie grundsätzlich. Machen wir doch unsere Patientenverfügung und verzichten wir auf unnötige Therapien oder Lebensverlängerungsmassnahmen zu jedem Preis.Die Sicht auf das «Platz machen» gefällt mir hingegen gar nicht. Ich denke, auf unserer Welt hat es für alle Generationen genug Platz. Jede Generation, ob alt oder jung, trägt zum unendlich vielfältigen Leben bei. Wenn wir «Alten» das Leben geniessen und massvoll konsumieren, was uns die Werktätigen anbieten, so schaffen oder erhalten wir damit Arbeitsplätze. Zum heutigen Wohlstand haben wir unseren Beitrag geleistet.Auf unseren Ausflügen oder Ferienfahrten bieten uns die arbeitenden Menschen ihre Dienstleistungen und Produkte an. Das schafft Arbeit, das schafft Einkommen, das schafft Wohlstand. Wir sind noch ein erheblicher Wirtschaftsfaktor. Auch wenn wir das Gesundheitswesen beanspruchen, schaffen wir Wohlstand beim medizinischen Personal, den Ärzten und der Pharmaindustrie.Auch müssen wir kein schlechtes Gewissen haben, wenn wir mal ein Spitalbett belegen, auch in der Intensivstation nicht. Sind es doch oft auch Junge, die durch ihre waghalsigen sportlichen Aktivitäten oft auf einer solchen Station landen.Zudem gibt es viele junge Menschen, die sehr traurig sind, wenn sie zu früh von ihren Grosseltern Abschied nehmen müssen. Oft konnten diese ihnen aus einer anderen Zeit etwas geben, was sie bei ihren berufstätigen, gestressten Eltern vermissten. In diesem Sinne: Geniessen wir ohne schlechtes Gewissen die Zeit, die uns bleibt.Joe Laupper, (75), SempachHatten wir es gut? Ich bin, wie viele andere, aufgewachsen in einem alten Haus ohne Heizung und fliessendes, warmes Wasser, eine Stunde Schulweg bei jedem Wetter und Dunkelheit. Es gab weder einen Schulbus noch ÖV. Am Mittag wurden wir im Schulhaus verpflegt. Es gab abwechslungsweise eine Woche Milch und Brot, die nächste Woche Suppe und Brot.Nicht alle aus unserer Klasse durften einen Beruf erlernen. Ihre Arbeitskraft war zu Hause gefragt, oder sie mussten Geld verdienen, um wenigstens für sich selber zu sorgen. Ob sie heute die exotischen Früchte mit dem Sportwagen nach Hause bringen? Aber lassen wir es gut sein, verfassen wir eine Patientenverfügung, beschreiben wir ganz genau, was wir nicht mehr möchten. Der Verzicht auf Spitzenmedizin bewahrt uns aber nicht vor Pflegebedürftigkeit. Was dann? Eine elegante Lösung wäre Exit. Nur: Im Moment ist coronabedingt nicht nur das Pflegepersonal am Limit, auch die Krematorien sollen voll ausgelastet sein.Rosmarie Lindegger, LuzernMit grossem Interesse habe ich die Ausführungen von Gabriela Rinderknecht gelesen. Auch ich stosse immer wieder auf solche Hinterfragungen. Obwohl ich erst 68 Jahre alt bin, stelle ich mir seit Jahren die Frage, wohin das führt. Medizin: Fluch oder Segen? Es sind schon zwei alte Familienmitglieder in meinen Armen gestorben. Entschuldigen Sie bitte mein Fazit: Es waren gute und schöne Erfahrungen für mich, auch nach Jahren.Einen Tierschutzverein gibt es. Gibt es auch einen Menschenschutzverein? Was ist ein menschenwürdiges Leben? Was passiert mit alten Leuten in den Alters- und Pflegeheimen? Wie viele Tabletten werden ihnen verabreicht? Wollen sie um alles in der Welt weiterleben und mit einer Coronaimpfung unbedingt 100 Jahre alt werden? Sollte man nicht die jüngere Generation impfen? Diese haben doch noch eine Aufgabe zu erfüllen. Haben wir nicht auch ein Recht, selbst zu bestimmen, «wann es gut ist», uns zu verabschieden? Dass Schmerzmittel eingesetzt werden, ist okay. Daher rate ich allen zu einer Patientenverfügung, bevor eine Heimeinweisung erfolgt. Ich bin überzeugt, damit täten sie sich und ihren Angehörigen (daneben stehen und nicht helfen können, ist keine Alternative) einen guten Dienst. Angst vor dem Tod habe ich nicht. Ich habe zu viel erlebt, geniesse aber gerne noch ein paar Jährchen auf dieser wunderschönen Erde! Allen ein normales, «gesundes» 2021!Margrit Wiederkehr, RickenbachDer Artikel von Gabriela Rinderknecht ist der beste seit langer Zeit.","Fritz Schmuckli, Ebikon",['neutral']
"Prominente Politiker, so auch Albert Rösti, Franz Ruppen, Hans Wicki und viele andere, haben sich in den letzten Wochen politisch und menschlich sehr merkwürdig verhalten. So merkwürdig, dass neutrale Beobachter zur Ansicht kommen mussten, diese Politiker seien überzeugt, dass es für ihr politisches Handeln keine Rolle spiele, ob sie selber über die drei Eigenschaften Intelligenz, Mitmenschlichkeit und Wahrhaftigkeit verfügten.Sie haben sich als negative Vorbilder aufgespielt und den behördlichen Weisungen getrotzt im Stil von: «Ich lasse mir doch nicht vorschreiben, wie viele Gäste ich zu mir nach Hause einlade!» So sagte es ein SVP-Politiker sinngemäss in der Arena. Falls solche Politiker sich weiter auf die gleiche Art verhalten, wird es für Demokratie und Mitbürger gefährlich. Wissen oder spüren denn diese Leute nicht, dass in einer Coronapandemie unter den mathematischen Regeln der epidemiologischen Statistik ein R-Wert von 1,0 besagt, dass jeder von ihnen, falls er coronapositiv ist, einen Menschen anstecken und (gegenwärtig) etwa jedem hundertsten zum Tode mitverhelfen wird, auch wenn er diese Personen nicht kennt? Und dies unabhängig davon, wie jeder Einzelne angesteckt worden ist.Ist es nicht an der Zeit, dass diese «prominenten» Politiker bescheidener und selbstkritischer werden und beginnen, kreativere, wahrhaftigere und den Nächsten schützende Überlegungen anzustellen?Andreas Burri, Dr.med., Systemtherapeut, AdligenswilIch dachte, ich höre nicht recht, als ich vernahm, dass die Gesundheitsdiktatoren in Bern uns also tatsächlich das Singen verbieten wollen. Wissen Sie, warum sie das tun? Wenn ein Mensch singt, ist es dem Gehirn nicht möglich, Angst zu produzieren. Während des Gesangs ist dieser Bereich blockiert. Gerade die Angst soll ja unbedingt erhalten werden. Und sie werden es nicht dabei bleiben lassen. Unsere unterwürfige Haltung durch das Maskentragen reicht ihnen nicht. Jegliche Individualität soll unterbunden werden. Bald wird man uns wohl das Lachen verbieten, wenn es uns nicht von alleine vergeht. Und wenn dies noch nicht reicht, um sämtliche Grippeviren zu verscheuchen, wird man uns das Atmen verbieten wollen. Damit werden sie die Pandemie definitiv überwinden.Ich danke allen Mitmenschen, die Menschlichkeit zeigen und wagen, sich in dieser angstbesessenen Zeit kritisch zu äussern, den mutigen Ärzten, die sich noch für ihre Patienten einsetzen und Menschlichkeit über blinden Gehorsam stellen; den Juristen, denen die staatlich garantierten Grundrechte und die Würde des Menschen wichtig sind, und die nicht einfach vor der Knute des Diktators kuschen. Ich bin sicher, dass es auch vielen Politikern nicht mehr wohl ist bei der Sache, und dass sie sich auch allmählich Fragen stellen.Urs Thali, GöschenenDa sind die Zeitungen und die elektronischen Medien seit bald einem Jahr gefüllt mit Themen zur Coronapandemie. Die Pros und Kontras zum Thema in oft unqualifizierten Kommentaren, nimmermüde, anderen aus erhabenem Standpunkt Noten zu verteilen, sind zahllos. Und was erlaubt sich diese Zeitung? Zum Bericht «Originale feiern in der Hofkirche» (Ausgabe vom 15. Dezember) zeigt sie ein grosses Foto, auf dem einem Besucher ein Präsent überreicht wird. Beide Personen im Bild stehen da ohne Maske und ohne den geforderten Abstand zwischen den Beteiligten. Es ist wohl viel leichter, bei andern zu moralisieren, als selbst mit redaktioneller Sorgfalt zu arbeiten.Beat Müller, LuzernSchwerwiegende Entscheidungen werden notwendig, wenn alle Plätze der Intensivstationen regional und darüber hinaus besetzt sind – sei es durch Covid-19- oder andere schwerkranke Patienten. Für die Entscheidungsträger stellt sich die wichtige Frage: Wer hat die beste Chance zu überleben? Bereits zu Beginn der Pandemie wurden von der Schweizerischen Akademie der Medizinischen Wissenschaften in Zusammenarbeit mit der Gesellschaft für Intensivmedizin gute Entscheidungsgrundlagen erarbeitet und laufend der aktuellen Situation angepasst. So werden für die sogenannte Triage gesamtschweizerisch vergleichbare Kriterien angewendet. Es wird hervorgehoben, wie wichtig es für die Spitäler ist, in diesen Situationen den Willen einer Patientin oder eines Patienten zu kennen. Im Fall, dass man nicht mehr selbst entscheiden kann, kommt einer Patientenverfügung eine hohe Bedeutung zu: Will ich eine Behandlung in einer Intensivstation? Gibt es für mich Grenzen der Behandlung (Beatmung, Wiederbelebung, künstliche Niere)? Jetzt ist der richtige Zeitpunkt eine Patientenverfügung zu erstellen oder eine vorhandene zu überdenken. Die Beratung durch die Hausärztin oder eine Fachperson kann dabei helfen.","Gregor Schubiger, Prof. Dr. med., Ebikon",['negative']
"Wie zynisch der Kommentar von Stefan Schmid, Chefredaktor des St. Galler Tagblatts! Sein Vorschlag liegt zwischen Frechheit und Irrtum. Wie viel soll er denn kosten, der Solidaritätsbeitrag der Alten? Gerade so viel, dass sie keine Ergänzungsleistungen beanspruchen müssen? Ich vermute, Herr Schmid hat keine Ahnung, wovon viele ältere Menschen leben. Es sei ihm freigestellt, dereinst seine volle Altersrente für die Corona-Finanzlücke freizustellen.Auch wäre es gut, wenn er zeitgleich eine Patientenverfügung unterschreiben würde, damit er die Gesellschaft im Falle eines Falles nicht mit seiner Vulnerabilität belasten würde. Ist das die Vorsorge, die Herr Schmid meint?Jeannette Lehmann, LuzernMit grossem Staunen stelle ich fest, wie sich Rentner und Senioren mit viel Polemik gegen eine mögliche Solidaritätsabgabe empören. Und leider fällt kein Wort des Lobes über unsere nachkommenden Generationen, die jetzt für uns da sind. Sie übernehmen Haus-Lieferdienste, Spitex- und Tixi-Fahrten, Rettungsdienste, Feuerwehr und Militär und versorgen Nachbarn. Wohl verstanden mit dem Risiko, selbst angesteckt zu werden.Mich hat besonders der Artikel «Von der Restaurantküche raus aufs Lauchfeld» (Ausgabe vom 8. April) berührt. Laut Bericht wurde Laura Arcuri, Betriebsleiterin und Köchin (32) wegen der Krise von einem Tag auf den anderen arbeitslos, ihr Restaurant wurde geschlossen. Was machte Laura Arcuri? Sie meldete sich – schwups – bei einem Gemüsebauern und hilft nun bei der Gemüseernte. Sie sagt: «Ich bin mir dafür nicht zu schade!» Für mich lobenswert! Bravo und Danke, Frau Arcuri und alle weiteren, die sich bei Solidaritäts-Einsätzen engagieren. Auch ich gehöre zur Generation Ü70, und ich erinnere mich gut, wie karg meine Jugendzeit war. Ich ermöglichte mir in Eigeninitiative eine Ausbildung. Ich meine: Die Arbeitswelt meinte es gut mit unserer Generation. Ich fand jederzeit Arbeit, konnte jederzeit meine Stelle wechseln, wurde beim Arbeitgeber stets mit offenen Armen angenommen, kenne keine x-maligen Bewerbungsschreiben und Absagen, keine Wirtschafts- und Finanzkrisen. Es ging stets aufwärts, es boomte, man konnte sich alles leisten. Den meisten unserer Generation ging es gut, ja sogar sehr gut. Und was haben wir dafür getan? Klar es wurde gearbeitet, aber wir hatten auch Glück, viel Glück! So gute Zeiten wird es nach der Krise kaum so schnell mehr geben.Ich schaue mit Sorge als auf die Zukunft unserer Kinder und Enkel. Sie werden sich wohl kaum eines solchen Alters-Wohlstandes erfreuen können wie wir. Sind nicht sie es, die unsere die AHV stützen, ohne Sicherheit, wie es für sie weitergeht?Josy Flury, SinsSo. So. Die Senioren sollen finanziell helfen. Herr Schmid ist der Meinung, es sei opportun, die über 65-Jährigen mit einer Solidaritätsabgabe in die finanzpolitische Verantwortung nehmen zu müssen. Offensichtlich vergisst Herr Schmid, dass die AHV-Generation seit vielen Jahren ihren Beitrag an die Gesellschaft leistet und auch in Zukunft – zum Beispiel in Form von Steuern, Enkelkinder hüten oder Freiwilligkeitsarbeit – leisten wird.Diese Generation macht das mit einer grossen Selbstverständlichkeit und einer noch grösseren Solidarität gegenüber alt und jung. Es ist dieser Generation jedoch nie in den Sinn gekommen, ihre Eltern und Grosseltern so zu denunzieren, wie das in letzter Zeit leider immer öfter zu beobachten ist, und wie das Herr Schmid in seiner Meinung kundtut.Im Gegenteil: Die heutige AHV-Generation hatte immer eine grosse Achtung und Wertschätzung ihren Eltern und Grosseltern gegenüber. Und sie hat für die heutige junge Generation auf vieles verzichtet, um ihnen eine weniger entbehrungsreiche Jugend als sie selbst hatten, zu ermöglichen.Zudem vergisst Herr Schmid, dass sein eigener finanzieller Beitrag an die Gesellschaft auf Grund seines Alters noch nicht sehr hoch ist. Und er vergisst, dass auch er älter wird. Schneller als er denkt, wird auch er AHV-Rentner sein. Von wem erwartet er wohl dann Solidarität?","Beatrice Zimmermann, Geuensee",['neutral']
"Da ich auch zur Risikogruppe betreffend Coronavirus gehöre, ist mir schon mehrmals aufgefallen, dass ich als Risiko beurteilt werde und nicht die jüngeren Leute gegenüber mir! Meistens bin ich nur kurz in einem Lebensmittelgeschäft und jüngst wurde ich darauf hingewiesen, nichts zu berühren.Nachdem wir bereits altersmässig benachteiligt sind, werden wir unkorrekt behandelt, denn falls ich wegen Atemnot oder so in ein Spital müsste, würde ich einem Jüngeren ein Bett «wegnehmen» und das soll verständlicherweise vermieden werden. Es wäre zu begrüssen, wenn die Verantwortlichen in diesem Sinn Klartext vermitteln könnten.Wenn ich erlebe, wie in dieser weltweiten Krise die Menschen zusammenrücken, bereit sind, einander zu helfen und auf vieles zu verzichten, wird mir ganz warm ums Herz. Insbesondere die ausserordentlich grosse Rücksichtnahme auf uns alte Menschen ist erstaunlich und bestimmt auch sehr lobenswert. Doch je länger ich darüber nachdenke, desto mehr frage ich mich, ist sie letztlich auch sinnvoll?Die Wirtschaft ist völlig zusammengebrochen; die Quintessenz wird sein, dass unzählige Firmen in Konkurs gehen und es folglich Tausende von Arbeitslosen geben wird, ganz abgesehen davon, dass unsere sozialen Einrichtungen wie AHV, Krankenkassen, Altersrenten, Arbeitslosenkasse etc. restlos überfordert sein werden. Schon seit langem ist die Überalterung unserer Gesellschaft eines der grössten Probleme unserer Zeit. Persönlich habe ich mich schon vor Jahren per Patientenverfügung entschlossen, in einem Ernstfall auf jede lebensverlängernde Massnahme zu verzichten. Gut zu wissen, sollte ich tatsächlich an dieser Virusinfektion erkranken, muss ich nicht den qualvollen Erstickungstod erleiden, sondern darf ein vom Hausarzt verschriebenes Sedativum in Anspruch nehmen. In meinen Augen aber ist es in einer solch extremer globaler Notsituation mehr als nur angebracht, ja sogar notwendig, dass in erster Linie den jüngeren, noch erwerbstätigen Generationen jede mögliche Überlebenshilfe geboten wird.Der Bundesrat und auch Daniel Koch, der seine Aufgaben im grossen und ganzen sehr gut macht, sagt uns im Bezug auf die Schutzmasken nicht ganz die Wahrheit. Schauen wir nur mal nach China, wo jede Person eine Schutzmaske trägt. Die würden es ja auch nicht machen, wenn es nichts bringen würde!Wenn wir genügend Schutzmasken haben, bin ich der Meinung, dass alle obligatorisch eine Schutzmaske tragen sollten, die ihr Haus verlassen. Für die gefährdete Altersgruppe über 65 ist ein Ausgehverbot zu verhängen. Dann könnten wir ab dem 20.April nämlich die Massnahme langsam lockern und die Geschäfte könnten mit einem Tropfen-Regelung- System ihre Geschäfte wieder öffnen, so wie es uns die Grossverteiler jetzt schon vormachen. Die Wirtschaft würde es uns später danken!Sehr geehrte Schweizer Bürger und Bürgerinnen. Ich bin Anfang 30 und bewundere den konsequenten Umgang der Schweiz in der Coronakrise. Und trotzdem trauen sich eure freien Medien über die vermeintlich bessere Desinfektion und die Hygienemassnahmen zu berichten. In Deutschland sind diverse Grossraumbüros geöffnet und jedes Bundesland kocht sein eigenes Süppchen. Sehr traurig, dass sich hier niemand dazu äussert. Ich erkläre meinen grössten Respekt gegenüber allen Schweizern. Ein Gruss aus Deutschland und Gesundheit für alle.Unsere Haustiere erfüllen in dieser unsicheren Zeit einen unschätzbaren Beitrag an unsere Gesundheit von Körper und Seele. Der Lohn dafür muss eine artgerechte Haltung unserer Mitbewohner sein. Solidarität und Toleranz gelten für alle Lebewesen. Die Zeit der Quarantäne ist für uns Menschen begrenzt. Wir machen eine neue Erfahrung, wie es sich anfühlt, eingesperrt zu sein. Alle warten auf das gewohnte freie Leben.Dankbar beanspruchen wir Hilfe von sehr vielen Menschen, auf welche zu Hause vielleicht ein Hund oder eine Katze wartet. Vergessen wir nicht die Bedürfnisse unserer Tiere, gönnen wir auch ihnen ab und an Freiheit, Auslauf oder ein Bad im See. Dazu braucht es auch Hundewiesen. Jeder sollte inzwischen begriffen haben, dass es nur miteinander funktionieren kann.Es ist vollbracht! Alle Parteien sind zufrieden: Die SVP ist glücklich, dass die Grenzen geschlossen sind. Die SP freut sich, dass 42 Milliarden und mehr ans Volk verteilt werden. Die Grünen feiern das Erreichen der Klimaziele vom Pariser Abkommen, 30 Jahre schneller als geplant. Die CVP begrüsst, dass die Familie wieder zusammen ist. Die FDP ist zufrieden, dass die Banken immerzu offen sind. Und das alles ohne Wahlen. Vive la Suisse! Das Wort Corona kann im christlichen Sinn so buchstabiert werden: C = redo, ich glaube. O = pfer bringen. R = eue, Umkehr. O = stern. N = ächstenliebe, Nachfolge. A = uferstehung.In der letzten Krise, der Banken- und Finanzkrise, haben wir von systemrelevanten Unternehmen gesprochen. Diese Unternehmen wurden – wie müsste man das heute sagen? – von systemzerstörenden Verantwortlichen geführt. Ein Lohnvergleich mit den heute systemrelevanten Berufen wie Pflegefachleuten, Ärzten und Verkäufern ist praktisch unmöglich, zu gross ist die Schere zwischen den Einkommen. Es wäre schön, wir würden für die Zukunft Lehren aus den verschiedenen Krisen ziehen. Wer ist wirklich wichtig für uns – und denkt nicht nur an sich selbst und sein eigenes Einkommen.",,['neutral']
"Die Resultate bei der Umfrage an der Klimademo 2019 in Bern überraschen nicht. Die Stimmung ist grossartig, ausgelassen alle sind motiviert, gleich gesinnt und haben ein Ziel vor Augen. Nun zur Umfrage. Bei den jüngeren Klimademonstranten müsste noch die Zusatzfrage gestellt werden: «Wie es wäre, wenn die Eltern ihre Arbeit verlieren würden wegen des Klimaschutzes?» Dann wäre das süsse Leben in der Schweiz weit weniger schön. Oder: «Wer unterhält die durch diese Massnahmen entstandenen arbeitslosen Männer wie Frauen?» Bei den älteren Personen müsste die Frage anders lauten: «Sind Sie bereit, von Ihrer Rente und Pension einen grossen Anteil an Ihre Kinder und Enkelkindern abzugeben, falls diese keine Jobs mehr finden werden?» Waren die befragten Personen vermögend, sodass sie über die Runden kommen? Zu realitätsfremd wirken für mich diese befragten Personen. Was den jährlichen CO2-Ausstoss der Schweiz betrifft, ist das global gesehen ein Tropfen auf einem heissen Stein. Leider!Bruno Wagner, LuzernWorauf wollen diese Radikalprotestler denn verzichten? Auf ein warmes Bett und Heim, gutes Essen? Auf Bildung verzichten sie ja bereits! Greta Thunberg kam leider Jahrzehnte zu spät, die falsch gewachsenen Strukturen in Wirtschaft und Gesellschaft sind nicht einfach zu ändern. Hauptproblem ist und bleibt das Wachstum auf allen Gebieten! Wachstumsturbos werden es ewig bestreiten, es ist trotzdem so! Alle natürlichen Regulierungen werden ausgehebelt. Manche unfruchtbaren oder homosexuellen Paare setzen Himmel und Hölle in Bewegung, um Kinder zu kriegen! Viele Afrikaner und manche Asiaten zeugen massenhaft Kinder, die sie nicht ernähren können! Dazu kommt noch der Transplantationswahnsinn! Die Krankenkassenprämien lassen grüssen! Streiken und protestieren nützt leider gar nichts, es braucht vernünftige Taten!","Simon Wyss, Luzern",['neutral']
"Als katholischer Priester drängt sich mir anlässlich der Klimadebatte folgende Frage auf: Ob die christlich-abendländische Kultur und ihre Werte für das Klima nicht besser gewesen sind?Wenn seit zirka 50 Jahren tatsächlich die Menschen für die Klimaerwärmung Schuld sind, sollte es auch einmal erlaubt sein, den Wertewandel dieser Zeit zu hinterfragen.Kann es sein, dass Abtreibungen, die Herstellung von Verhütungs- und Abtreibungspillen, das Aussuchen des eigenen Wunschkindes im Reagenzglas der Umwelt schaden?Kann es sein, dass die neue Genderideologie, das Ausleben der freien Liebe, die Ehescheidungen, die Schönheitsoperationen und die Organtransplantationen mit all den dazugehörigen Medikamenten dem Klima schaden?Kann es sein, dass die Leichenverbrennungen, die Sterbehilfe, die Selbstbestimmung über Leben und Tod nicht CO2-neutral sind? Kann es sein, dass eine Gesellschaft ohne Glauben an Gott der Umwelt schadet?Kann es sein, dass man heute die katholische und christliche Kultur und ihre Werte voreilig verurteilt, aber vergisst, dass zu jener Zeit, als man nach diesen Werten zu leben versuchte, das Klima in Ordnung war?Als katholischer Priester sind mir deswegen jene Parteien und National- und Ständeratskandidaten, welche sich zwar für die Umwelt einsetzen, aber die christlich-abendländische Kultur mit ihren Werten ablehnen, nicht wirklich glaubwürdig.",,['neutral']