"Es ist schon etwas fragwürdig, dass Parteipräsident und Nationalrat Pfister vor sieben Monaten mit seiner Mitte-Partei genau die Klausel im neuen Waffenexportgesetz verhinderte, nach der er nun lauthals verlangt. Bundesrat Parmelin sagte damals im Parlament, wie wenn er in die Glaskugel geschaut hätte: «Die tatsächliche Frage, die sich stellt, ist, wie man auf eine Veränderung der internationalen Sicherheitslage angemessen und rasch reagieren will, wenn diese Ausnahmeregelung gestrichen wird.»Mitte-Links hat also aus Misstrauen gegenüber dem Bundesrat die Option abgeschossen, welche Pfister nun vehement fordert. Und wenn sich der Bundesrat auf ebendieses dank der Mitte verschärfte Waffenexportgesetz beruft, wirft er ihm per Twitter «unterlassene Hilfe» vor.Ziemlich despektierlich ist seine Aussage im SRF nach der Delegiertenversammlung der Mitte: «Wer sich diesbezüglich (Waffenexport) keine Gedanken macht, hat als Parteipräsident seinen Beruf verfehlt.»Jeder kann über Neutralität und Waffenexporte denken, wie er will. Aber den Ruf der Mitte als Fahne im Wind hat Nationalrat Pfister damit wieder einmal bestätigt.","Emil Schweizer, Kantonsrat SVP, Neuheim",['neutral']
"Durch die von Wladimir Putin veranlasste kriegerische Invasion der Ukraine durch russische Streitkräfte sind wir aufgerüttelt. Angst breitet sich aus, weil wir so etwas in Europa nicht mehr für möglich gehalten haben. Afghanistan, Irak und Syrien, wo in den letzten 20 Jahren ähnliche Menschenrechtsverletzungen und Kriegsverbrechen begangen wurden, waren für uns weit weg. Wir müssen nicht falsche Schlüsse ziehen und meinen, Aufrüstung sei jetzt das Mittel der Wahl, um auf diese wahnsinnigen und unbegreiflichen kriegerischen Auseinandersetzungen zu reagieren.Im Gegenteil: Will ich, dass mein Land zerstört und meine Liebsten, meine Freunde, meine Kinder ermordet werden durch einen übermächtigen Gegner? Will ich dieselben Mittel anwenden und mich tapfer dem Gegner entgegenstellen? Die Zeiten von Winkelried sind endgültig vorbei. Die Schweiz könnte ein Vorzeigeland sein durch ihre gelebte Neutralitätspolitik. Es wäre die Gelegenheit, die Produktion von Kriegsmaterial zu verbieten. Damit würde auch kein Kriegsmaterial mehr exportiert, und wir könnten in der Schweiz auf eine Armee verzichten. Warum sollen wir diesen kriegerischen Wahnsinn mitmachen?Die eingesparten Milliarden wären für humanitäre Zwecke zu investieren und im Kampf gegen Hunger und Armut auf dieser Welt einzusetzen.Jürg Kälin, LuzernFrieden wollen wir alle. Nur muss zur Kenntnis genommen werden, dass zwischen Wunschdenken und Realität immer ein markanter Unterschied besteht. Und genau diesen Unterschied zu bewältigen, ist die grosse Herausforderung der Politik. Mit dieser Herausforderung scheint der Westen überfordert gewesen zu sein. Ob es an der fehlenden psychologischen Anerkennung für Putin oder – unter dem Druck von Illusionisten – am fehlenden Mut für Zugeständnisse gelegen hat? Oder ob das blinde Vertrauen in die Begriffe von Völker- und Menschenrecht den Ausschlag gegeben hat? Das werden Analysen nach den Geschehnissen zeigen müssen. Dass nach Putin ein Nachfolger mit Friedenstauben aus der Asche steigt, dürfte Wunschdenken bleiben. Wie weit es dem Westen nach Kriegsende gelingen wird, das verlorene Vertrauen der Ukraine zu kompensieren, wird sich erst noch weisen müssen. So oder so sind wir in der Pflicht, die Not nach all unseren Kräften lindern zu helfen. Der Glaube an den ewigen Frieden hat leider, bei allzu harter Landung, Schiffbruch erlitten.Alois Zurfluh, MosnangDieser Krieg ist Schauplatz der Summe fast aller Verbrechen, die eine zivilisierte Gesellschaft mit Strafe bedroht. Weshalb sollte es also bei den Sanktionen noch Tabus geben? Die Jachten der Oligarchen und deren Luxusdomizile müssen endgültig konfisziert und verwertet werden. Mit den Erträgen aus ihnen und den blockierten russischen Bankguthaben ist die Ukraine zu entschädigen. Das Geld soll für die Abwehrbewaffnung und die materiellen sowie menschlichen Verluste eingesetzt werden. So entsteht eine Kausalität, die die Aggressoren schmerzt: Je länger und zerstörerischer der Krieg ist, desto mehr schwinden die russischen Auslandsvermögen. Diese Manifestation von Ursache und Wirkung könnte einen Umdenkprozess einleiten. Selbst politische Immunitäten und diplomatische Status dürfen nicht länger sakrosankt sein. Die ganze Entourage von Staatschef Wladimir Putin und deren Unterstützer gehören auf die Liste internationaler Kriegsverbrecher. Eine Neuauflage der Nürnberger Prozesse würde es nicht geben, da sich die Täter in Russland verstecken können. Zugang zum grössten und schönsten Teil der restlichen Welt wäre ihnen hingegen verwehrt.Künftige Generationen werden uns daran messen, wie wir auf diesen Krieg reagiert haben. Noch sind die Sanktionsmöglichkeiten der westlichen Welt nicht ausgeschöpft. Das Zusammenrücken der Verbündeten – auch innerhalb der Nato – ist auf alle Fälle bemerkenswert und lässt weiter auf einen baldigen Frieden hoffen.Rudolf Frauchiger, EmmenbrückeIch schlief mit dem Gedanken ein, den die Nato, Amerika und die ganze Welt uns allen klar gemacht haben: Aus Angst vor einem erneuten Weltkrieg können sie mit atomaren Waffen nicht in den Krieg eingreifen und den Ukrainern nicht zu Hilfe eilen. Plötzlich erschrak ich, denn eine helle Gestalt, undefinierbar, ohne fassbare Konturen, schüttelte mich und rüttelte mein schlechtes Gewissen auf: «Ihr friedlichen Menschen habt keine Ideen, ihr lasst euch nur manipulieren und schaut zu, wie die Menschen in der Ukraine dahingerafft werden», sagte sie. Mörderische Bilder ziehen an meinen Augen vorbei, ich schreie vor Angst und Wut, nichts tun zu können.«Was, nichts tun können?!», sagt die Gestalt. «Sicher, die Gespräche der Staatschefs sind gut gemeint, aber nutzlos. Steht auf, ihre freien Westler, kleidet euch in Weiss als Zeichen des Friedens und schreitet ohne Waffen in langen Kolonnen hinter der jeweiligen Staatsstandarte langsam, gleich einer Prozession, mit Erlaubnis der ukrainischen Präsidenten, in die Ukraine ein!» Und dann sah ich eine unendlich lange Kolonne weiss gekleideter Menschen aus dem Westen, die auf die ukrainischen Städte zugingen. Sie gingen einfach, zitternd vor Angst umzingelten die Städte.Dann realisierte ich, wie sich die jungen, russischen Soldaten nicht mehr getrauten, auf wehrlose Menschen zu schiessen, ja, sich sogar mit den weiss gekleideten Menschen solidarisierten. Und wie die orthodoxe Kirche sich endlich für den Frieden einsetzte und die Exkommunikationen gegen einzelne Rädelsführer des Konflikts aussprach. Glücklich, aber pudelnass erwachte ich aus dem Traum.Diese Gedanken aber konnte ich nicht mehr loswerden. Was wäre, wenn der französische Präsident Emmanuel Macron Wladimir Putin mit einer solchen Prozession drohen würde? Würden wir so viele Menschen zusammenbringen? Könnte ein Mensch so brutal sein und auf diese wehrlosen Menschen schiessen lassen? Würden dann unsere Kirchen endlich klar Stellung beziehen? Dies wäre dann eine friedliche Invasion zur Befreiung eines Volkes.","Eduard Infanger, Schenkon",['neutral']
"Der Konzern-Lobby ist jedes Mittel recht, um der Stimmbevölkerung einzutrichtern, dass bei Annahme der Initiative alle KMU in der Schweiz betroffen wären. Erstens haben die anständig wirtschaftenden KMU nichts zu befürchten, und zweitens sind die meisten Unternehmen von der Initiative explizit ausgenommen. Lediglich Unternehmen, die einer Hochrisikotätigkeit nachgehen wie Handel mit Gold, Diamanten oder Tropenholz sind von der Initiative betroffen. Im Bereich des Qualitätsmanagements überwachen Unternehmen bereits heute die Lieferkette. Diese müssten noch um die Themen Menschenrechte und Umwelt ergänzt werden. Verantwortungsvolle Unternehmen tun dies bereits heute. Weiter würde die Haftung nur Tochterfirmen oder wirtschaftlich kontrollierte Zulieferer betreffen.Die Schweiz wird auch nicht zum Weltpolizisten, wie von der Gegnerschaft propagiert. Die Initiative ermöglicht den Geschädigten nur, am Sitz der Konzerne zu klagen. Dies ist beispielsweise bereits in Frankreich, Grossbritannien, den Niederlanden oder Kanada möglich. Wie würden Sie reagieren, wenn eine ausländische Firma ihr Trinkwasser, den Boden oder die Atemluft vergiftet? Oder noch schlimmer, wenn Sie aus ihrem eigenen Dorf vertrieben werden? In einer solchen Situation möchte ich klagen und die Verantwortlichen zur Rechenschaft ziehen können.Leider haben viele Millionen Menschen diese Möglichkeit nicht. Nach dem Motto der goldenen Regel in der praktischen Ethik: «Behandle andere so, wie du von ihnen behandelt werden willst.» Deshalb stimme ich Ja zur Konzernverantwortungsinitiative.Fabio Iten, Kantonsrat CVP, UnterägeriDie Abstimmung über die Konzernverantwortungsinitiative war von beiden Seiten heiss umkämpft. In den letzten Wochen dominierten jedoch weniger Argumente, sondern haltlose Unterstellungen der Gegnerseite. Selbst Grosskonzerne wie Glencore oder LafargeHolcim konnten nicht überzeugend darlegen, wie eine Annahme konkret für sie schädlich wäre, da sie laut eigenen Angaben bereits Sorgfaltsprüfungen durchführen.Die Initiative scheint also gut umsetzbar zu sein und das Risiko einer Klagenflut ist vernachlässigbar. So könnten Geschädigte in der Schweiz klagen, doch ist dies mit einem enormen finanziellen Risiko für die Geschädigten verbunden, unter anderem da sie die Beweislast tragen. Wenn ein Konzern darlegen kann, dass er genügend sorgfältig gearbeitet hat, droht ihm keine Verurteilung. Dennoch ist es enorm wichtig, dass dieser Rechtsweg geöffnet wird, um globale Menschenrechts- und Umweltstandards durchzusetzen.Die Konzernverantwortungsinitiative will ebenso wie die Kriegsgeschäfteinitiative dazu beitragen, dass die Schweiz ihre Verantwortung wahrnimmt. So sollen unsere Renten nicht mehr in die Kriegsmaterialproduktion investiert werden. Für mich ist es eine Selbstverständlichkeit, diese beiden Initiativen anzunehmen. Mit zwei Ja können wir Menschen vor Krieg, Umweltverschmutzung und Ausbeutung schützen – zumindest im Rahmen unserer Möglichkeiten.Anna Spescha, Kantonsrätin JUSOSelbstverständlich: Sowohl auf der Pro- wie auf der Contra-Seite läuft die PR-Maschinerie auf Hochtouren. Die Argumentation bewegt sich teilweise in schwindelerregende Höhen und treibt ganz seltsame Blüten. So wird nun quasi als Schlussfeuerwerk propagiert, die Konzernverantwortungsinitiative bedeute das Gleiche, wie wenn ich als Konsumentin wissen müsse, ob «mein» Bäcker (oder welcher Produzent auch immer) die Schweizer Gesetze einhalte. Ernsthaft? Das kann man nicht mal als «überspitzt» durchgehen lassen. Man merke: Wenn alle Argumente rund um «unsere Wirtschaft» oder «unsere KMU» nicht mehr stechen, dann müssen die Konsumenten mit abstrusen Argumenten herhalten. Natürlich versuche ich, bei jedem Einkauf verantwortungsbewusst vorzugehen.Ich berücksichtige vor allem lokale Dienstleister und Produzenten. Aber vielfach habe ich schlicht keine Auswahl mehr. Ich sehe deshalb den Punkt dieses Testimonials ganz von der anderen Seite: Weshalb sollte «mein Bäcker» oder «mein Bauer» zig Regeln einhalten und wird dabei von international agierenden Unternehmen massiv konkurrenziert, ja vom Markt gedrängt, die sich nicht mal an grundsätzliche Regeln halten? Und das nur, weil sie das Geld und die Struktur haben, um in einem Land produzieren zu können, wo Menschenrechte nicht oder ungenügend rechtsstaatlich geschützt werden? Wenn ich als Konsumentin Verantwortung übernehmen soll, dann erwarte ich das auch von allen Unternehmen, die hier ihr Geld machen, die hier die Infrastrukturen nutzen, die den «Swissness»-Mantel für ihre Geschäftstätigkeit nutzen.Wie bei «meinem Bäcker» bin ich mir übrigens sicher, dass die meisten Unternehmen die geltenden nationalen und internationalen Grundregeln einhalten und für die deshalb die Forderungen der Konzernverantwortungsinitiative kein Problem, sondern vielmehr eine Selbstverständlichkeit darstellen. Ich lege deshalb ein überzeugtes Ja ein.","Barbara Schmid-Häseli, Kantonsrätin CVP Baar",['neutral']
"Sobald eine Initiative zur Abstimmung kommt, der ein sozialer Gedanke oder das Prinzip der Nachhaltigkeit zugrunde liegt, reichen Stichworte wie Arbeitsplätze, KMU und Wirtschaft, um sie zu versenken. Auch bei der Kriegsgeschäfte-Initiative gehen die Aussagen oftmals Richtung Angstmacherei. Man suggeriert, dass die AHV, unsere Arbeitsplätze, ja sogar unsere Sicherheit bei einer Annahme in akuter Gefahr seien. Dennoch konnte mir bis heute niemand sagen, welches KMU bei Annahme konkret dichtmachen müsste. Vermutlich deshalb, weil die Argumentation der Gegner schlicht und einfach nicht korrekt ist. Was für eine Wirtschaft ist das denn bitte, die dermassen geschwächt würde, sobald sie nicht mehr Milliarden in Kriegsmaterial investieren darf? Ist das wirklich der Pfeiler, auf dem die Wirtschaft der humanitären und neutralen Schweiz stehen soll? Na ja, es ist halt einfacher, so zu argumentieren. Wer will sich schon öffentlich für Kriegsmaterialinvestitionen aussprechen. Die Argumentationsschwäche der Gegnerschaft zeigt sich auch dadurch, dass prominent mit dem GSoA- Stempel hantiert wird. Das Anliegen ist zweitrangig, die Initiative kommt von der GSoA, deshalb muss sie schlecht sein.Jonas Heeb, Kantonsrat Junge Grüne, HorwDie Initiative für ein Verbot der Finanzierung von Kriegsmaterialproduzenten, mit der willkürlich festgelegten Quote von mehr als 5 Prozent des Jahresumsatzes, will diese Industrie generell schlecht machen. Die Schweizer Gesetzgebung schränkt jedoch schon jetzt die Vorsorgewerke AHV/IV/EO und die Pensionskassen massiv ein bei den Regelungen, in welche Finanztitel investiert werden darf.Das Global Positioning System (GPS) wurde in den 1970er-Jahren vom US-Verteidigungsministerium entwickelt und der US-Armee zur Verfügung gestellt. Im Jahre 2000 wurde das GPS-Satellitensystem auch für die zivile Nutzung freigegeben. Das löste eine gewaltige Innovation und Investitionsschub aus in der räumlichen Orientierung in Seefahrt, Luftfahrt, Strassenverkehr, Logistik und im Outdoor-Bereich.Es kamen Navigationsmittel auf den Markt, die der ganzen Menschheit auf diesem Erdkreis von grossem Nutzen sind. Die ständige Weiterentwicklung dieser teuren GPS-Satellitensysteme kann aus nationalen Sicherheitsgründen nur von grossen Rüstungskonzernen erbracht werden. Mit dieser Initiative wird eigentlich alles schlecht gemacht, was Kriegsmaterialproduzenten herstellen. Es gibt noch unzählige Anwendungen, die zuerst militärisch und dann später der zivilen Nutzung überführt wurden. Darum sage ich Nein.","Theophil Zurfluh, FDP-Landrat, Sisikon",['neutral']
"Die GSoA kennt offenbar die Auswirkungen der eigenen Initiative nicht. Die Kriegsmaterialverordnung sagt klar, dass auch Teile wie Schrauben oder Muttern, die für die Herstellung von Kriegsmaterial verwendet werden, als Kriegsmaterial gelten. Somit ist das Video des Bundes korrekt. Und deshalb dürfte auch die Zahl potenziell betroffener KMU höher sein, als dies die GSoA sagt. Die Industrie spricht nicht ohne Grund von bis zu 3000 betroffenen Firmen in der Schweiz, die mit der Initiative benachteiligt würden. Ich sage deshalb Nein am 29. November.","Laura Dittli, Präsidentin CVP Kanton Zug",['neutral']
"Neutralität gehört zur Schweiz wie Fondue oder Schokolade. Doch so neutral, wie wir gern behaupten, sind wir gar nicht. Denn unsere Banken investieren jährlich mehrere Milliarden in Kriegsmaterial. Nun frage ich Sie, liebe Leserinnen und Leser: Ist ein Land, dessen Nationalbank unser Volksvermögen in Kriegsmaterial investiert, wirklich neutral? Kann so ein Land eine neutrale, vermittelnde Rolle zwischen Kriegsparteien einnehmen? Die Antwort ist nein. Denn wir verdienen Geld mit diesen Kriegen: Unsere Pensionskassengelder werden in Kriegsmaterialproduzenten investiert, die genau dann die grössten Gewinne erwirtschaften, wenn Krieg herrscht. Die Schweiz ist also nicht neutral, nein, sie fördert sogar den Krieg! Dieses Geschäft mit dem Tod kann und muss ein Ende haben: Für eine neutrale Schweiz braucht es am 29. November ein Ja zur Kriegsgeschäftsinitiative.Svenja Haller, Vorstand Junge Alternative Zug, HorgenMit Annahme der Initiative «Verbot der Finanzierung von Kriegsmaterialproduzenten» gefährdet man Tausende Arbeitsplätze in der Schweiz. Von dieser Initiative sind zirka 3000 Schweizer Firmen betroffen. Denn durch die willkürlich auf 5 Prozent angesetzte Quote, welche eine Firma jährlich nicht überschreiten darf, sind auch viele Zulieferfirmen betroffen. Beispielsweise wäre die Firma Glas Trösch Holding AG, welche hauptsächlich Glas für Fassaden und Fenster herstellt, von dieser Initiative betroffen. Denn diese Firma stellt ebenfalls auch Cockpitverglasungen für Kampfflugzeuge her.Aus dem Grund, dass viele Spezialisten in diesen Gebieten in unserem Land keine Arbeit mehr finden werden, geht viel Know-how verloren, welches die Schweiz in einer Krisensituation unbedingt benötigt. Wir haben die Zusammenarbeit mit unseren Nachbarstaaten und der EU, in der momentan noch andauernden Coronakrise, selbst zu spüren bekommen. In Krisensituationen schaut jedes Land zuerst auf sich selbst. Somit ist die Schweiz angewiesen, Spezialisten auf besagten Gebieten in der Schweiz zu haben. Bereits heute ist es den Schweizer Unternehmungen untersagt, Kriegsmaterialien in Kriegs- oder Krisengebiete zu liefern.Durch diese Initiative wird leider kein Weltfrieden entstehen. Die Schweiz ist ein kleiner Spieler, wenn es um die Herstellung von Kriegsmaterialien geht. Unser Export würde schnell und mit Freude von wirtschaftlichen Konkurrenten übernommen werden. Während wir über diese Initiative abstimmen, hat die EU einen Milliardenkredit für die Förderung der Rüstungsindustrie gesprochen. Diese Initiative ist ein mächtiger Eingriff in die Unabhängigkeit der Schweizer Nationalbank und eine enorme Schwächung der AHV, IV und Pensionskassen. Diese Initiative beendet keinen Krieg und ist nicht der Weg zum Weltfrieden, sondern gefährdet Tausende Schweizer Arbeitsplätze. Vor allem wir Jungen, bei denen es noch nicht sicher ist, ob wir je eine Altersvorsorge erhalten, sollten deutlich Nein zu einer Initiative sagen, welche die instabile AHV weiter schwächt.","Gabriele Angelo Battiston, Vorstand JCVP Zug, Rotkreuz",['neutral']
"Es ist klar: Die GSoA will nach wie vor die Schweizer Armee abschaffen. Daran hat sich nichts geändert, obwohl die Gruppe schon mehrmals mit verschiedenen Vorlagen an der Urne gescheitert ist.Die neue Initiative schafft die Armee nicht direkt ab. Sie gefährdet aber die militärische Sicherheit der Schweiz. Die Schweizer Armee ist letztlich für eine Versorgung in der Krise auch auf Schweizer Rüstungsproduzenten und Know-how aus dem Sicherheitsbereich angewiesen. Auf Importe kann man sich in Krisenzeiten nicht verlassen.Mit dem finanziellen Aushungern von Schweizer Rüstungsproduzenten und ihren Zulieferbetrieben gefährdet die GSoA einmal mehr auch die militärische Sicherheit der Schweiz. Neu soll der Schweizerischen Nationalbank, den Stiftungen sowie den Einrichtungen der staatlichen und beruflichen Vorsorge die Finanzierung von Unternehmen untersagt werden, wenn diese mehr als 5 Prozent ihres Umsatzes mit der Herstellung von Rüstungsgütern erwirtschaften. Darunter fallen Kredite und Darlehen sowie der Erwerb von Aktien, Aktienfonds und Derivaten. Deshalb sage ich klar Nein zum schädlichen Finanzierungsverbot der GSoA.Die Kriegsgeschäfte-Initiative will, dass Schweizer Pensionskassen und die Nationalbank kein Geld in die internationale Rüstungsindustrie investieren. Die Gegner der Initiative behaupten nun, dass die Initiative «unsere AHV schwäche». Das ist Chabis. Zahlreiche Studien zeigen, dass nachhaltige Investitionen schon seit Jahren gleich gute oder sogar bessere Rendite abwerfen als Investitionen in Krieg, Tod und Umweltzerstörung. Sogar die UBS macht auf ihrer Website für nachhaltige Anlagefonds damit Werbung, dass sich nachhaltige Investitionen lohnen. Man kann darum mit gutem Gewissen und auch mit Blick auf das Portemonnaie am 29. November Ja zur Kriegsgeschäfte-Initiative stimmen. Investieren wir unser Geld lieber in Solaranlagen!Der Urheber der Initiative für ein Verbot der Finanzierung von Kriegsmaterialproduzenten ist die Gruppe für eine Schweiz ohne Armee (GSoA). Ihr Hauptziel ist nach wie vor die Abschaffung der Schweizer Armee. Die Initiative, über die wir am 29. November abstimmen, ist ein Schritt in diese Richtung. Als neutrales Land haben wir uns verpflichtet, unsere Unabhängigkeit zu verteidigen. Wir haben eine Verteidigungsarmee und greifen niemanden an.Wenn wir die Initiative annehmen, gefährden wir auch unsere Rüstungsindustrie. Diese Unternehmen sind mit dem Kriegsmaterialgesetz für die Produktion und den Export bereits heute an klare Vorgaben gebunden. Eine zusätzliche Hürde würde letztlich unsere Sicherheit gefährden.Die Schweiz ist an einer friedlichen Welt interessiert. Bei der Lösung von Konflikten und bei Friedensverhandlungen leisten wir häufig einen wirkungsvollen Beitrag. Das ist weltweit anerkannt. Aber die Forderung der GSoA-Initiative ist wirkungslos und gleichzeitig schädlich für die Schweiz. Deshalb stimmen Sie am 29. November Nein zur eidg. Volksinitiative mit dem verfänglichen Namen.Jedes Jahr sterben Zehntausende Menschen in Kriegen und Konflikten auf der ganzen Welt. Millionen mehr werden dadurch in die Flucht getrieben. Wir alle sind betroffen über die Nachrichten aus Syrien oder dem Jemen von getöteten Zivilisten und zerstörten Städten. Doch was hat das mit der Schweiz zu tun?Unsere Banken, Pensionskassen und die Nationalbank investieren Milliarden in Firmen, die Rüstungsmaterial herstellen und damit direkt Kriege auf der ganzen Welt beliefern. Wir Schweizerinnen und Schweizer rühmen uns gerne mit unserer Neutralität und sind stolz auf die diplomatische Arbeit des Bundes. Da kann es doch nicht sein, dass unsere Pensionskassen und die Nationalbank gleichzeitig Geld in Kriegsmaterial-Produzenten investieren! Ich sage am 29. November Ja zur Kriegsgeschäfte-Initiative, damit kein Schweizer Geld mehr in die Kriege dieser Welt fliesst.",,['neutral']
"«Als globale Unternehmen stellen wir uns den sozialen und ökologischen Herausforderungen, wo immer wir tätig sind.» Das Zitat stammt aus einem ganzseitigen Inserat einiger Schweizer Firmenchefs gegen die Konzernverantwortungsinitiative (KVI). Es ist auch von Albert Baehny, dem VR-Präsidenten der Lonza, unterschrieben. Das Verhalten von Herrn Baehny beweist genau das Gegenteil. Die Lonza unter Baehny sträubt sich seit Jahren dagegen, die grösste Klimaschleuder der Schweiz endlich zu sanieren. Nur mit grossem öffentlichem und politischem Druck und weil das Gesetz in diesem Punkt klar ist, wird Lonza nun zum Handeln gezwungen. Wie verhält sich die Lonza wohl erst recht im Ausland? Die KVI braucht’s wirklich!Martin Stuber, ZugIch führe ein Treuhandunternehmen und begleite viele KMU aus allen Branchen mit zahlreichen internationalen Verbindungen. Aus diesem Grund kann ich zur Unternehmensverantwortungsinitiative (UVI) einige Erkenntnisse direkt aus der Wirtschaft teilen. Dazu gehört das Wissen darüber, dass sich die allermeisten Schweizer Unternehmer auf den Märkten verantwortlich verhalten. Mehr als das: Ein grosser Teil der Unternehmen geht bezüglich internationaler Mindeststandards deutlich weiter als von der UVI gefordert. Und dies bereits jetzt ohne Druck durch Regelwerke!Es verwundert deshalb nicht, dass Schweizer Arbeitgeber im Ausland meist beliebt und hoch angesehen sind. Bringt man das mit zwielichtigen Praktiken hin? Natürlich nicht. Der Ruf unserer Unternehmen ist nicht zuletzt deshalb so gut, weil sie im Umgang mit ihren internationalen Partnern korrekt, respektvoll und auf Augenhöhe agieren.Ich habe grosse Mühe damit, dass im Rahmen der UVI nun alle Schweizer Unternehmen als potenzielle Verbrecher dargestellt werden. Doch damit nicht genug: Während die meisten Grossbetriebe die Folgen der UVI vermutlich einigermassen locker wegstecken könnten, würden die extremen Bestimmungen unsere KMU praktisch mit Bürokratie ersticken. Und das ausgerechnet in unsicheren Zeiten wie diesen. Das kann es nun wirklich nicht sein! Deshalb sage ich mit Nachdruck Nein zu dieser Initiative.Cédric Schmid, Präsident FDP Stadt Zug, Mitglied der GL FDP Kanton ZugEine Volksinitiative «Für verantwortungsvolle Unternehmen – zum Schutz von Mensch und Umwelt». Eine Volksinitiative mit nettem Namen und gut gemeinten Gründen. Aber die Initiative würde stark in unseren Wirtschaftsstandort eingreifen, ohne eine merkliche Verbesserung zu erzielen. Im Gegenteil, die Initiative für verantwortungsvolle Unternehmen fordert Massnahmen, welche unsere Unternehmer in eine grosse Unsicherheit führen und einem noch nicht abschätzbaren Risiko aussetzen würde. Schweizer Unternehmen sollen mit dieser Systemänderung unter anderem verantwortlich sein für das Handeln von rechtlich eigenständigen Lieferanten. Sie haften ohne eigenes Verschulden für wirtschaftlich kontrollierte Lieferanten. Eine solche Regelung kennt kein anderes Land und dies wohl aus gutem Grund. Warum sollen wir unseren Unternehmen in der aktuellen Situation mit weiteren Einschränkungen und schlechteren Rahmenbedingungen das Leben noch schwerer machen als sonst schon? Der Gegenvorschlag des Parlaments zeigt, dass das Grundanliegen ernstgenommen wird. Dieser Gegenvorschlag folgt der internationalen Entwicklung. Im Gegensatz zur Initiative führt er aber zu keiner schädlichen Schweizer Sonderregelung. Wird die Initiative abgelehnt, tritt er automatisch in Kraft. Aufgrund dieser Ausführungen stimme ich überzeugt Nein am 29. November.Michael Arnold, Kantonsrat FDP, Fraktionschef, BaarDie Befürworter der sogenannten «Konzernverantwortungsinitiative» täuschen vor, dass Schweizer Firmen in Drittweltländern schalten und walten können, wie es ihnen beliebt. Erst mit der Vorlage, so die Initianten, könnten die fehlbaren Unternehmen zur Rechenschaft gezogen werden.Das ist falsch: Schweizer Konzerne haften schon heute für ihre Aktivitäten im Ausland und werden bei einem Fehlverhalten auch effektiv belangt! Glencore wurde kürzlich wegen zu hoher Abgaswerte in Sambia verurteilt, gegen Alstom wird in Italien wegen Korruption ermittelt. Diese Beispiele zeigen, dass die Rechtssysteme anderer Länder funktionieren. Es braucht keine Schweizer Richter, die der Welt mit ihrer Weisheit beistehen.Was die Befürworter der Initiative hingegen verschweigen, ist die Tatsache, dass die KMU am härtesten getroffen würden. Selbst wenn sie kein Verschulden trifft, haften sie doch in gleichem Mass wie die Konzerne. Die Haftung gilt selbst bei Geschäftspartnern, bei welchen sie keine Entscheidungsbefugnis haben. Ich bin gegen einen Frontalangriff auf unsere KMU-Landschaft und entsprechend gegen die heimtückische «Konzernverantwortungsinitiative».Jill Nussbaumer, Vizepräsidentin Jungfreisinnige Schweiz, ChamEs ist richtig, wenn sich die privilegierte Schweiz für eine bessere Welt und die Einhaltung von Menschenrechten und Umweltstandards einsetzt. Die entscheidende Frage ist, wie wir was erreichen können und was die Auswirkungen für die Schweizer Wirtschaft sind.Die Konzernverantwortungsinitiative nimmt nicht nur grosse Konzerne, sondern alle Schweizer Unternehmen in die Pflicht, auf der ganzen Welt sämtliche Zulieferer und Geschäftspartner zu prüfen und für allfällige Schäden zu haften. Streitfälle werden vor Schweizer Gerichten behandelt werden müssen, die über einen mutmasslichen Verstoss in einem x-beliebigen Land urteilen müssen. Die Schweiz würde somit alle Unternehmen unter Generalverdacht stellen und zu einem Land mit einer ausufernden Klägerkultur werden – wie wir es von den USA her kennen.Wenn die Initiative abgelehnt wird, dann tritt automatisch der massvolle Gegenvorschlag in Kraft, der sehr zielführend und mittels eines international koordinierten Vorgehens die Einhaltung von Menschenrechten und Umweltschutzvorschriften gewährleistet.Ja zur Einhaltung von Menschenrechten und Umweltstandards. Nein zu Überregulierungen, die alle Unternehmen unter Generalverdacht stellen und aus der Schweiz einen Klägerstaat machen. Dies kann nur durch Ablehnung der Initiative erreicht werden, da dann automatisch der massvolle Gegenvorschlag in Kraft tritt.Etienne Schumpf, Gemeinderat FDP, ZugSchweizer Unternehmen, die im Ausland sauber wirtschaften und sich fair verhalten, können der Konzerninitiative entspannt entgegensehen. KMU sind von der Initiative ausgenommen, es sei denn, sie geschäften im Hochrisikosektor (Handel mit Gold, Diamanten, Tropenholz). Dies dürften zwei Gründe sein, weshalb viele KMU die Initiative unterstützen. Tief lässt ausserdem der Aktivismus blicken, mit der die Gegenseite die Initiative bekämpft. Für mich ist klar: Es muss Konsequenzen haben, wenn ein Konzern mit Sitz in der Schweiz bzw. dessen Tochterfirma im Ausland die Lebensgrundlagen der dort lebenden Menschen zerstört. Ich stimme der Konzerninitiative mit höchster Überzeugung zu.Jean-Luc Wilhelm, ZugVerdrehte Welt: Mit einem Ja zur Initiative will die Schweiz geschädigte Menschen und die Umwelt in fernen Ländern schützen. Es ist kaum zu glauben, nun wird mit viel Geld der Teufel in allen Farben an die Wand gemalt und behauptet, unser Wohlstand sei dadurch in Gefahr, das Kleingewerbe werde zerstört, sogar für Bauern könnte die Lieferung von Futter und Dünger problematisch werden und – selbstständige Staaten würden bevormundet. Absurd. Sogar mit der Coronakrise wird argumentiert. Stimmen wir Ja zur Tradition unserer Schweizer Humanität. Denken wir mehr an die betroffenen Menschen und Länder und weniger an die Abgrenzung unserer so gesicherten und wohlhabenden Welt. Weg mit den Ängsten – wagen wir einfach einmal mutig einen Blick über unsere begrenzte Welt.Margrit und Markus Kehrli, SteinhausenOft müssen wir die Ungerechtigkeiten auf der Welt ohnmächtig zur Kenntnis nehmen. Jetzt können wir mit einer kleinen Tat etwas dagegen tun! Indem Sie der Konzernverantwortungsinitiative zustimmen, geben Sie der Bevölkerung ärmerer Länder mehr Rechtssicherheit und eine Möglichkeit, sich gegen übermächtige Konzerne zu wehren. Ihr Ja zum Verbot der Finanzierung von Kriegsmaterialproduzenten leistet einen Beitrag zu einer friedlicheren Welt. Wer die Begriffe Gerechtigkeit und Frieden nicht nur als Deckmäntelchen für Eigeninteressen benutzt, muss am 29. November unbedingt zur Urne gehen und zweimal JA stimmen! Nicht nur die «Mitte» kann damit zeigen, dass das C bei uns doch noch eine Bedeutung hat. Billigen wir andern die gleichen Rechte zu, die wir für uns beanspruchen, indem wir an die Urne gehen und zweimal Ja stimmen! Jede Stimme zählt!","Dagmar Stärkle, Zug",['neutral']
"In der Schweiz wurde das Rote Kreuz gegründet. Als neutrales Land spielen wir immer wieder eine wichtige Rolle als Friedensvermittler. Die Schweiz ist zutiefst interessiert an einer friedlichen Welt. Aber die GSoA-Initiative, über die wir jetzt abstimmen, bringt uns nicht näher zum Frieden. Sie verbietet der Nationalbank, der AHV und den Pensionskassen Anlagen in Unternehmen, die mehr als 5 Prozent Umsatz mit Kriegsmaterial erzielen. Das ist unverhältnismässig und wäre auch mit einem unvorstellbar grossen Verwaltungsaufwand kaum umzusetzen. Unser Kriegsmaterialgesetz enthält für die Produktion und den Export von Kriegsmaterial bereits heute strenge Vorschriften. Die Schweizer Rüstungsindustrie schafft unter Einhaltung dieser einschränkenden Vorgaben Arbeitsplätze und Aufträge für unsere KMU Betriebe. Die Initiative trägt nicht zu einer friedlicheren Welt bei, gefährdet aber den Arbeitsplatz Schweiz.","Jacqueline Theiler, Luzern, Parteipräsidentin FDP Luzern",['neutral']
"Stellen Sie sich vor, eine Ärztin des Roten Kreuzes muss eine Person in Syrien oder im Jemen verarzten, die von einer Bombe zerfetzt wurde, die von der Schweiz aus finanziert worden ist. Genau das passiert: Die Schweiz investiert in den US-Konzern Raytheon, dessen Präzisionsbomben im völkerrechtswidrigen Jemen-Krieg von Saudi Arabien eingesetzt werden. Der Krieg fordert Tausende zivile Opfer und trotzdem investierte unsere Schweizer Nationalbank Ende 2019 ganze 206 Millionen Dollar in Raytheon. Neutralität ist viel mehr als nur keine direkte Einmischung in bewaffnete Konflikte, sie ist ein Versprechen. Ein Versprechen für einen verantwortungsvollen Umgang mit Mensch und Umwelt, Solidarität und konsequentes Engagement für eine sichere, friedliche Welt. Darum Ja zur Kriegsgeschäfte-Initiative.Julia Küng, Co-Präsidentin Junge Grüne Schweiz, ZugDie Schweiz ist weltweit als neutrales Land mit humanitärer, friedlicher Tradition bekannt. Gleichzeitig hat die Schweizerische Nationalbank 2018 1,3 Milliarden US-Dollar in Firmen investiert, die Atomwaffen herstellen. Ist das wirklich vereinbar mit unseren Werten? Solche Investitionen schaden der Neutralität der Schweiz, denn wer in Kriegswaffen investiert, vertritt die Interessen jener Kriegsparteien, die diese einsetzen. Es heisst zwar: «Geld stinkt nicht», doch aktuell tötet das Geld, das durch Schweizer Banken in Waffen investiert wird. Deswegen empfehle ich ein Ja zur Kriegsgeschäfteinitiative, damit kein Schweizer Geld Kriegsmaterial finanziert.Amélie Krause, BaarDie «Kriegsmaterialinitiative» der GSoA verlangt, dass die Nationalbank und alle Vorsorgeeinrichtungen keine Beteiligungen an Firmen halten dürfen, die mehr als 5 Prozent ihres Jahresumsatzes mit der Herstellung von Kriegsmaterial erzielen.Es ist davon auszugehen, dass unsere Nationalbank und die Vorsorgeeinrichtungen, wenn überhaupt, dann Beteiligungen an Rüstungsfirmen in der Schweiz und in anderen westlichen Demokratien halten. Genau diese westlichen Länder, auch wir, sind zu ihrer eigenen Landesverteidigung auf Lieferanten von Rüstungsmaterial angewiesen. Die Volksinitiative zielt also direkt auf die Verteidigungsfähigkeit der Schweiz und Europas. Die GSoA («Gruppe für eine Schweiz ohne Armee») macht damit ihrem Namen alle Ehre.Die Initiative ist somit nicht nur wirtschaftlich und sicherheitspolitisch verfehlt, sondern auch moralisch äusserst zweifelhaft. Sie verdient deshalb an der Abstimmung vom 29. November ein klares Nein.Jochen Wild, ZugDie Gruppe Schweiz ohne Armee lässt nicht locker, die Schweizer Armee zu schwächen. Da es auf dem direkten Weg mit dem Referendum zum neuen Kampfflugzeug nicht geklappt hat, versucht sie es nun auf indirektem Wege durch eine weitere Initiative. Mit dieser Initiative, über die das Stimmvolk am 29. November zu befinden hat, würden nicht nur Rüstungsproduzenten getroffen, sondern es würde auch der schweizerischen Wirtschaft grossen Schaden zugefügt. Betroffen sind nämlich nicht nur grosse Rüstungs- und Sicherheitsunternehmen wie etwa Airbus, Boeing oder RUAG. Das Finanzierungsverbot würde auch für alle Zulieferbetriebe gelten, die nur einzelne Bauteile oder Komponenten fertigen. Damit gefährdet die Initiative viele Schweizer KMU, die das Rückgrat unserer Wirtschaft bilden und schadet ihnen massiv. Deshalb Nein zu einem Finanzierungsverbot.","Kathi Büttel, Präsidentin JSVP Zug, Baar",['neutral']
"Die GSoA-Initiative verbietet unseren Pensionskassen, in Unternehmen zu investieren, die vielleicht einmal alle paar Jahre mal einen grösseren Auftrag aus der Rüstungsindustrie bekommen.Das ist aus zwei Gründen eine schlechte Idee. Erstens macht es keinen Sinn, einen Glashersteller als Kriegsmaterialproduzenten zu klassieren, nur weil seine Scheiben auch in Flugzeugcockpits verbaut werden.Und zweitens ist der Kontrollaufwand für die Kassen kaum zu bewältigen. Sie müssen für jedes Unternehmen, in das sie investieren, jedes Jahr sicherstellen, dass dieses nicht mehr als 5 Prozent Umsatz mit einem solchen Auftrag erzielt. Ohne enormen Personal- und Kostenaufwand ist das nicht zu machen. Ich stimme überzeugt Nein zu diesem teuren Leerlauf.","Otto Rütter, Ballwil",['negative']
"Die Initiative der Gruppe Schweiz ohne Armee (GSoA), die mit einem Verbot die Finanzierung von Rüstungsproduzenten erwirken will, schadet nicht nur der Armee und der militärischen Sicherheit der Schweiz, sondern setzt auch die soziale Sicherheit der Schweizerinnen und Schweizer fahrlässig aufs Spiel. Die starre GSoA-Quote kommt nämlich unsere Altersvorsorge teuer zu stehen. Das ist brisant, stehen doch berufliche und staatliche Vorsorge mit Blick auf die Demografie und das Zinsniveau schon heute vor grossen Herausforderungen. Immer weniger Erwerbstätige finanzieren die Renten von immer mehr Rentnerinnen und Rentnern. Auch die rekordtiefen bzw. negativen Realzinsen setzen die Sozialwerke von AHV und Pensionskassen seit Jahren massiv unter Druck. Es ist absolut unverständlich, dass die GSoA ausgerechnet AHV und Pensionskassen ins Visier nimmt. Die Initiative wirft deren bewährte Anlagestrategien über den Haufen. Entweder müssen sie ihre Investitionen künftig auf eine kleine Auswahl von Firmen beschränken oder sie überprüfen jährlich jeden einzelnen Titel in ihren Fonds, ob das Unternehmen nicht mehr als 5 Prozent seines Umsatzes mit der Herstellung von Rüstungsgütern erwirtschaftet. Ersteres führt wegen der ungenügenden Streuung zu einem erhöhten Anlagerisiko. Letzteres ist wegen des grossen Verwaltungsaufwands mit hohen Mehrkosten verbunden. Grössere Risiken und höhere Kosten schmälern die Erträge von AHV und Pensionskassen. Unsere Renten werden dadurch noch unsicherer. Nicht zu vergessen: Mit dem Finanzierungsverbot greifen die Initiantinnen und Initianten massiv ins private Vermögen von Schweizerinnen und Schweizern ein, denn bei den Pensionskassengeldern handelt es sich um Privatvermögen von Sparern. Unsere Altersvorsorge steht bereits vor grossen Herausforderungen, welche durch die Coronasituation noch zugenommen haben. Sie sollte auf keinen Fall durch weitere bürokratische und teure Verbote, wie es die GSoA-Initiative erwirken möchte, zusätzlich belastet werden. Das Finanzierungsverbot der GSoA verdient deshalb ein klares Nein an der Urne.Hans Durrer, alt Kantonsrat, ZugEnde November stimmen wir über zwei gefährliche Initiativen unterschiedlicher Urheber ab, die trotzdem eine wesentliche Gemeinsamkeit haben: Sie zielen auf die Basis unserer Wirtschaft, die KMU. So hat die SP-Präsidentin des Kantons Zug unlängst an einer Veranstaltung zugegeben, dass die Bezeichnung «Unternehmensverantwortungsinitiative» richtig sei, weil ebenso viele KMU wie Konzerne davon betroffen wären. Dagegen lügen die UVI-Initianten auf ihrem Flyer, wenn sie behaupten, es gehe nur um Grosskonzerne und Lieferketten seien nicht betroffen. Sie scheinen zu viel Trump geschaut zu haben.Gleiches gilt für die linke GSoA-Initiative mit dem verfänglichen Titel «zum Verbot der Finanzierung von Kriegsmaterialproduzenten». Die grossen Rüstungskonzerne, die auf dem internationalen Kapitalmarkt zu Geld kommen, sind nicht die Leidtragenden, sondern unsere KMU. Den Zulieferern ebenso wie den kleinen Spezialisten, die für die Einsatzbereitschaft der Systeme unserer Armee sorgen, soll der Geldhahn zugedreht werden. Wer nur schon 5 Prozent seines Jahresumsatzes mit Lieferungen in die Rüstungsindustrie erzielt, der soll kein Bankkonto, keine Bankfinanzierung und keine Versicherung mehr erhalten. Gerade in Zeiten von Corona ist mit dem Wegfall vieler Geschäfte diese künstliche Hürde von 5 Prozent rasch erreicht. Swissmem rechnet mit bis zu 3000 KMU, die von der GSoA-Initiative betroffen wären. Dies kann sich unser Land und dies will ich mir nicht leisten: Für unsere KMU braucht es zweimal Nein gegen GSoA und UVI.","Peter Letter, Kantonsrat FDP, Oberägeri",['neutral']
"Am 29. November 2020 hat das Schweizer Volk wieder die Gelegenheit, an der Abstimmungsurne politische Entscheide demokratisch zu fällen. Eine dieser Vorlagen fordert ein Verbot der Finanzierung von Kriegsmaterialproduzenten. Der Titel dieser Vorlage suggeriert uns auf den ersten Blick, dass diese Initiative einen grossen Beitrag zur Friedensförderung auf der ganzen Welt leisten könnte und nur die bösen Kriegswaffenproduzenten in aller Welt bestraft werden.Bereits heute gibt es Gesetze, welche die Ausfuhr von Kriegsmaterial streng reglementieren. Ebenso ist die Finanzierung von Atomwaffen, biologischen Waffen oder auch Streuminen bereits heute verboten. Der Gedanke, dass die Schweiz hier die Rolle des Weltpolizisten übernehmen könnte, mag für GSoA-Anhänger vielleicht schmeichelhaft sein, grenzt für mich aber eher an Grössenwahn!In Tat und Wahrheit wird diese Initiative nicht den grossen Weltfrieden bringen, aber mit Sicherheit einen negativen Einfluss auf unsere Wirtschaft, unsere KMU und auch auf die Arbeitsplätze im Kanton Uri haben. Zusätzlich würde eine Annahme dieser Vorlage einen politischen Eingriff in den Finanzplatz bedeuten, welcher auch unsere Altersvorsorge AHV/IV und die Pensionskassen direkt betreffen würde. Aus diesen Gründen werde ich zu dieser Initiative ein überzeugtes Nein in die Urne legen.","Martin Huser, Landrat SVP, Unterschächen",['neutral']
"Die Gesellschaft Schweiz ohne Armee (GSoA) will die Armee abschaffen. Dies hat sie schon mehrmals versucht. Nun will sie dieses Ziel mit ihrer Initiative auf dem Schleichweg erreichen. Die GSoA definiert alle Unternehmungen, die mehr als 5 Prozent ihres Umsatzes für Rüstungsgüter erbringen, als Kriegsmaterialproduzenten. Finanzierungen in solche Unternehmungen werden verboten. Anders ausgedrückt bedeutet dies, dass solchen Unternehmungen die Finanzierungsquellen abgegraben werden, damit sie sterben.Die Initianten wollen damit zu einer friedlicheren Welt beitragen. Eine friedlichere Welt möchten wir alle. Die Initiative verfehlt aber nicht nur ihr Ziel, sie ist darüber hinaus auch nicht praktikabel. Bei Herstellern von Rüstungsgütern handelt es sich oft um Mischkonzerne, die auch im Bereich von zivilen Gütern tätig sind. Zudem ist die Schweizer Armee auf Schweizer Unternehmen im Bereich der Wehrtechnik angewiesen. Sie muss vom Ausland möglichst unabhängig bleiben und einen hohen Selbstversorgungsgrad behalten. Die bestehende Kriegsmaterialgesetzgebung untersagt bereits heute die Finanzierung von verbotenem und international geächtetem Kriegsmaterial. Es handelt sich dabei um atomare, biologische und chemische Waffen sowie Antipersonenminen und Streumunition. Waffenexport ist bewilligungspflichtig. Der Export in Kriegs- und Krisengebiete ist nicht erlaubt. Die Initiative verfehlt ihr Ziel, die Welt friedlicher zu machen. Sie verursacht aber grosse Schäden für unsere KMU und lässt wertvolle Arbeitsplätze verschwinden. Die Initiative schadet der Schweiz und macht die Welt nicht friedlicher. Deshalb stimme ich Nein.","Paul Niederberger, alt Ständerat CVP, Büren NW",['neutral']
"Ein weltweites Finanzierungsverbot für Investitionen in die Rüstungsindustrie ist nicht realistisch. Weder im Rahmen der Vereinten Nationen noch in anderen internationalen Gremien besteht der Wille für ein derartiges Vorhaben. Ein Finanzierungsverbot in der Schweiz würde mangels Einflusses auf die globale Nachfrage nach Kriegsmaterial und das weltweite Angebot an solchem keine Wirkung erzielen. Aus diesem Grund bliebe das globale Angebot an Rüstungsgütern auch nach einer Annahme der Initiative unverändert. Eine Annahme der Initiative bliebe in der Folge wirkungslos und würde weder zu einer friedlicheren Welt noch zu weniger Fluchtursachen führen.Peter Rust, CVP-Kantonsrat, WalchwilIn den letzten Wochen haben die Gegner der Kriegsgeschäftsinitiative mobil gemacht. Auf Plakaten findet man Leitsprüche, welche die Initiative als linksradikal, KMU-vernichtend, armeeschwächend und als Gefahr für Schweizer Arbeitsplätze darstellt. Wir alle wissen, dass die Schweizer Waffenexportlobby auf eine lange und blutige Geschichte zurückblickt. Dass die Schweiz, welche sich gerne als die stärkste Demokratie der Welt bezeichnet, derart im Rüstungsgeschäft mitmischt, ist meiner Ansicht nach ein Widerspruch in sich. Ich bezeichne mich weder als linksextremistisch noch als Armeegegner. Jedoch halte ich Arbeitsplätze, die für den Tod von Menschen mitverantwortlich sind, nicht für erhaltenswert! Deshalb stimme ich Ja zur Kriegsgeschäftsinitiative.Rafael Schenkel, ALG, BaarBeide eidgenössischen Abstimmungen schiessen über das Ziel hinaus. Die Kriegsmaterialinitiative kommt genau aus dem Lager, welches weiterhin für die Abschaffung der Armee ist; der Name der Gruppierung sagt das ja schon aus. Damit ist sie für die Vernichtung von Arbeits- und Ausbildungsplätzen und gefährdet somit den Werkplatz Schweiz.Die Konzernverantwortungsinitiative führt in die gleiche Richtung. Die Umsetzung dieser Initiative ist für mich äusserst fragwürdig und wir hätten ein Novum in unserer Gesetzgebung: Eine Haftungsregel, wie hier gefordert, geht aus meiner Sicht zu weit. Bei einer umgekehrten Beweislast entspricht für mich die Rechtsprechung nicht mehr meinem Verständnis für das geltende Recht. Darum sage ich 2x Nein zu den eidgenössischen Vorlagen.","Georges Helfenstein, Gemeindepräsident CVP, Cham",['neutral']
"Mit pedantischer Beharrlichkeit verfolgt die Gruppe für eine Schweiz ohne Armee ihr namensgebendes Ziel. Und dabei ist ihnen jedes Mittel und jeder Weg recht: Ob die offene Bekämpfung von Beschaffungsvorhaben, die Torpedierung der Alimentierung der Armee mit genügend Soldaten oder aber der Weg über das Hintertürchen des faktischen Verbots der Schweizer Rüstungsindustrie – das Ziel bleibt stets dasselbe.Jede Armee ist nur so gut, wie ihre komplexen Überwachungs-, Führungs- und Waffensysteme jederzeit und über eine bestimmte Dauer autonom einsatzfähig gehalten werden können. Dies ist eine der Kernaufgaben der Rüstungsindustrie. Will ein Land wie die Schweiz z.B. auch bei geschlossenen Grenzen neutral bleiben, so ist es auf eine eigene Rüstungsindustrie angewiesen. Die Industrie bildet deshalb das Rückgrat jeder Armee.Mit der Initiative zum Verbot der Finanzierung von Kriegsmaterialproduzenten gaukelt die GSoA vor, ein paar wenige, grosse Rüstungskonzerne aus der Schweiz vertreiben und den Weltfrieden fördern zu wollen. Sie zielt mit der umfassend formulierten Initiative aber ganz bewusst auf Tausende von Schweizer KMU, die das Rückgrat der Schweizer Armee bilden. Im Interesse unserer Sicherheit empfehle ich deshalb am 29. November ein deutliches Nein zur GSoA-Initiative.Danilo Schwerzmann Präsident der Offiziersgesellschaft des Kantons ZugDie Coronakrise hat der Schweizer Bevölkerung auf eindrückliche Weise aufgezeigt, dass man sich auf Importe in Krisenzeiten nicht verlassen kann und internationale Lieferketten sehr rasch unterbrochen werden können. Die Schweiz als Binnenland im Herzen Europas ist auf inländisches Wehrtechnik-Know-how angewiesen. Die Rüstungsindustrie schafft Aufträge für kleine und mittlere Unternehmen und wertvolle Arbeitsplätze in der Schweiz. Sie wird heute schon genau kontrolliert, und Exporte richten sich nach den Bestimmungen des Kriegsmaterialgesetzes. Die Gruppe Schweiz ohne Armee setzt diese Arbeitsplätze fahrlässig aufs Spiel, denn diese von der GSoA lancierte Initiative macht alle Unternehmen, die mehr als fünf Prozent ihres Jahresumsatzes mit der Herstellung von Rüstungsmaterial erwirtschaften, zu «Kriegsmaterialproduzenten». Diese dürften von den Banken nicht mehr finanziert werden.Davon betroffen wären viele Schweizer KMU, welche als Zulieferbetriebe Einzelteile oder Baugruppen herstellen, die in Rüstungsgütern integriert werden. Während internationale Konzerne einfacher ausweichen und ihre Kredite in Zukunft im Ausland beschaffen könnten, wären ausgerechnet die KMU, welche das Rückgrat der schweizerischen Wirtschaft darstellen, die Leidtragenden. Ihnen würde der Zugang zu Krediten massiv erschwert oder sogar gänzlich verwehrt.Dass diese KMU auch Alltagsprodukte herstellen, lässt das Finanzierungsverbot ausser Acht. Interessant wäre z.B., ob die Produktion von Sackmessern der Firma Victorinox, welche damit schon seit über hundert Jahren die Schweizer Armee und auch ausländische Armeen beliefert, neu auch als Kriegsmaterial eingestuft werden müsste. Ich sage deshalb Nein zu dieser verantwortungslosen Initiative, die nicht nur für die Wirtschaft äusserst schädlich ist, sondern auch für die Sicherheit unseres Landes.Adrian Risi, SVP Kantonsrat, ZugMan muss geistig schon völlig blind sein, um nicht zu erkennen, dass die Gesellschaft Schweiz ohne Armee nun ihr Ziel – ihrem Namen entsprechend – in Etappen und auf Umwegen zu erreichen versucht. Deshalb ist auch hier ein überzeugtes Nein zur erneuten GSoA-Initiative «Für ein Verbot der Finanzierung von Kriegsmaterialproduzenten» sehr wichtig.Wie uns das Exempel vom 27. September mit dem höchst knappen Resultat gezeigt hat, nützt es nichts, diese Meinung zu teilen. Man muss diese auch effektiv mit dem Stimmzettel zum Ausdruck bringen. Und andere Personen dazu animieren.","Paul Twerenbold, Cham, alt Regierungsrat",['neutral']
"Nachdem es der Gruppe Schweiz ohne Armee (GSoA) noch nicht gelungen ist, über direkte Abstimmungen die Schweizer Milizarmee abzuschaffen, versucht sie es nach dem misslungenen Referendum gegen die Erneuerung der schweizerischen Luftwaffe erneut durch die Hintertür. Und zwar mit einem Verbot der Finanzierung von Rüstungsgütern. Die Initiative «Für ein Verbot der Finanzierung von Kriegsmaterialproduzenten» sieht dafür eine starre Quote vor: AHV, IV, EO und Pensionskassen, Stiftungen und Nationalbank wird die Finanzierung von Unternehmen untersagt, die mehr als fünf Prozent ihres Umsatzes mit der Herstellung von Rüstungsgütern erwirtschaften.Für Banken und Versicherungen sollen gleiche Bedingungen gelten und somit soll sich nach dem Willen der GSoA der ganze Finanzplatz nach ihren Vorgaben richten. Diese hinterlistige Initiative schwächt unsere AHV und schadet zudem vielen KMU. Sie würde auch dazu führen, dass unsere Verteidigungsarmee langfristig keine heimischen Rüstungsgüterproduzenten mehr hätte. Sie verteuert weiter die Anlagemöglichkeiten der schweizerischen Sozialwerke und erhöht deren Risiken. Die Initiative gehört wuchtig abgelehnt.","Theo Biedermann, Vizepräsident Pro Militia, Cham",['neutral']
"Die Initiative für ein Finanzierungsverbot von Kriegsmaterialproduzenten ist typisch für Verbotsparteien. Sie ist scheinheilig, gut gemeint, schädlich, unwirksam, soll aber unser Gewissen beruhigen.Die Initianten sind der Illusion verfallen, dass künftig weniger oder keine Waffen mehr produziert würden, dass es keine militärischen Konflikte mehr gäbe, wenn die Schweiz die Finanzierung waffenproduzierenden Unternehmen verhinderte oder erschwerte. Die Schweiz würde sicherer.Die Wirklichkeit ist leider anders. Eine waffen- und gewaltfreie Welt wäre schön, ist aber leider unrealistisch. Waffen werden immer hergestellt und gebraucht werden. Auch für die Schweiz, für unsere Sicherheit.Das Finanzierungsverbot hätte auf die weltweite Waffenproduktion keinen Einfluss, würde sich jedoch auf die Anlagestrategien von AHV, SNB, Pensionskassen und Stiftungen sehr nachteilig auswirken. Jeder Einzelne wäre betroffen.Für unsere einheimische Rüstungsindustrie sowie für viele KMU-Unterlieferanten würde die Kapitalbeschaffung unnötig erschwert. Viele Arbeitsplätze würden gefährdet, der Schweizer Finanzplatz benachteiligt.Die Initiative für ein Finanzierungsverbot von Kriegsmaterialproduzenten ist unwirksam, unnötig, schädlich, und ich empfehle Ihnen, dieses deshalb abzulehnen.","Albert C. Iten, alt Kantonsrat, Gemeinderat CVP, Zug",['negative']
"Die GSoA (Gruppe Schweiz ohne Armee) will, wie übrigens auch die SP unsere Armee abschaffen. Dieses langfristige Vorhaben ist am letzten Sonntag glücklicherweise an der Urne knapp gescheitert. Nun versuchen es die notorischen Armee-Gegner auf einem anderen Weg, nämlich mit einem Verbot der Finanzierung von Kriegsmaterial. Dafür sieht die Initiative «Für ein Verbot der Finanzierung von Kriegsmaterialproduzenten» eine starre Regelung vor: AHV, IV, EO und allen Pensionskassen, Stiftungen und sogar der Schweizer Nationalbank wird die Finanzierung von Unternehmen untersagt, die mehr als 5 Prozent ihres Umsatzes mit der Herstellung von Kriegsmaterial erwirtschaften.Unsere AHV, alle Pensionskassen und die Nationalbank stehen im primären Fokus der Finanzierungsverbotsinitiative der GSoA. Die Initianten wollen aber auch, dass sich der ganze Schweizer Finanzplatz nach ihren Vorgaben richtet. Ausserdem soll der Bund auf der ganzen Welt missionieren, dass für Banken und Versicherungen gleiche Bedingungen gelten. Letztlich sollen alle Anlagen und Finanzierungen ins Korsett der starren GSoA-Quote gepresst werden. Die neuste Initiative aus der Küche der GSoA schadet nicht nur der Schweizer Armee ganz massiv. Sie gefährdet auch die soziale Sicherheit, tangiert den Schweizer Franken und schadet der Wirtschaft, indem sie Vorsorgewerke, Nationalbank und auch sehr viele KMU ins Visier nimmt.Diese neueste und sehr gefährliche GSoA-Initiative verteuert mit ihrer starren Quote in schwierigen Zeiten die Geldanlage der Altersvorsorge zusätzlich. Sie wirft die bewährten Anlagestrategien der staatlichen und beruflichen Vorsorge (BVG) mit einer Verfassungsänderung über den Haufen. Die AHV und alle Pensionskassen müssten zukünftig ihre Anlage an der starren GSoA-Quote ausrichten. Die Folge: Die ungenügende Streuung erhöht die Klumpenrisiken massiv. Zudem müsste man jedes Jahr Tausende von Unternehmen auf deren Umsatz mit Kriegsmaterial überprüfen. Und Kriegsmaterial kann irgendeine Spezialschraube sein. Der bürokratische Verwaltungsaufwand wäre immens, die Mehrkosten wären es ebenfalls. Die Verwaltungskosten würden die Erträge schmälern, wodurch die Renten der Schweizerinnen und Schweizer noch viel unsicherer würden. Tatsache ist: Unsere Altersvorsorge steht bekanntlich vor enormen Herausforderungen. Sie darf nicht durch bürokratische Verbote und teure Eingriffe zusätzlich belastet werden. Darum ein klares Nein zum Finanzierungsverbot der GSoA.","Philip C. Brunner, Kantonsrat SVP, Zug",['neutral']
"In der sehr schmerzhaften Rückschau auf das vergangene Jahr erfüllt mich als männlichen Zeitgenossen einmal mehr lähmende Scham. Leugnung des Klimawandels, Ignorieren der Flüchtlingstragödie, Waffenexporte und entsprechendes Schüren von Kriegsstimmung, Abschlachten von Wildtieren, Unterdrückung und Gewalt gegen Frauen (und Kinder!), Autolobby und Abgasbeschiss, Börsen-Amok, geschlechterbedingte Lohn-Ungerechtigkeit, Pornografie, religiöser Fanatismus, Nationalismus, Macht, Gier und Politik im Allgemeinen – ausnahmslos Männerdomänen.Wenn ein Land ein Spiel an der WM verliert, herrscht Staatstrauer. Wenn der Rettungsversuch unserer Erde einmal mehr misslingt, geht man zur Tagesordnung über. Was für eine Ohrfeige an die Freitagsrebellen! Welche Verachtung der kommenden Generationen! Und was für eine Absage an das Leben auf diesem Planeten, an die Zukunft! Beharren dominiert offensichtlich das männliche Denken. Es scheint undenkbar, dass die Welt in einem solch geschändeten Zustand wäre, wenn Frauen «an der Macht» wären. Emanzipation? Sicher. Emanzipation von der männlichen Dummheit und Arroganz. Könnten es die Frauen sein, die seit Jahrtausenden Leben ermöglichen und Leben schützen, die den Männern einen Riegel schieben, bis sie zur Vernunft kommen?Die Frauen sind nicht nur in der Mehrheit auf dieser Erde, sie sind auch tapferer, ausdauernder, entschlossener und geduldiger als wir Männer. Wenn aber, wie es heute den Anschein macht, alles auf dem Spiel steht, würde ich mir wünschen, dass den Frauen endlich die Geduld ausgeht. Seit Jahrtausenden schauen die Frauen zu, wie die Männer den Fortschritt definieren, sie warten auf die Männer, sie trösten, sie gebären ihnen Kinder, sie machen ihnen Mut und – sie lassen sich schlagen und töten. Einmal muss Schluss sein mit dieser Demütigung. Frauen aller Länder, vereinigt Euch!","Urs Willi, Luzern",['negative']