"wie w√§re es mal, wenn Alleinstehende mal einen extra Abzug machen k√∂nnen. Wir finanzieren die Schulen mit etc.",['positive']
"Und warum d√ºrfen diejenigen, welche selber zu den eigenen Kindern schauen nichts abziehen? Dies finde ich absolut ungerecht!! Man hat weniger Lohn zur Verf√ºgung ( nur 1 Lohn) und die gleichen fixen Kosten wie die Doppelverdiener. Daher werde ich NEIN stimmen.",['negative']
"Hat eigentlich irgendjemand von euch jemals Kinder dazu befragt ob sie einverstanden sind, dass man sie auf Kosten des Egos einfach abschiebt ??",['neutral']
"Bald kommt die Zeit, in der die obligatorischen Dauerforderungen der Linken wieder der Selbstverantwortung weichen, ich freue mich darauf.",['neutral']
"Ich stimme nein, weil nur die Reichen profitieren.",['neutral']
"@bern , nein, das stimmt nicht. Die ""√Ñrmeren"" k√∂nnen bereits einen h√∂heren Betrag (quasi ihre Vollkosten) bei den Steuren abziehen - lies den Artikel doch komplett durch, es wird ja erkl√§rt.",['negative']
@Nishi Keine Panik. Ich werde alles genau durchlesen. Aber bei einer Sache habe ich schon definitiv meine Entscheidung getroffen und zwar bei der Begrenzungsinitiative.,['positive']
@bern eine typische Neidansicht... und auch hier der Neider schadet sich selbst am Meisten,['negative']
Links sind nicht zugelassen ? Auch wenn gar keiner drin ist.,['negative']
Eigentlich m√ºssten alle kinderlosen Personen einen d√§ftigen Steuerabzug machen d√ºrfen. w√§re nur logisch und fair wenn man sich die weltweiten Probleme mit der √úberbev√∂lkerung anschaut...,['neutral']
"@Mr Nice Guy Ja, daf√ºr m√ºssten sehr viel in die Pensionkasse einzahlen, da es ja die jetzigen Kinder sind die dann sp√§ter f√ºr dich die Pension zahlen!!!@",['positive']
"@Mr Nice Guy Da hat sich aber einer m√§chtig mit der Materie auseinander gesetzt, bravo! √úberbev√∂lkerung ist in der Schweiz sicher nicht durch √ºberm√§ssigen Geburten√ºberschuss verursacht, im Gegenteil. Hauptgrund ist die Einwanderung welche von Politik und Wirtschaft gef√∂rdert wird. Wachstum ist leider praktisch nur noch durch Bev√∂lkerungswachstum m√∂glich, irgendwann platzt der Ballon... Zur√ºck zu Ihrer Aussage; Wer soll ihrer Meinung nach dann die Steuern und AHV f√ºr Sie finanzieren wenn es keinen Nachwuchs mehr geben wird? Diese Fragen sollte Sie auch interessieren falls Sie bereits AHV beziehen...Bitte vorher etwas weitsichtiger Denken.",['negative']
@Mr Nice Guy dann sollten diese Personen auch weniger AV bekommen,['positive']
"Zitat von oben""Dies gelte insbesondere f√ºr gut ausgebildete und hochqualifizierte M√ºtter. "" Und genau hier ist der Haken an der ganzen Geschichte. - haben die dank hohen Einkommen und Verm√∂gen eh eine private Kinderbetreuung, die sich kein Normalsterblicher leisten kann, welcher ein so hoher Fremdbetreuungsabzug rechtfertigen w√ºrde - muss dann der Mittelstand, welcher heute schon meist sozusagen nur wenig bis gar keine direkte Bundessteuer zahlen muss, die Steuerrabatte dieser privilegierten Oberschicht zus√§tzlich finanzieren (denn das Geld muss ja irgendwie dann wieder rein) Deshalb ganz klar ""Nein"" zu diesem Geschenk f√ºr die Reichen.",['negative']
Es gibt keine Links. FLICKT ENDLICH DIE KOMMENTARFUNKTION. Und h√∂rt auf mit eurer Einheitsmeinung und Zensur. Wozu gibt es eine Kommentarfunktion wenn man nicht Kommentieren darf?,['negative']
"Wie definiert ihr ein Link??? Ich hatte blanken Text, keine Sonderzeichen und ihr blockiert meinen Beitrag mit einer Meldung ""darf keine Links enthalten""! Was soll das?",['negative']
@Realist Ist mir auch schon passiert.,['positive']
"Und wiedermal muss der Steuerzahler f√ºr andere bezahlen! Ich habe es satt, st√§ndig f√ºr andere bezahlen zu m√ºssen!",['negative']
"Alle wesentlichen Probleme der Erde sind letztlich auf √úberbev√∂lkerung und exponentielles Bev√∂lkerungswachstum zur√ºck zu f√ºhren Alle Familienf√∂rderungsmassnahmen sind deshalb im Prinzip Fehlanreize. Wir sollten damit aufh√∂ren und wenn schon umgekehrt Leute belohnen, die auf den Luxus Kinder verzichten.",['neutral']
"@Oliver , Dieses Angebot werden wohl vorallem Eltern mit einem oder zwei Kindern nutzen. Kleinfamilien mit ein oder zwei Kindern sollten gef√∂rdert werden. Abzug f√ºr das erste Kind und ev das Zweite ist okay. Fuer das dritte Kind keine Unterst√ºtzung und beim vierten Kind jede unterst√ºtzung streichen.",['negative']
"Eltern sollen f√ºr die Kinder aufkommen nicht nicht mehr dem Steuerzahler aufb√ºrden! Genug ist genug! Eigentlich sollten kinderlose Menschen Geld bekommen, nicht umgekehrt zum Schutz der Umwelt und gegen die √úberbev√∂lkerung.",['neutral']
"@Realist Wieso sollte man denen Geld geben, die haben ja keine Kinder und somit weniger ausgaben.... Wieso Schutz der Umwelt? Was haben Kinder so mit der Umwelt zu tun? Sind es nicht Autos, Schiffe, Flugzeuge usw. die sch√§dlich f√ºr unsere Umwelt sind??",['negative']
"@Realist Mit der Einstellung musst Du dich nicht wundern, wenn Schweizer in der Schweiz in Unterzahl geraten.",['neutral']
"@Realist hoffe hast dan auch genug selbst gespart f√ºr deine pension. Kannst dich dan auch selbst bezahlen, wurdest schliesslich auch auf die Welt gesetzt und hast (indirekt) Kinderzulagen bezogen.",['negative']
@Realist Diese Kinder bezahlen dann sp√§ter Ihre Rente.,['neutral']
"@Ovo Hast du nur deshalb Kinder, f√ºr die AHV!?",['neutral']
"@Realist Richtig, Kinderlose zahlen schon genug! Und wenn man einen anst√§ndigen Lohn hat, ist die AHV-Rente schon l√§ngstens bezahlt!!",['negative']
@Airus Sagt dir der √∂kologische Fussabdruck etwas!? Leute ohne Kinder sch√ºtzen die Umwelt!!,['neutral']
"@Airus Und wer f√§hrt die Autos und benutzt die Schiffe und Flugzeuge? Richtig, je mehr Menschen desto mehr .........",['neutral']
@Airus Hoffe Sie sind kein Elternteil! Wir haben schon mehr als genug Menschen die eigentlich keine Elter sein d√ºrften.,['neutral']
@Antiautorit√§r Ja Sie sind das beste Beispiel daf√ºr..,['neutral']
@L Uzifer sind nicht dann die ELTERN schuld? Ich meine ein Kind reist nicht einfach so mal mit dem Auto oder Flugzeug...,['neutral']
"@Realist Lieber Realist, es ist unrealistisch wenn Sie meinen, der Steuerzahler sei f√ºr Sie nie aufgekommen! √úberlegen Sie mal....",['negative']
"@Dacko üòÜhabe mich gerade kaputt gelacht mit dieser Vorstellung.. mein Sohn 9j. Mami ich gahn id Ferie, ich nimme s'Auto zum Flughafe und Fl√ºge den nach..",['neutral']
"Wer bezahlt die h√∂heren Steuern und den gr√∂sseren Anteil an die AHV? Was in der einen Kasse ""verloren"" geht, fliesst in der anderen Kasse reichlich zur√ºck! Wer in der Regel finanziert das Studium der gut verdienenden? Wollen wir das Wissen unsere gut qualifizierten Frauen nutzen oder lieber solche aus dem Ausland holen? Das alles gibt es auch zu bedenken!!",['neutral']
Die √úberbev√∂lkerung spielt in der Schweiz noch kein Problem zusein. Oder etwa doch?,['neutral']
@Mission Bitte fragen Sie die Linken und Netten danach. Die suhlen sich ja offenbar gerne in Menschenmassen und k√∂nnen gar nicht genug von ihnen bekommen.,['negative']
"Die Eltern die einem hohen Pensum gut qualifizierte Arbeit nachgehen, haben auch einen hohen Lohn. Was muss der Steuerzahler eigentlich noch alles finanzieren? Er finanziert, dieie Vorfinanzierung bei den Krippen, die Geb√ºhren f√ºr die Krippen, Entlastung bei den Krankenkassen und pro Kind ""Kindergeld"", plus jetzt schon Steuererleichterungen.",['neutral']
"@aladdin als f√ºr bezahlte Mutter bekomme ich weder Entlastung bei der Krankenkasse, noch unterstutzungsbeitr√§ge f√ºr die Krippe. f√ºr mein 60% pensum zahle ich f√ºr zwei Kinder 3000 Franken pro Monat f√ºr Kinderbetreuung. im Kanton Aargau darf ich nicht einmal den normalen kinderabzug zur H√§lfte machen, da mein Partner mehr verdient und das obwohl ich die Kinder zur H√§lfte finanzieren. von der Kinderbetreuung werden nur 60 oder 70% anerkannt, da der Rest pauschal ala Essensgeld angeschaut wird, auch wenn es auf der Rechnung selber anders ist... Ich habe jedenfalls eine dicke Rechnung bekommen, die ich jetzt langsam abstottern muss. und das trotz √ºberduchschmittlichem Lohn.",['negative']
"@gutbezahltemutter , ja, das sage ich ja, immer nur wollen und fordern, es reicht. Ich an Ihrer Stelle w√ºrde mal √ºber die B√ºcher und schauen wo ich etwas einsparen kann. Aber wahrscheinlich 2-3 Mal im Jahr in die Ferien und ev. ein zweites Auto!",['neutral']
"@gutbezahltemutter so ist es, aber die die hier gross kommentieren sind die typischen Stammbeiz-Politiker. Diese verleugnen das ein System nur mit gutem Nachwuchsf√∂rderungsprogram funktioniert und welche weinen wenn eine ausl√§ndische Person die F√ºhrungsposition √ºbernimmt, da die starke Frau welche Familie undJob √ºbereinbringen m√∂chte es finanziell nicht einfacher hat.",['neutral']
Sicher ist dass wir die Milliarden f√ºr andere Hilfen n√∂tig sind und sicher nicht f√ºr Kampfjets.Frau Amherd Das wohl unseres Volkes braucht jetzt unterst√ºtzung und nicht Ihre geliebte Armee!!!,['neutral']
"alles was der bundesrat will, ist sowenig glaubw√ºrdige, wie er selbst ... immer das gegenteil .... der bundesrat soll sich einer best√§tigungwahl durch das volk stellen",['neutral']
"Bitte geht alle abstimmen! Die jetzige Abstimmung sieht ein ganz klares Resultat vor so oder so sollte die Personenfreiz√ºgigkeit bei einer Annahme der BGI fallen. Bitte nutzt die Chance! Gerade jetzt zeigt sich die Schw√§che einer unkontrollierten Zuwanderung, sehr viele unsere Arbeitslose k√∂nnten sicherlich, aber garantiert den Job der Grenzg√§ngerPFZ-ler morgen schon √ºbernehmen!",['negative']
Bin ja gespannt wie sehr die SVP wieder auf die Schnauze fliegt. Mittlerweile kann dieser Verein nicht einfach nur fordern und schreien und das Volk verf√§llt sofort in Panik.,['negative']
"√úber die Konzern-Verantwortungs-Initiative h√§tten wir abstimmen sollen. Ob Menschenrechtsverletzungen und Naturzerst√∂rung (die zur Migration f√ºhrt) den Konzernen, die hier Steuern sparen, weiterhin einen Wettbewerbsvorteil verschaffen sollen. Wurde von FDP-St√§nderat und Lobbyist Ruedi Noser auf NOCH sp√§ter verschoben, damit den Initianten das Geld ausgeht und der Planet weiter den Bach runtergeht. Gibts hier noch B√ºrger denen das nicht egal ist?",['negative']
"freue mich drauf, die Kampfjets bachab zu schicken!",['positive']
"Die Stimmbeteiligung d√ºrfte dann bei ungef√§hr 40 Prozent sein - das heisst 60 Prozent der Stimmberechtigten haben gemerkt, dass in der Schweiz das Volk nichts zu sagen hat - trotz dem Demokratie- Deckm√§ntelchen.",['neutral']
"W√ºrde man endlich e-Voting zulassen, w√§re das alles kein Problem. Jeder k√∂nnte von zu Hause aus gesch√ºtzt abstimmen, seine Stimme erst noch von A-Z kontrollieren und das Post-Versandproblem ins Ausland w√ºrde auch um den R√ºckweg entsch√§rft. Aber viele Schweizer beharren lieber darauf, am Sonntagmorgen vor dem Kirchgang pers√∂nlich an die Urne gehen zu k√∂nnen. Neu mit Schutzmaske.",['positive']
So wie ich das Schweizer Volk kenne wird ja sowieso wieder f√ºr die EU gestummen und noch vieles mehr. Da die Leute leider nicht mehr vor die Nase studieren.,['negative']
"Kampfjets gehen bachab. Man hat kein Geld mehr f√ºr so unn√ºtzes Zeug. Die h√§tten nur genutzt, wenn man damit die Lombardei bombardiert h√§tte, bevor es losging, und ein paar Flugzeuge aus China abgeschossen. Ansonsten sind die nutzlos. Ausser f√ºr gratis Pilotenausbildung f√ºr ein paar privilegierte.",['negative']
"Ich hoffe, dass bis dann noch mehr Vern√ºnftige zu der Ansicht kommen, dass wir vorerst Wichtigeres mit unserem Geld anstellen sollten, als Kampfflugzeuge anzuschaffen.",['neutral']
haben und hatten ja jetzt genug zeit uns √ºber die vorlagen zu informieren. mit #stayAtHome hat man zeit sich in die materie einzulesen. so unm√ºndig wie uns linke immer darstellen wollen sind wir nicht.,['negative']
"Dabei die gef√ºhlte 50. SVP ""Ausl√§nder raus"" Initiative.",['neutral']
"Abstimmen um zu erleben, dass das Resultat nicht umgesetzt wird in einer Demokratie, welche bei jeder Grippe die B√ºrgerrechte per Notrecht aussezt und die Wirtschaft in den Ruin treibt.",['neutral']
Mich w√ºrde intressieren √ºber was wir den genau in diesen 5 Vorlagen abstimmen...?,['neutral']
Die Flugi -Abstimmung ist wohl schon entschieden. Heute haben wir sch√∂ne Weisse mit Schweizerkreuz und solche mit h√ºbschen Edelweiss gekauft. Da k√∂nnen viele Leute mit Sicherheitsdistanz sch√∂ne Rundfl√ºge machen. Da brauchen wir keine Ein- und Zweipl√§tzer f√ºr wenige Einzelmasken.,['neutral']
"@a.Frei von wegen, die USA und EU usw. werden mit Sicherheint nicht im Coronasumpf untergehen, sondern im Kreditsumpf der gerade durch den Kamin fliegt,und schon lange am Kollabieren ist, und Dank dem d√§mlichen Lockdown und der damit explodierenden Schulden der Schweiz wird die Schweiz mitfliegen.",['negative']
was solls. Wir werden das schon machen k√∂nnen. Wir hatten jetzt ja lange genug Zeit zum lesen und informieren. Die Meinungen sind eh gemacht.,['negative']
"Ich hoffe, die meisten werden merken wie unwichtig die EU f√ºr uns ist. Bei einer Krise schaut ja doch wieder jeder auf sich selbst. Grenzen schliessen geht pl√∂tzlich sehr schnell. Nee danke. Aber ist ja sowieso egal was wir stimmen. Die Begrenzungsinitiative wird ja dann doch wieder nicht umgesetzt.",['negative']
"Freue mich auf die Abstimmung. Und ich hoffe die meisten werden bald mal kapieren wie wichtig Europa ist, wenn Amerika und viele andere Staaten im Coronasumpf untergehen.",['positive']
"die kampfjets k√∂nnten es schwierig haben, bei den ''rosigen'' aussichten auf die hohe verschuldung, welche auf uns zukommt...",['neutral']
"Ja, ist sicherlich nicht ideal, trotzdem k√∂nnen wir uns gl√ºcklich sch√§tzen, in dieser Demokratie zu leben. Denke das ist verkraftbar.",['neutral']
"Eine gute L√∂sung, damit ist gew√§hrleiste dass ausgiebig √ºber jede Vorlage diskutiert werden kann y der Stimmb√ºrger seine Meinung bilden kann.",['neutral']
