Falsch. Die Folgekosten der Fachkr√§fteschieberei zahlen die nicht. Die zahlen wir.,['neutral']
Bei der kommt mir das ü§Æü§Æü§Æ,['negative']
"Also ich bin der Meinung, dass man verantworten kann, dass hiesige Unternehmen auch f√ºr ihre Tochterfirmen im Ausland haften m√ºssen. Aber Zulieferer? Das ist nun doch sehr aufwendig die Lieferketten bis zum Ursprung zu verfolgen. Hier bin ich eher der Ansicht, dass Firma und Tochter eine Sorgfaltspflichtvereinbarung mit genauen √úberpr√ºfungskriterien und -periodizit√§ten unterstellt werden. Mit hohen Bussen bei Vernachl√§ssigung oder farl√§ssigkeit. Und mit hohen Bussen meine ich, dass diese Existenzbedrohend sein m√ºssen, damit sich die Firmen daran halten.",['neutral']
"Glencore ist kein CH Unternehmen im eigentlichen Sinn. Glencore hat den Sitz hier weil sie von tiefen Steuern und anderen Z√ºckerli profitieren. Darum geht die Initiative am Ziel vorbei. Richtiger w√§re es national und kantonal die Kagd auf solche Firmen abzustellen W√ºrde f√ºr die Schweiz heissen, dass etwas weniger Geld hierher fliesst aber das w√ºrden wir ja sowieso alle begr√ºssen. Oder etwa nicht?",['neutral']
"@Leo Egal ob echte Schweizer Firma oder nicht. Wer von den Privilegien in der CH profitieren will, soll sich an selbstverst√§ndliche Regeln wie Menschenrechte und Sorgfalt gegen√ºber der Umwelt halten.",['neutral']
Hat bereits bei der BGI gelogen. Wollt ihr wieder drauf reinfallen?,['negative']
"@Frau KS ja es ist so, seit sie im Bundesrat ist geht es mit ihr bergab. Blocher wahr erlich und gleich gesagt was nicht passt und musste so das Feld r√§umen.",['negative']
Seit wann d√ºrfen eigentlich Bundesr√§te massgeblich im Wahlkampf f√ºr Abstimmungen mit- mischen? H√§tten sicher andere aufgaben zu erf√ºllen!!,['neutral']
"@Fred Ja, richtig! Zum Beispiel Den Rahmenvertrag supito unterzeichnen. Und nicht noch auf unzaehlige Meinungen warten!",['neutral']
Ist kein BR sondern eine Lobbyistin!,['negative']
"Frau Sutter, Glencore w√§re schon lange im Konkurs, wenn die Firma, wie Sie behaupten, f√ºr angerichtete Sch√§den aufkommen m√ºsste. Waren Sie noch nie vor Ort?",['neutral']
"@Die schnelle Gerda Nicht nur Glencore. Zu den Sch√§den darf man durchaus alles z√§hlen, was seit Jahrzehnten der Steuerzahler berappt, aber eigentlich den Firmen in Rechnung gestellt geh√∂rte. Denn SIE sind die Verursacher.",['neutral']
"Hoffentlich entwickeln sich die Menschen irgendwann so weit, dass sie sich gegenseitig und auch die Umwelt nicht mehr ausbeuten.",['neutral']
@Reiner Keiner Ja wir sind auf dem Weg. Gruen und sozial sind wir schon lange!!!,['neutral']
@Ubon mehr sozial und Geldgail,['negative']
Ist schon spannend wer alles und warum sich f√ºr ein Ja ausspricht.W√§re ich ein ausl√§ndische Steueroase ich w√ºrde definitiv versuchen diese Initiative zu unterst√ºtzen.Was kann es sch√∂neres geben als ein Mitkonkurrent nimmt sich selber vom Feld.,['positive']
"¬´Schon heute haften Schweizer Unternehmen f√ºr angerichtete Sch√§den¬ª. Glencor z.B. Firma die auch mit Russland zu tun hat, haftet f√ºr nichts. Aber ich denke mein Kommentar wird sowieso nicht ver√∂ffentlicht. Gruss an Zensor",['negative']
"@Nicht ganz Aha, da sind sie ja richtig gut informiert, was? Ein selbsternannter Insider gar? Glencore wird schon lange sehr genau beobachtet und haftet auch! Aber das passt jetzt nat√ºrlich nicht in ‚Äöihren‚Äò case bez. diesen Firmen.",['negative']
@RoMi Bitte geben Sie mir ein Beispiel wo Glencor die Verantwortung √ºbernehmen hat. Mit dem Beweis.,['neutral']
Heute haften die Unternehmen f√ºr Externe Kosten nicht. Sonst s√§he die Schweizer Wirtschaft etwas anders aus.,['neutral']
"Als √º50er und ewiger SVP W√§hler lege ich ein √ºberzeugtes JA in die Urne. Wenn die Konzernverantworungsinitiative tats√§chlich umgesetzt w√ºrde, dann ziehen viele internationale Grosskonzerne ab und die Attraktivit√§t der Schweiz als Arbeitsmarkt nimmt rapide ab. Dadurch entleert sich die Schweiz und der Dichtestress l√§sst nach. Ziel erreicht.",['negative']
Warum haben all diese fragw√ºrdigen Konzerne ihre Niederlassungen in Zug? Alleine drum schon stimme ich f√ºr die Initiative.,['negative']
@Toni Tobler hast du dich auch schon gefragt warum mindestens gleich viel wenn nicht mehr ihren Briefkasten in Delaware haben.,['neutral']
"@Toni Tobler Einfache Frage, einfache Antwort. Steuervorteile...daf√ºr fressen die Zuger Beton oder beantragen Niederlassungs-Asyl im Aargau.",['neutral']
hotteli- h√º ! ü§£ ich reitt mein st√§kenpferd. .,['negative']
"@kosake  einmal hin... einmal her - rundherum, dass ist nicht schwer. üèá",['neutral']
Warum f√§rbt Sie sich die Haare blond? Warum f√§rben sich Menschen die Haare?,['negative']
@M√∂chte wissen warum Menschen sich die haare f√§rben Umweltverschmutzung,['neutral']
Bitte f√ºr das Unwort des Jahres 2020 abstimmen 1. Selbstregulierung 2. Macht des Konsumenten 3. Ewiges Wachstum,['neutral']
@Carla 4. Wissenschaftlich belegt.,['neutral']
@Carla 5. Eigenverantwortung,['neutral']
"Dann ist ja gut, wenn Schweizer Unternehmen jetzt schon haften. Und wie ist es mit der Politik?",['neutral']
wenn keller sutter ... meint ? kommt's meist nicht gut.,['negative']
"Wir brauchen auch eine Politikerveratwortungsinitiative, und, wer √ºber zwei Monate nichts macht f√ºr die Menschen fliegt.",['neutral']
"@Peter Gute Idee, aber kann nach Hinten losgehen. Auch die Superreichen, die Verwaltungsr√§te, die Finanzjongleure etc z√§hlen zur Gattung Mensch.",['neutral']
Die sollen f√ºr auch Fachkr√§fte-Rumschieberei haften. Reinholen und wir sollen bezahlen wenn der Auftrag durch ist?,['neutral']
@Im Gegenteil Das ist DER zentrale Punkt. Externe Kosten!,['neutral']
"Bei der Abstimmung vor 2 Wochen z√§hlte ich zu den Verlierern. Jetzt habe ich nochmals Gelegenheit die Verbauung dieses nicht mehr so sch√∂nen Landes etwas zu bremsen und es bleibt mir auch nichts anderes √ºbrig als dieser Initiative zuzustimmen. Mal sehen ob eine Verz√§hlung euch auch in dieser Abstimmung, diesmal mit einer anderen Initiantengruppe im Hintergrund, gelingt.",['neutral']
"Konzerne zahlen 1000 Franken, mehr nicht.",['neutral']
"BR ist daf√ºr,dann bin ich dagegen,anders kann man das Land nicht retten.",['neutral']
@Tinu Die Politiker arbeiten schon lange nicht mehr f√ºr ihren Arbeitgeber.,['neutral']
"@Tinu, nein der Bundesrat ist gegen die Initiative, darum stimme Ja!!",['neutral']
@Tinu Bundesrat und Parlament sind dagegen!,['neutral']
Keine Angst Frau Bundesr√§tin. Meine Stimme wird ein JA sein. Konzerne sollen endlich Verantwortung tragen!,['neutral']
Falls die KVI angenommen wird werden sich ettliche Regierungen die H√§nde reiben weil sie dann f√ºr alle Missst√§nde ihres Landes die Schweiz und ihre Industrie verantwortlich machen k√∂nnen. Sie werden auch M√∂glichkeiten und Gr√ºnde erfinden um die Zitrone trocken pressen zu k√∂nnen.,['neutral']
Der Bundesrat ist das eine. Die anderen das andere...die machen was sie wollen. Ob mit BR oder nicht....!!!,['neutral']
Bei den Konzernen bleibt nur der Gewinn im Vordergrund! Die gehen f√ºr 1.- mehr Gewinn √ºber Leichen üëéü§Æ,['neutral']
"Die Konzerne sollen endlich mal die Verantwortung √ºbernehmen f√ºr dir Umwelt und dir Menschen. Vlt. produzieren dann auch viele Firmen wieder in der CH und schaffen neue Arbeitspl√§tze. Es geht nicht immer um den Gewinn, sondern dass unsere Kinder und Enkel noch sauberes Wasser, intakte Umwelt und die Arbritsbedingungen in den L√§ndrn verbessert werden.",['neutral']
"Nein lieber Bundesrat. Es war die Initiative letzter Woche welche die Arbeitspl√§tze gef√§hrdet. Hier das Thema Arbeitspl√§tze hervorzunehmen finde ich extrem weit hergeholt. Es geht um Konzerne welche international t√§tig sind mit Arbeitnehmer der jeweiligen L√§nder. Logisch gedacht, wenn der Bundesrat die Arbeitspl√§tze bei Annahme der Initiative als gef√§hrdet betrachtet, betrachtet er die Handlungen der Konzerne als Illegal wegen Verst√∂ssen gegen Menschenrechte und Klimaschutz. Bei der Annahme der Via Secura und dem Rasergesetz, hat man auch argumentiert Wer sich an das Tempolimit h√§lt hat nichts zu bef√ºrchten. Somit haben Konzerne bei Annahme der Konzernverantwortungsiniative auch nichts zu bef√ºrchten. Oder etwa doch lieber Bundesrat?",['neutral']
@Asdf Nur Arbeiter die schlechte Arbeit machen werden ersetzt kein Arbeitgeber k√ºndigt seine toparbeiter,['neutral']
@H√§sch gw√ºsst Nat√ºrlich. Alles ist gut im Fantasieland,['positive']
Die Schweiz m√∂chte immer gerne Weltverbesserer spielen kommt aber so nie weiter ! Wie w√§re es mal ein Wasserstoff Kraftwerk zu bauen das ist Inovativ und total Umweltfreundlich üëèüá®üá≠,['positive']
"@Mike Kernfusion Kraftwerk w√§re das Beste was mann machen k√∂nnte. Null Atomarerabfall, null Umweltverschmutzung. Warum bleiben solche Projekte schubladisiert? Des Geldes wegen!",['negative']
@Atomi Geld w√§re mehr als genug vorhanden aber die Atom und allgemein Lobbyisten wollen NICHTS daran √Ñndern !,['negative']
"@Mike Wasserstoff Kraftwerk? Wasserstoff wird aktuell haupts√§chlich aus Erdgas gewonnen - verbrennen w√§re also ziemlich sinnlos. Falls du von einem Fusionsreaktor(""Brennstoff"" Deuterium & Tritium) sprichst - da sind wir leider noch Jahrzehnte entfernt. Zum Gl√ºck gibt es jedoch bereits einen sicheren Fusionsreaktor in 8 Lichtminuten Entfernung - die Lichtstrahlung des kostenlosen ""Fusionsreaktors"" Sonne muss nur in Strom umgewandelt werden z.B. mit Solarzellen ;-)",['neutral']
"@Adam Seidler Absolut richtig, die Solarkonstante betr√§gt ca. 1360 Wattm2, in einem Jahr liefert die Sonne mehr als das 100000 fache an Energie als die Menschheit braucht.",['neutral']
@Adam Seidler & die Solar Zellen sind nach ca. 25 Jhr. am Endeeee. Kann man im Moment nicht recycle. Noch Fragen?,['neutral']
Frage 1 Wie wirtschaftsfeindlich ist die Rechtsprechung in der Schweiz? Frage 2 entf√§llt,['neutral']
@Grundsatzfragen 1 und 2 Bald werden sie in den Speisesaal gefahren,['neutral']
"@Kukident crew Lebenserfahrung ist genau das, was einigen Exponenten heute fehlt.",['neutral']
Svp will sich nur wieder wichtig machen nachdem sie wieder versagt haben Betonung auf wieder,['neutral']
Die Witschaft und Frau BR bek√§mpfen die Initiative. Damit zeigen sie dass A heute Kinderarbeit und Umwelts√ºnden bestehen und B dass die Schweiz weiterhin von dieser Situation profitieren soll.,['neutral']
"@Werner R√ºegg Und was sollen diese Pauschalverurteilungen, ich habe ich der CH auch Kinderarbeit geleistet",['neutral']
@Hans genau so schlimm. Und sollen wir Kinderarbeit in fernen L√§ndern deshalb zulassen?,['neutral']
@Hans Ich auch. Aber wir beiden leben noch.,['neutral']
Die Wirtschaft hat mit Halbwahrheiten und einer Angstkampagne die BGI abgeschossen. Ich werde deshalb die KVI mit gutem Gewissen annehmen. Schliesslich verlangt sie nur Selbstverst√§ndliches.,['neutral']
@PeterPan Das Schweizer Volk hat es abgelehnt nicht die Wirtschaft.,['neutral']
"Egal ob klassischer Kolonialismus durch milit√§rische Macht, oder Neo-Kolonialismus durch die Macht des Geldes Ausbeutung ist Ausbeutung.",['neutral']
"Est ist wichtig, dass die Schweiz f√ºr solche Gesch√§ftsmodelle keine Plattform bietet. Deshalb ein kr√§ftiges Ja zu dieser Initiative.",['neutral']
"Der Bundesrat bek√§mpft sie, bedeutet, dass die 5 b√ºrgerlichen Bundesr√§te von den 7 Bundesr√§ten sie bek√§mpft. Und das m√ºssten sie nicht, wenn sie nicht genau w√ºssten, dass die Konzerne im Ausland laufend gegen das Gesetz verstossen w√ºrden und sich dort nicht um die Menschen scheren.",['neutral']
Schweizer Konzerne sollen unsere moralischen Werte auch im Ausland befolgen m√ºssen. Deshalb JA zur Initiative.,['neutral']
@Georg Und umgekehrt? Stichwort Kinderheiraten und Mehrfachehen? Wird das bei Annahme der Konzernvernichtungsinitiative durch andere Staaten in der Schweiz auch umgesetzt?,['neutral']
"@Georg Welche moralischen Werte, da liegtves ja hier schon im Argen.",['neutral']
"Ich werde JA stimmen. Ich brauche keinen Arbeitsplatz mehr und ich hoffe, dass dann die Konzerne in die EU oder sonstwohin ziehen und alle ihre Mitarbeiter mitnehmen. Dann gibts hier wieder Platz.",['negative']
"@Marisa joa, so wirds sicher kommen....",['positive']
@Marisa Und eine Rente brauchst Du auch nicht mehr ü§î??,['neutral']
@Juspe Nicht unbedingt.,['negative']
klares JA zur konzrnverantwortngsinitiative klares NEIN zur EU-knechtschaft .... rahmenbkommen,['neutral']
@B√ºezer ........ wenn die CH das rahmenabkommen bejaht haben wir zur konzernverantwortung nichts mehr zu sagen .... dann bestimmt die EU √ºber unsere gesetze,['neutral']
@B√ºezer Darum sind die BR so dagegen. Sie m√ºssen f√ºr das Rahmenknechtschaftsabkommen mit der EU auch noch diese Klippe umfahren.,['neutral']
Die Lobbyisten sind wieder gut geweibelt.,['negative']
"Diese Politiker wollen ohnehin nur die Initiativen, die f√ºr sie einen Vorteil bringen. Deshalb w√ºrde ich auch nie zu einer Initiative nein sagen, nur weil der Bundesrat oder das Parlament dazu nein sagt. Die manipulieren uns mit Tricks ohnehin schon so wie sie es wollen. Sollte auch keine Verschw√∂rungstheorie oder so sein das ist halt leider einfach so.",['negative']
"Zur Aufkl√§rung Die sog. Konzernverantwortungsinitiative - die im √úbrigen nichts mit Konzernen zu tun hat, sondern auch KMUs erfasst - wird von Juristen und Rechtsprofessoren als radikal und extrem (damit also als h√∂chst riskant) eingestuft, der vom Parlament verabschiedete Gegenvorschlag als viel besser ausbalanciert. (Und zu glauben, dass es gest√ºtzt auf die Konzernverantwortungsintiative keine missbr√§uchliche Klagen von US-Anw√§lten gegen Schweizer Unternehmen geben wird, ist einfach nur naiv.) Der Gegenvorschlag tr√§gt dem Rechnung, indem nach wie vor der Kl√§ger zu beweisen hat, dass das beklagte Schweizer Unternehmen ein Fehlverhalten an den Tag gelegt hat (dies ist auch das in der Schweiz gebr√§uchliche Haftungssystem). Was viele evtl. gar nicht wissen Der Gegenvorschlag tritt in Kraft, wenn die Konzernverantwortungsinitiative abgelehnt wird - d.h. ein Nein zur Initiative ist ein Ja zum Gegenvorschlag.",['neutral']
"@Rechtsanwalt danke wusste nicht dass es einen Vorschlag des Parlaments gibt, der gilt ohne die Initiative! guter Hinweis!",['neutral']
"@Rechtsanwalt Die Initiative kommt bei rund 1‚Äò500 Konzernen zur Anwendung. Kleine und mittlere Unternehmen (KMU bis 250 Mitarbeiterinnen) sind von der Initiative ausgenommen, ausser sie sind in Hochrisiko-Sektoren t√§tig (z.B. Goldhandel.). Mit der Initiative k√∂nnen Betroffene in der Schweiz vor einem Zivilgericht auf Schadenersatz klagen und eine finanzielle Kompensation f√ºr den erlittenen Schaden einfordern. Die Beweislast liegt dabei bei der gesch√§digten Person (Quelle Website der Konzern-Initiative, darf leider keinen Link in den Kommentar kopieren). Die meisten Konzerne halten sich an die Regeln. Einige setzen sich jedoch √ºber Umweltstandards hinweg oder ignorieren die Menschenrechte. Sie verschaffen sich einen Konkurrenzvorteil durch Verantwortungslosigkeit. Um das zu unterbinden braucht es die Initiative.",['neutral']
"@Rechtsanwalt Der Gegenvorschlag ist v√∂llig wirkungslos. Daf√ºr haben FDP, SVP und die CVP gesorgt.",['neutral']
"@Rechtsanwalt Zu radikal, zu extrem? Kriminelles Handeln zu bek√§mpfen, ist also zu radikal und zu extrem? Missbr√§uchliche Klagen? Gibt es nicht. Wir sind ein Rechtsstaat und eine Klage l√∂st keine Bestrafung aus, erst ein Urteil durch einen Richter. Und dieses wird nur gesprochen, wenn das beschuldigte Unternehmen auch kriminell gehandelt hat. In diesem Fall ist es v√∂llig egal ob KMU oder Konzern.",['neutral']
"@Ja zur Konzerninitiative Hochrisiko-Sektoren Goldhandel, d.H. am Schluss auch die kleinen Schmuckl√§den und Uhrenl√§den, die sollen dann ""Beweisen"" dass Ihre Artikel sauber sind? wie soll das gehen?",['neutral']
"Wenn immer Keller-Sutter den Mund auftut, dann ist es empfehlenswert zweimal hinzuh√∂ren und gut zu √ºberlegen. Sie hat immer die selbe Mimik und gar keine Gef√ºhlsregung. Man k√∂nnte meinen sie ist ein Roboter. Im Moment bin ich f√ºr ein JA f√ºr diese Initiative, aber ich werde mir das von allen Blickwinkel anschauen bevor ich mir eine Meinung bilde. Und die Medien lasse ich da ganz weg und entscheide ohne die.",['negative']
"@Yo ..... so schwer kann der entscheid nicht sein, wenn sie darauf achten wer und warum bef√ºrwortet ..... es geht nur um nochmehr gewinne .....so auch beim rahmenbkommen",['neutral']
"@B√ºezer grossartige Einstellung, gratuliere! Und solche Leute d√ºrfen abstimmen.....null differenziert, einfach nur populistisch - egal zu welchem Preis, den Kapitalisten an den Kragen... Toll, wirklich toll und dies dann noch kundtun...",['negative']
"Wer sich hier ernsthafte Gedanken √ºber das Thema macht, und evtl. sogar betr. Firmen beim Namen nennt, hat - wie so oft - keine Berechtigung seine Meinung zu sagen. Das nennt sich ""Neutralit√§t!"" Dahinter verstecken sich eben auch die Firmen um die es hier ginge. F√ºr mich ist diese Neutralit√§t schon l√§ngstens ein Relikt der Zeit des 2. Weltkrieges, wo die Schweiz sich aus den Wirren raus halten konnte - als Bank f√ºr H.",['neutral']
"@Kritischer B√ºrger Nun ja, wie man diese Woche lesen konnte w√§re z.B. Der WWF schon mal betroffen von seiner Verantwortung f√ºr die Vergehen seiner Mitarbeitenden in Asien.",['negative']
"Ich stimme nein. Wieso soll immer die Schweiz zahlen f√ºr Tochterfirmen, die aber selbstst√§ndig arbeiten? Die Firmen m√ºssen ja heute schon bezahlen, wenn sie Fehler machen. Immer neue absurde Gesetze.",['negative']
@Nein well die Tochterfirmen den Bestimmungen der Muttergesellschaft folgen m√ºssen. Wir wollen alle eine gerechtere Welt doch keiner will den ersten und wichtigen Schritt tun!,['neutral']
"@Nein @Ich stimme mit JA Bevor man seine Stimme f√ºr diese Initiative abgibt, sollte man sich zuerst sehr sorgf√§ltig informieren, denn da geht es schon um recht viel. Bauchgef√ºhl funktioniert hier nicht!",['negative']
"Im Ausland gegen die Konzerne √ºber Leuchen, in der Schweiz stellen sie 50plus auf die Strasse oder diskrimi ieren √§ltere Bewerber und ruinieren deren Altersvorsorge.",['neutral']
@Die Pessimistin Ja und? Wir haben dem ja soeben wieder zugestimmt mit Ablehnung der BGI.,['neutral']
Toll die kleine Schweiz rettet wiedermal die grosse weite Welt im ALLEINGANG !,['neutral']
"@Regula Merz Jemand muss ja anfangen. Im √ºbrigen ist die Schweiz ein sehr wirtschaftlich starkes Land. Es hat sehr viele Tochterfirmen in anderen L√§ndern, die schlimme Sachen wie z.B. Menschenrechtsverletzungen, Kinderarbeit, und Umweltbesch√§dugung machen. Da kann man doch nicht zusehen!",['negative']
"@Mensch Genau, wir m√ºssen anfangen und dies mitten in der Krise.....keine R√ºcksicht auf Verluste schon klar, weil Ihnen geht es ja sicherlich noch immer sehr gut (was mich sehr freut).. Aber hey, irgendwer wirds dann schon richten - die Linken werden dann bestimmt ganz vorne mit dabei sein um Geld einzutreiben (sie merken erst dann, dass die grossen Zahler allenfalls schon in Lichtenstein oder sonst wo sitzen..).",['negative']
"@Regula Merz Soviel ich mitbekommen habe, soll es sich dabei um Schweizerfirmen im Ausland handeln. Wenn die Staaten in denen sie arbeiten Unrecht ausfindig machen, sollen sie diese CH-Firma hier einklagen k√∂nnen. Wir retten h√∂chstens das Ansehen unserer eigenen Wirtschaft!",['neutral']
Unsere Regierung setzt sich f√ºr Grosskonzerne ein . Das war schon immer so . Das Volk bleibt auf der Strecke . Ich stimme sicher ja,['neutral']
@B√§rbel Und bei wem arbeitet das Volk dann n√§chstens und finanziert damit den Lebensunterhalt?,['neutral']
@Klara Das Volk will eben in Unternehmen arbeiten und nicht in kriminellen Organisationen! Und anst√§ndige Betriebe gibt es genug.,['neutral']
Konzerne geben den Menschen Arbeit und Einkommen. Was geben die NGO's?,['neutral']
@Unternehmens F√ºrsorger Ein lebenswertes Leben?,['neutral']
@Unternehmens F√ºrsorger - Die immergleiche Argumentation. Damit l√§sst sich leider in Bern jedes noch so inhumane Gesetz durchbringen.,['neutral']
@Unternehmens F√ºrsorger Die NGOs haben eine riesengrosse Asyl Industrie aufgebaut die angeblich die Welt rettet sollte ! Aber eigentlich genau das Gegenteil macht ! Wir schaffen das !,['neutral']
"@Unternehmens F√ºrsorger Ebenfalls Arbeit und Einkommen ... man glaubt es zwar kaum, aber auch NGO's haben Angestellte, welche einen Lohn erhalten ;) zudem sind viele NGO's sogar noch hilfreich f√ºr die Gesellschaft...",['neutral']
@Human Lohn? ja genau von den spenden die sie dann nur f√ºr die verwaltung anstatt f√ºr hilfszwecke einsetzen. wenige prozente erreichen am schluss die bed√ºrftigen. dass ist nicht hilfreich sondern nur k√ºnstliche geschaffene stellen.,['negative']
Was ist mit dem Territorialprinzip? In der Schweiz soll also ein Konzern f√ºr eine Panne in - sagen wir- S√ºdindien eingeklagt werden...unglaublich,['neutral']
"@Chef wenn man sich korrekt verh√§lt wird man auch nicht angeklagt. w√§r doch eigentlich einfach? aber nein, profit, profit und nochmal profit.",['negative']
"@Nicht-Chef , oh nein, ich bin im Grundsatz f√ºr die Konzerninitiative, aber wie will man die Zust√§nde und Bedingungen vor Ort st√§ndig kontrollieren und das die Lebensbedingungen vor Ort nicht den Schweizerischen entsprechen und auch nie erreicht werden d√ºrfte allen klar sein.",['negative']
"@Aladdin darum sollen ja die Menschen dort klagen d√ºrfen. Es geht nicht um einen Generalverdacht. Aber Menschen, die f√ºr Schweizer Firmen arbeiten, soll eine Stimme gegeben werden, wenn sie als Arbeiter nicht richtig behandelt werden. Deshalb JA zur KVI!",['neutral']
@Tanja Unternehmen stehen dann ja unter st√§ndigem Generalverdacht.,['neutral']
Ich bin auch daf√ºr . Was hier abgeht finde ich schon lange total daneben . Keller Suter hin oder her intressiert mich eh nicht was die sagt . Glaube nichts mehr was BR sagt,['negative']
"Economiesuisse, der Verband der Grosskonzerne, hat den Bundesrat gekauft. Es ist eine Schande, dass reiche Grosskonzerne auf Umweltzerst√∂rung und Lohndumping angewiesen sind, w√§hrend sich KMU fair verhalten. Eine breite b√ºrgerliche Allianz ist F√úR KOVI.",['negative']
"In der aktuellen Lage kann man sicher gehen, dass sich die Politiker immer daf√ºr stark machen, was nicht oder wohl kaum zum Wohle des Volkes ist. Darum weiss ich jetzt schon, dass ich Ja stimmen werde.",['neutral']
"Konzerne, die sauber sind, haben ja nichts zu bef√ºrchten. Ja, die Schweiz ist klein aber viele kleine machen auch einen grossen Unterschied. Einer muss anfangen.",['negative']
"@Fairtrade Jeder Gang vor Gericht kostet Geld und wenn eine Firme laufend von Wirrk√∂pfen vor Gericht gezerrt wird, so geht das rasch in die Millionen, die irgendwo gespart werden m√ºssen. Meistens an Arbeitspl√§tzen oder Lehrstellen.",['neutral']
"@Jeffrey Spector Wenn die Anklage erfolglos ist, werden die Gerichtskosten vom Kl√§ger getragen, oder irre ich mich? Immer nur das schn√∂de Geld",['neutral']
"Ich stimme ganz klar JA zur Konzerverantwortungsinitiative, denn es kann nicht sein das wir in der Schweiz die h√∂chsten Umweltstandarts haben und in anderen L√§ndern tobt man sich richtig aus.",['neutral']
"Ich bin nicht Links, aber auch nicht Rechts, sondern denke selbst nach und entscheide dann. Hier bin ich f√ºr die Initiative.",['neutral']
"Wenn die FDP Frau dagegen ist, weiss man ja auch gleich, dass man daf√ºr sein muss. Es sei denn nat√ºrlich man ist selbst Unternehmer und schon bei der FDP.",['neutral']
"@Helvetia umgekehrt! Wenn ein Gr√ºner f√ºr etwas ist (was eh selten ist, die sind ja immer dagegen), dann unbedingt dagegen stimmen!",['neutral']
@Roland H. Dann kann man ja gleich alle Initiativen ablehnen,['neutral']
Dem Bundesrat k√ºmmert sich nur noch um die Wirtschaft und und um die ausl√§ndischen Arbeitskr√§fte - was ist eigentlich mit dem Schweizer Mittelstand?,['neutral']
@Es reicht ...den gibt es schon lange nicht mehr...,['negative']
"Die Initiative will wohlgemerkt NICHT Konzerne 'aus der Schweiz jagen', sondern nur dass sie vor ein Gericht kommen k√∂nnen. Ob sie dann noch schuldig befundengeb√ºsstvwerden ist eine ganz andere Frage. Und ob sie deswegen gleich auswandern, erst recht. Betrifft wohlgemerkt nir Konzerne mit √ºber 200 Mitarbeitern, KEINE KMUs wie das Gegenkomitee uns weismachen m√∂chte. Wenn Konzerne Menschen auf zig Millionen verklagen k√∂nnen (Ueli Maurer machts m√∂glich...), ist es nur logischvwenn auch Menschen Konzerne verklagen k√∂nnen d√ºrfen.",['neutral']
In der schweiz werden immer und immerwieder gesetze kreiert welche weltweit einmalig sind. Wieso eigentlich?,['neutral']
"@Einer von allen vielleichtvweil wor die einzige direkte Demokratie sind? Nirhends hat das Volk soviel zu sagen wie in der CH. Deshalb ists umso wichtiger, uns mit Fake+News und Angstkulissen der Medien an der Leine zu halten. Wem geh√∂ren die allermeisten Medien? NZZ, Weltwoche, TAMEDIA-Medien? Rechten, reichen Parteien und Schwerreichen. Was f√ºr ein Zufall...",['negative']
"@Cris TAMEDIA und NZZ geh√∂ren aber ganz Linken, schwerreichen Familien...",['neutral']
"@Edo Leider nein, die NZZ-Gruppe geh√∂rt der FDP und Leuten die ihre Markt-ideologie teilen, steht in den Statuten der NZZ. TAMEDIA geh√∂rt einer Familie, die ganz sicher nid links ist.",['negative']
@Edo Nein geh√∂ren sie nicht. Man stelle sich vor jemand beschwert sich √ºber die Medien ihre Unwahrheiten und Propaganda und bei der ersten Gelegenheit macht man genau das gleiche. Selbstreflektion noch nie ein Thema gewesen?,['negative']
"So wie die Gerichte hierzulande gemeinhin urteilen, haben die Konzerne bei einer Annahme dieser Initiative so gut wie nichts zu bef√ºrchten.",['neutral']
@Sturm im Wasserglas komisch und warum bek√§mpfen sie die Initiative mit allen Mitteln und warum hat Ruedi Noser erfolgreich die Abstimmung drei Jahre lang verz√∂gert?,['negative']
"Die Konzernvernichtungsinitiative hat zwei Ziele Globale sozialistische Umverteilung Die Konzernvernichtungsinitiative hat zwei Ziele Schw√§chung des Rechtsstaates Die Konzernvernichtungsinitiative ist v√∂llig falsch Umkehr der staatlichen Rechtssysteme Die Konzernvernichtungsinitiative ist unfair Umkehr der Beweislast, Unschuld ist zu beweisen Die Konzernvernichtungsinitiative ist unmenschlich Sippenhaft auf Verdacht",['neutral']
@Globi das hier ist keine M√§rchenstunde.,['neutral']
"Komisch, ich dachte, Regierungsmitglieder d√ºrften sich nicht wirklich parteiisch √∂ffentlich √§ussern. Aber vielleicht irre mich. Falls nicht, erh√§lt man das Gef√ºhl, die Regierung setze sich durchaus klar f√ºr die Konzerne ein. Interessant.",['negative']
@Interessant Wir kennen es eigentlich nicht anders. Insofern w√§re alles andere eine Riesen√ºberraschung.,['negative']
"@Interessant Sie lesen vermutlich nie das Heftchen, dass mit den Wahlunterlagen kommt? Dort steht immer klipp und klar welche Meinung der BR hat, somit ist der BR nie neutral.",['neutral']
"@Z√ºrcher Ex-Pat Soweit ich weiss, ist der Bundesrat ein ausf√ºhrendes Organ. Deshalb ist eine parteiisch und √∂ffentlich gef√ºhrte ""Werbung"" durch den Bundesrat eigentlich mit dessen Auftrag nicht vereinbar. Mir sagt es, dass scheinbar Konzerne das Sagen haben. Aber vielleicht irre ich mich ja auch. Ich weiss es nicht.",['neutral']
@Interessant F√ºr Geld geht beim Bund alles.,['negative']
