"Also jeder der √ºber Nachwuchs und √úberbev√∂lkerung jammert, stimmt ganz klar mit Nein. Entweder man l√§sst die Natur die Regulierung selbst vornehmen, oder h√∂rt auf jammern. Ganz einfach. Vor mir gibt es ein Nein weil ich noch immer bestimmen will, was ich weggeben und nicht was ich behalten will.",['neutral']
die abstimmung ist reine bevormundung! also ich √ºberlegte mir immer organspender zu werden aber so soll ich dazu gezwungen werden und das passt gar nicht und das geht vielen so die ich kenne! die abstimmung k√∂nnte bei erfolg auf einmal das gegenteil des gew√ºnschten zur folge haben!,['negative']
"Seltsam, beim Thema Kinder sind die Leute so solidarisch und wollen Kinder aus sozialen Gr√ºnden auf die Wwlt gesetzt habem, aber bei diesem Thema ist die Mehrheit pl√∂tzlich nicht mehr solidarisch gegen√ºber Mimenschen? ü§¶‚Äç‚ôÄÔ∏èü•¥",['neutral']
"Das ist wieder mal ein sch... ich meine super und akkurat recherchierten Artikel der in keinem Fall unn√∂tige Diskussionen als Resultat haben wird, bravo",['negative']
"So oder so kann ich mir nicht vorstellen, wie das √ºberhaupt funktionieren sollte.",['negative']
"etwas aussergew√∂hnliche Idee,wer weiss,aber wer glaubt dem BAG nach der Covid Pandemie",['neutral']
"Mache jede wette, dass sich die Gegner dieser Initiative auf bestimmten Telegram-Gruppen treffen. Einfach noch so egoistisch alles ablehnen, was anderen irgendwie helfen k√∂nnte. Who cares, was mit Euren Teilen nach dem Tod passiert? Einfach besch√§mend. Aber ja, so ist die Schweiz nunmal.",['negative']
"geht's euch noch gut .meine bekommt ihr sicher nicht. da whale ich schon mal auf sicher NEIN """"""""",['negative']
Ich sage trotzdem klar nein,['negative']
Da w√ºrde sich aber einen sehr √ºber meine Gr√∂sse freuen üòú,['neutral']
"Ich finde es eine sch√∂ne Vorstellung dass ich nach meinem Ableben eventuell einigen Personen wertvolle Zeit schenken k√∂nnte. Wer das Gl√ºck hat bis ans Lebensende gesund zu sein soll seine Organe spenden f√ºr die, welche dieses Gl√ºck nicht haben. Alles andere ist egoistisch.",['negative']
Wie sieht es eigentlich mit Silikonb√ºrsten aus?,['neutral']
Ich gebe rein gar nichts von meinem K√∂rber!,['negative']
Hand- und Arm-Transplantationen sind auch verboten? Warum? Ohne Praxis wirds nicht einfacher.,['neutral']
kann man sich jetzt einen 2ten bestellen?,['negative']
Mal sehen wie der Schwarzmarkt danach aussieht.,['neutral']
"Um eine wirklich ehrliche, wahrheitsgetreue und echte Diskussion zu f√ºhren m√ºssten die Medien echte Infos liefern die das gesamte Spektrum umfassen. - Wie lange lebt ein transplantiertes Herz im Durchschnitt... Eine Niere, eine Leber usw... - Wie lange leben Transplantationsempf√§nger im Durchschnitt... - Welche Nachbehandlung, Medikamentation und Folgepflege ben√∂tigt ein Empf√§nger... - Was f√ºr Kosten entstehen f√ºr die Allgemeinheit durch h√∂here Transplantationsraten... - Kann ein Organ eines Toten transplantiert werden... - Was bedeutet und wer definierte den Hirntod Usw, usw, usw...",['neutral']
Ich bin kein Ersatzteillager.,['neutral']
"@vario0 V√∂llig legitim. Deshalb steht Ihnen, falls das neue Gesetz durchkommt, immer noch frei, dies auch so zu √§ussern und zentral festzuhalten.",['neutral']
"Es ist sicher korrekt, was hier im Artikel steht. Trotzdem empfinde ich den Titel nicht korrekt. Mit dieser Formulierung wird suggeriert, dass es auch in Zukunft nicht m√∂glich sein wird. Das kann heute niemand voraus sagen. Ebenfalls wissen wir, dass ‚Äûmit einem Fuss in der T√ºr‚Äú weitere Begehrlichkeiten kommen. Z.B. aus svpfdp Ecke eine steuerentlastung nach der anderen f√ºr jur. und nat. Personen, die darauf nicht angewiesen sind und aus der eher linken Ecke kam rund 20 Jahre nach der eingetragenen Partnerschaft die Ehe f√ºr alle. Immer h√∂rt man, dass mit dieser Abstimmung die Ziele erreicht sind und keine weiteren Pl√§ne vorhanden sind. Und jedesmal folgt Tage, Monate, Jahre danach der n√§chste Schritt. Diese absoluten Aussagen in den Titeln haben in der 2. Coronah√§lfte (bis jetzt) begonnen und die Zeit hat resp. wird einen Teil davon als Fake News entlarven. Nicht bewusste Fake News zum ver√∂ffentlichkeitszeitpunkt, aber das macht es ja nicht besser, nicht?",['negative']
"na und , w√§re das so schlimm ? wenn es einer anderen person dienen w√ºrde so w√§re es doch io",['negative']
Die Probleme wo wir in diesem Land haben ü§¶ es wird nur noch l√§cherlich. Aber was solls schlussendlich sind wir Biologischen Abfall. Warum sollen da nicht K√∂rperteile oder Organe weitergegeben werden wenn ich andere Menschen damit ein gefallen machen kann.,['negative']
@Basilea Danke Du sprichstmir aus dem Herzenüòâü§ô,['neutral']
@Basilea weil ich es nicht will. Und solange ich keine Zusage dazu gebe hat niemand was zu entfernen von meinem K√∂rper!,['negative']
"@Basilea Steht ihnen jederzeit frei, einen Organspendeausweis zu holen, aber sie meinten ja, ""es sollen alle m√ºssen, weil *ICH* das finde""...",['neutral']
Warum denn nicht der eine brauchts nicht mehr und der andere freut sich wie Bolle üòâ,['negative']
@Wusel61 Freut sich wie bolleüòÇ. Sind Sie ein berliner?,['neutral']
"Weshalb ich dagegen bin wenn zB 3 Menschen im Sterben liegen, l√§sst der Arzt aus ethischen Gr√ºnden lieber mich sterben und rettet so die 3 Fremden. Desshalb nein von mir.",['neutral']
Wir brauchen keine Pisa Studie. Der W√§hleranteil der SVP zeigt dass unsere Bildung nichtvsehr gut ist.,['negative']
"Die Wirklichkeit kommt den schauerlichsten Science Ficton Romanen und Filmen immer n√§her. Ich bin froh, dass ich schon so alt bin. Mir graut vor der Zukunft.",['neutral']
Sind wir jetzt in CHina,['positive']
Bei solchen Plakaten erkennt man meistens schon weitem von welcher Partei es abstammt.,['neutral']
"@Weitsichtler Was auch immer, aber diesmal haben sie Recht..",['neutral']
"Es kann nicht angehen, dass jemand, der nicht als Ersatzteillager dienen will, sich in einer Datenbank registrieren lassen muss und dort namentlich mit weiteren pers√∂nlichen Details ein Leben lang gespeichert bleibt. Wer seine Organe im vermeintlichen Todesfall spenden will, kann sich registrieren ja lassen. Alle anderen sind davon unangetastet zu lassen und deren Recht auf Datenschutz zu ohne Einschr√§nkung respektieren. In der EU verbietet die DSGVO eine solche Datenbank. Dort hat man ein Anrecht auf L√∂schung aller Daten, wenn man einen Service nicht nutzen will. Diese Opt-Out-Pflicht vertr√§gt sich nicht mit dem Recht auf Privatsph√§re und Datenschutz. Das Volk kommt also gar nicht um ein NEIN herum, egal, welche politische Einstellung man hat. Die SVP ist aber einmal mehr zu doof, um da die richtigen stichfesten Argumente zu liefern.",['negative']
".Nur weil es kritisch ist, ist es nicht auch falsch. Zu oft hatte die SVP schon recht!",['neutral']
"@Grumpyxx bin transplantationspatient, von mir klares ja!",['negative']
"Ich habe das sowieso abgelehnt. Ich bin kein Ersatzteillager und absolut dagegen, Leben k√ºnstlich zu verl√§ngern. Die Menschen m√ºssen endlich akzeptieren, dass ihr Leben ein Ablaufdatum hat!",['neutral']
@Swissgirl1966 Super Einstellung zum Leben,['positive']
Die SVP kann nix anderes als Angst-Kampagnen.,['neutral']
@MartinB. Hat man ja bei Corona gesehen wer Angst und Panik ges√§ht hat.,['negative']
"Ich finde das Plakat nicht gut, zu reisserisch. Aber habe mein NEIN trotzdem schon eingelegt. F√ºr mich geht diese Entwicklung in die falsche Richtung, vor allem nach der Grundrechsbescr√§nkeden Covid Politik letztes Jahr.",['negative']
Meine Organe geh√∂ren nur mir und sonst keinem!!! SVP Politik ist die einzige Politik,['negative']
Bei welchen Abstimmungen hat die SVP nicht gelogen?,['neutral']
@HectorLecter Die SVP hat bestimmt weniger oft gelogen als die Anderen. Zu oft hatte sie das Unheil kommen sehen.,['neutral']
"Organe spenden ist eines . Wenn meine Erben einen angemessenen Betrag bekommen, dann k√∂nnte ich es mir vorstellen. Warum gratis ?",['negative']
@Ueli@uhu dann pass mal auf das deine Verwandten dich nicht an Organh√§ndler verkaufen üòÇüòÇüòÇ,['neutral']
"Und was ist mit jenen Personengruppen, denen ihr Glaube eine Organspende verbietet? M√ºssen sie sich alle auch einzeln dagegen registrieren? Und grunds√§tzlich √Ñrzte und Spit√§ler w√ºrden sich tats√§chlich daran halten, und nicht in der Eile‚Ä¶ Oder muss ich kontrollieren, dass der Wille meines Mannes respektiert wurde und ihm keine Organe entnommen wurden?? Wo es um Umsatz = Geld geht Vertrauen ist gut aber blau√§ugig.",['negative']
"Nein ich und viele andere wollen das nicht. Denn wo immer es ein ‚ÄûProdukt‚Äú gibt, da ist die Gier und der Missbrauch nicht weit Solange ich meine Organe nicht selbst vergeben darf an wen ich will, wird es bestimmt nicht soweit kommen.",['negative']
"Ich habe mich auch nicht freiwillig Entschieden Steuern zu zahlen, mit dem Unterschied dass ich da nichtmal die Wahl habe. Auch brauche ich Geld zum leben in der heutigen Zeit, die Organe brauch ich nicht mehr wenn ich eh sterbe...",['negative']
Das Plakat ist daneben - wie die SVP oftmals in letzter Zeit auch. Die Abstimmung aber wird kein Durchlauf f√ºr die Organspender-Fans!,['neutral']
"Mittlerweile typisch SVP, l√ºgen, √ºbertreiben und dramatisieren scheinen in letzter Zeit dort Standard zu sein...",['negative']
Haben die Bef√ºrworter des neuen Organspendegesetzes Angst zu verlieren?,['neutral']
"Wenn welche schreiben es w√§re kein Zwang, doch ist es! man muss wenn man es nicht will Formulare ausf√ºllen, Verwandte informieren usw. und das obwohl ich ein Recht habe auf K√∂rperliche Unversehrtheit ob tot oder lebendig spielt keine Rolle. Also ist ist Zwang wenn ich extra mein Grundrecht einfordern muss",['negative']
@MarkTq P.S. Jetzt ist eine Spende freiwillig und daher mach man einen Spendenausweis auch freiwillig Sp√§ter wenn man es nicht will Muss man es extra ablehnen Also ist es Zwang,['negative']
"Die SVP checkt es leider nicht Niemandem werden Organe in der Schweiz gegen seinen Willen entnommen. Weder in der aktuellen Regelung noch in der neuen Regelung. Man muss nur klar kundtun was man will. Entweder sagt man heute ""Bin daf√ºr"" oder neu halt ""Bin dagegen"". Aber entgegen diesem Willen passiert rein gar nichts.",['negative']
Ich stimme Nein.,['negative']
"@Neuernick Ich hoffe sehr, dass Sie niemals auf einen Spender angewiesen sind!",['neutral']
sind unsere √Ñrzte und Politiker eigentlich noch ganz dicht...........??!!?,['neutral']
"Locker nehmen. Der mittlerweile klassische svp-Stil. Good bye, eine Frage der Zeit.",['neutral']
"wer Spender ist soll auch Organe erhalten, wer kein eingetragener Spender ist, Pech gehabt. Leider stimmen wir nicht dar√ºber ab. Die Widerspruchsl√∂sung ist f√ºr mich Okay. Die Spende bleibt freiwillig auch wenn es bestimmt Leute gibt die dann sagen, dass es genau genommen keine Spende mer ist. Das ist Haarspalterei.",['negative']
@RolandMaier Dann d√ºrfen die aber auch die Kosten √ºbernehmen (Zusatzversicherung) und nicht die Allgemeinheit.,['neutral']
"Nein, das ist keine freiwillige Spende, wenn ich einen explizit daran hindern muss, mir meine Organe zu stehlen. Schon seltsam, was viele Leute unterdessen unter freiwillig verstehen.",['negative']
Wieso noch h√∂here Pr√§mien und noch mehr Risikopatienten?,['negative']
und die organmafia macht einen um den andern kalt bevor er sein votum anbringen kann. winwin...w√ºrd ich mal sagen,['neutral']
"Tatsache ist, dass zu wenig Organe willentlich gespendet werden. Deshalb dieses neue Gesetz.",['neutral']
@Graupelz73 Organe spenden ist KEINE Pflicht!,['neutral']
Ich habe schon NEIN abgestimmt klares ‚ÄûNEIN‚Äú ! With love NaTukKon‚Ä¶.,['negative']
Wer Spenden will kann sich ein Ausweis besorgen. Wenn man es √§ndern will nur deswegen weil man rechnet wie bei einer Patientenverf√ºgung die eigenentlich fast jeder machen will aber die meisten zufaul sind eine zumachen,['neutral']
@MarkTq Ist aber trotzdem so.,['neutral']
Und was macht man mit Einzelpersonen ohne Verwandte und ohne Angeh√∂rige?,['neutral']
@Porzellansyndrom Googeln sie mal nach Patientenverf√ºgung.,['neutral']
@Porzellansyndrom wie w√§rs mit informieren?,['negative']
"@Porzellansyndrom - Genau das, was SIE zu Lebzeiten festhalten, wie SIE es wollen.",['neutral']
"@Porzellansyndrom, dann wird nach der neuen Verordung sein Leben genommen, denn er kann sich ja bei Bewusstlosigkeit nicht wehren. Darum ein Nein!",['neutral']
gilt das f√ºr alle bewohner oder nur f√ºr ch-b√ºrger? ansonsten fallen gleich mal 4 millionen potenzielle spender weg.,['neutral']
"Also wenn sich angeblich nichts ndert warum will man es √§ndern? In der Hoffnung z. B. das manche zufaul sind es extra ablehnen zum√ºssen? Ausserdem manchmal muss es sehr schnell gehen, wird da wirklich die Zeit genommen um zu pr√ºfen ob diese Person daf√ºr ist oder dagegen? Man versucht nur an Organe ran zu kommen an man vorher nicht rankommen w√ºrde",['negative']
"@MarkTq - ""Manchmal muss es schnell gehen - wird da wirklich die Zeit genommen?"" Mhm, und was ist da anders als heute? Wird da wirklich die Zeit genommen um zu pr√ºfen ob eine Einwilligung vorliegt?",['neutral']
"@MarkTq, genau! Darum ein klares NEIN.",['negative']
@Tom - Bern Wenn es so w√§re m√ºsste man es ja nicht √§ndern,['negative']
Ich stimme Nein. Denn wenn ich mal eine Operation habe will ich diese √ºberleben.,['neutral']
"@TheArti - Du kannst auch zuk√ºnftig Nein sagen. Auf die Operation hat das sowieso keinen Einfluss. √úber die Organspende entscheiden immer ""unbeteiligte"" √Ñrzte.",['neutral']
"@TheArti du hast da wohl was falsch verstanden. Denn bei einem Ableben, wird man wohl nicht mehr operiert.",['neutral']
"@MeitschiVoB√§rn ‚Ä¶du hast TheArti falsch verstanden. Er meint logischerweise Er hat eine Bagetell-OP. Spital braucht dringend gute Leber f√ºr Verwaltungsrat. TheArti hat ‚Äûleider Komplikationen‚Äú und √ºberlebt nicht (kann ja jederzeit passieren, daf√ºr musste er ja vor der OP unterschreiben). Jedenfalls steht die n√∂tige Leber nun zur Verf√ºgung. Das Ganze gleitet ins Makabere abüòñ. Ich muss nein stimmen.",['negative']
"Glaubti Ihr, dass ihr im Himmel eine Leber zum Saufen braucht?",['neutral']
bravo an svp nein zu diesem zwang,['negative']
@Zeki69 Ein Zwang zu welchem man jederzeit Nein sagen kann ist kein Zwang!,['negative']
"@Zeki69 - Und wenn die SVP morgen sagt der Himmel ist gr√ºn, dann stimmen Sie dem auch zu. Der einzige ""Zwang"" der dabei ist, man muss sich eben darum k√ºmmern, dass man den Widerspruch einlegt, wenn man nicht spenden m√∂chte. Genauso wie heute der ""Zwang"" dabei ist, dass man sich darum k√ºmmern einen Spendeausweis auszuf√ºllen.",['negative']
@Ren√© Gruber Doch es ist Zwang wenn man sich dagegen entscheiden muss,['negative']
"@MarkTq Nein, das w√§re einfach eigene Faulheit!",['negative']
Die SVP hat hier recht es geht um eine indirekte zwangsspende deshalb NEIN!!!,['negative']
"@JardaniWickJohn Es gibt zuverl√§ssige Quellen, man m√ºsste sich halt informieren. Das ist dann aber wohl auch ein Zwang, gell",['negative']
@JardaniWickJohn zwangsspende ü§£ wort des jahres,['negative']
Ich habe festgehalten dass meine Organe nicht gespendet werden. Stimme trotzdem JA.,['neutral']
Die SVP schafft sich selber ab Gratulation Aeschi und Co,['neutral']
"Anstelle der Widerspruchsl√∂sung sollte doch heder B√ºrger regelm√§ssig bei seiner Erneuerung seiner Dokumente befragt werden. Dann kann jeder, der sich nicht sicher ist, zumindest einmal f√ºr einen gewissen Zeitabschnitt dagegen entscheiden. Zumindest wird jeder einmal √ºberhaupt mit der Frage konfrontiert.",['neutral']
"und die SP verliert und verliert, gut so",['negative']
"Wer heute ein Organ spenden m√∂chte, kann dies schon heute tun. Die Vorlage m√∂chte sich einfach die Unwissenheit derer zu nutze machen, die ihren Willen nicht Kind getan haben und sich hinter deren Organe hermachen. Eine makabere und sch√§ndliche Tatsache, die mit einem Neinvm verhindert werden kann.",['neutral']
"@HanNeOhre das Problem ist heute, dass sich zu wenig Spender melden und der Bedarf zu hoch ist. Wenn man den Prozess unkehrt kann weiterhin darauf verzichten wer will, aber es wird tendenziell mehr Spender geben. Somit gibt es auch keinen Organhandel mehr, weil gen√ºgend Organe da sind. Problem gel√∂st. Und sonst verzichten sie bitte auf ein Spenderorgan wenn sie irgendwo verunfallen und darauf angewiesen sind.",['negative']
Champagner ist kaltgestellt,['neutral']
"Eine Widerspruchl√∂sung ist als ganzes schlecht. Dann geht es mal ums Erbe, um das Eigentum, etc etc. Klares Nein. Und es wird todsicher abgelehnt.",['neutral']
"""JA"" werde ich stimmen!!! Gestern habe ich meine Schwiegermama im Universit√§tspital Basel verlohren, Vielen lieben Dank das wir ein Gesetz haben, dass es noch nicht erlaubt, gesunde und noch brauchbare K√∂rperteile weiter zu geben! Sie hatte 3 Jahre auf eine Spenderniere gewartet, nun ist sie mit 65 Jahren gegangen und zum Schluss hatte ich sie im Gesicht nicht mehr erkannt!!! Es ist zum Heulen sage ich euch! Schade f√ºr sie ist diese Abstimmung zu sp√§t aber nicht f√ºr tausende andere!",['negative']
"@Dr.Atom, das heisst nichts anderes, als dass sie sich gefreut h√§tten, wenn ein anderer Mensch gestorben w√§re. Unmoralischer kann man nicht sein.",['neutral']
"das wird Haushoch abgeschmiert, Danke svp",['negative']
Er hat Recht. Das ist f√ºr viele (Linke) unangenehm.,['neutral']
Ich finde die Regelung wie sie bislang galt eindeutig besser und klarer.,['neutral']
"So wie ich die Schweiz kenne, kommt es irgendwann zum Organtourismus. Wo reiche Oligarchen oder Saudis in superteuren Privatkliniken auf ein Organ warten. Mit Aussicht auf die Berge, wie im Werbe Katalog beschrieben.",['neutral']
nur der Staat und seine MSM sagen die Wahrheit... da sich nicht lache.,['neutral']
"Nichts werde ich spenden, schon gar nicht per Gesetz. Das schlimmste w√§re die Triage z. B.  Dieses Organ kann man brauchen (f√ºr viel Geld implantieren) oder es geht in die Verbrennung. ‚Ä¶‚Ä¶",['negative']
"Die SVP-typische Polemik halt, aber ist OK. Irgendwie muss man ja nach √úberwindung der Coronakrise die staatsverdrossene, verschw√∂rungsgl√§ubige Klientel bei Laune halten.",['negative']
"Diese √Ñnderung w√ºrde auch einen grossen Vorteil f√ºr alle bringen die gegen eine Organspende sind, den jetzt ist es so das auch wenn jemand keinen Spenderausweis hat, werden die Hinterbliebenen trotzdem fragt ob die Organe gespendet werden sollen. Das √ºberfordert viele Hinterbliebenen weil das zuvor nie besprochen wurde, wenn der verstorben aber Wiederspruch eingelegt hat ist klar der er nicht spenden m√∂chte.",['neutral']
Mir ist das sowas von egal was wer f√ºr was Werbung macht! Ich stimme f√ºr mich und f√ºr die Schweiz und f√ºr uns Menschen ab! Bislang habe ich bis auf die CO2 Abstimmung immer gewinnend abgestummen.,['negative']
"Als ehemalige MPA, die sich eingehend mit dem Thema Organspende beschaeftigt hat, bin ich was mich und meinen Koerper, bzw. meine Organe betrifft zu einer klaren und eundeutigen Entscheidung gekommen Ich werde keine Organe spenden. Das selbe waere die Antwort auf die Frage bzgl. meiner Kinder, wobei ich sehr hoffe, diese Frage nie gestellt zu gekommen!",['neutral']
"@TheUsualSuspect . Soll die Aussage als ehemalige mpa irgendwas bedeuten? Dass ihre Meinung wichtiger ist als alle anderen? F√ºr mich gibt es aus Glaubensgr√ºnden keine logische Erkl√§rung, nicht zu spenden, weshalb ich seit Jahren einen spenderausweis besitze. Aber warten wir mal wenn sie auf eine Transplantation angewiesen sind.",['negative']
@TheUsualSuspect Und was sind die Gr√ºnde?,['neutral']
@TheUsualSuspect kein Wunder sind sie keine MPA mehr.,['neutral']
"@TheUsualSuspect Ich hoffe von ganzem Herzen, dass Sie und Ihre Famile nie auf Organe von anderen Menschen angewiesen sein werden.",['neutral']
"@TheUsualSuspect Ich will auch nicht dass man mich als ersatzteillager benutzt. Ich will nicht, dass man davon ausgeht, dass ich meine k√∂rperteile spende.",['neutral']
"und j√§hrlich gr√ºsst das Murmeltier... wieder mal die typische SVP Kampagne, mit der sie 5 bis 10% vom Volk einfangen k√∂nnen. Das Muster hat schon soooo einen Bart, tut ja schon weh zu sehen, dass der SVP nichts besseres einf√§llt.",['neutral']
"@1er-von-vielen Und trotzdem wird die SVP die Abstimmung gewinnen üòâ Bin kein Freund der Partei, aber seit Corona ist es die einzig vern√ºnftig denkende Partei.",['neutral']
"@1er-von-vielen, aber diesmal hat die SVP recht. Wer spenden will, kann das heuzutage freiwillig arrangieren, mit der Annahme der Vorlage werden die Nichtspender gezwungen dies zu Verneinen. Also ein Nein in die Urne",['neutral']
"Ich bin auch nicht daf√ºr. Aber, dass Aeschi den Text nicht versteht und von einer Zwangsabgabe von Organen spricht, ist auch nicht erstaunlich.",['neutral']
"@Buendel Wenn du dich nicht ausdr√ºcklich bis Ende Monat offiziell und schriftlich, bei der richtigen Beh√∂rde, mit dem richtigen Formular, dagegen aussprichst, dann wird dir automatisch die H√§lfte deines Lohnes abgezogen und gespendet.. Merkst du was?",['neutral']
Grunds√§tzlich bin ich f√ºr die Organspende. Aber jede Person muss dies f√ºr sich selbst festlegen k√∂nnen. Und seit der Pandemie vertraue ich der Politik nicht mehr. Da wird Schritt f√ºr Schritt eine Freiheit nach der anderen abgebaut. Daher Bei jeder solchen Vorlage NEIN!,['neutral']
@Frank_78 Sehr sehr gutes Argument. Stimme Ihnen vollkommen zu.,['positive']
"@Frank_78 Wenn du der Politik nicht mehr vertraust, wieso gehst du √ºberhaupt noch abstimmen?",['neutral']
"Schade, einfach zu T√§ubelen als sich mit Inhalten zu besch√§ftigen... Sie w√ºrden dann aber im Notfall gerne auf ein Organ zur√ºckgreifen, im Moment einfach zu 80% aus dem Ausland....",['negative']
"Bravo SVP, wenigstens eine Partei die vern√ºnftig ist",['neutral']
"Ich bin nicht unbedingt ein SVP Sympathisant und W√§hler aber was diese Sache angeht so bin ich ganz klar der Meinung das es so nicht gehen kann. Hier wird offensichtlich das Grundrecht eines jeden einzelnen (bewusst im Vorfeld) missachtet selbst bestimmend zu entscheiden was mit seinen Organen geschehen soll. Wie ja bekannt ist, ist eine Organspende ein sehr lukratives Gesch√§ft.",['neutral']
@Wasdenn@wiedenn  üëçüèªgenau! Ich trage seit 25 Jahren einen Organ-Spenderausweis bei mir und lege trotzdem ein NEIN in die Urne. Jeder soll das unbedingt zu Lebzeiten festlegen,['neutral']
@Wasdenn@wiedenn inwiefern wird das Grundrecht missachtet? Es zwingt die ja niemand,['neutral']
"@Wasdenn@wiedenn Es ist auch so, dass patientenverf√ºgungen nicht beachtet werden. Meine mutter hat eindeutig gesagt, sie wolle nicht wiederbelebt werden. H√§tte ich im letzten moment nicht eingegriffen und auf dies patientenverf√ºgung hingewiesen, so w√§re sie wiederbelebt worden. Wenn das gesetz angenommen w√ºrde, w√§re das genauso.",['neutral']
"Was sollte sie gem√§ss TX Group anders machen, anstatt es von der TX Group 11 zu kopieren.",['neutral']
Hauptsache immer gegen die SVP.,['negative']
"Organe spenden, leben retten.",['neutral']
"Warum nicht sein lassen wie es ist? Ist doch klar warum diese Abstimmung,da muss ja was faul sein so quasi es gibt mehr Organe.",['negative']
Keine Organe von mir. Das haben die so richtig verbockt. Bravo.,['negative']
Hauptsache dagegen. Die SVP wird immer peinlicher.,['neutral']
"Ich komme mir bald vor wie eine Kuh, Milch produzieren ein paar K√§lber auf die Welt bringen und dann ab zum Schlachter. Hey Leute irgendwann hat es Grenzen, lasst es so wie es ist, alles andere ist unn√∂tige Formular Umw√§lzung.",['negative']
Mein JA wurde heute per post aufgegeben,['negative']
"Ich lehne das Gesetz ab, weil es so, wie es formuliert ist, f√ºr mich nicht in Ordnung ist. Wenn ich allerdings so manchen Kommentar hier lese, kennen die jeweiligen Verfasser den Text offensichtlich nicht, und man weiss sofort, auf wessen Zustimmung (und Stimme) die SVP mal wieder abzielt. N√§mlich die √ºblichen √úberschriftenleser.",['negative']
"Soll es nicht so sein, dass wenn ich will spenden, das so schreibe. Aber es jann nicht sein, dass ich es melden muss, dass ich nicht will. Es sind alle Politiker unglaubw√ºrdig und verbreiten L√ºgen, also f√ºr mich ist ""NEIN""",['negative']
"Ich habe bei einem Krankenbesuch auf der Intermediate-Care-Station in einem gr√∂sseren Spital einen mittelalten Mann sagen h√∂ren Jaja ich weiss, dass ich jetzt hier bleibe bis ich ein neues Herz habe. Mir ist klar, dass das bis Ostern dauern kann. Es war damals Mitte Februar... Mich hat das schon irritiert, dass er so t√∂nte, wie wenn da eine Lieferung selbstverst√§ndlich w√§re, so wie bei einem Pack Nudeln. Dabei heisst das doch, dass ein anderer sterben muss. √úber Organspende soll jeder gr√ºndlich nachdenken, aber nicht dazu gezwungen werden. Auch nicht sich vorher schriftlich dagegen zu wehren. Der K√∂rper ist nicht zum Vorneherein ein Ersatzteillager.",['neutral']
"Die SVP hat recht, sie getragen es beim Namen zu nennen.",['neutral']
"Sollte jemand ein Organ bekommen, wenn er nicht auch Spender ist? Das w√§re eine intressante Frage.",['neutral']
Ich freue mich auf ein JA,['neutral']
"W√§re ja was neues, wenn die SVP mal nicht provozieren w√ºrden. Kann mich an kein normales Plakate in den letzten 20 Jahren erinnern.",['negative']
Ich stimme Nein! Denn wie schnell geben einen die √Ñrzte dann auf statt um das Leben um k√§mfpen. Nur weil gerade irgendwo ein (reicher) Patient dringend ein Herz ben√∂tigt?! Dem traue ich einfach nicht.,['negative']
Die Organentnahme ist meines Erachtens ethisch nicht vertretbar. Sie st√∂rt den Sterbeprozess! Deshalb ein klares NEIN zum Transplanttationsgesetz!,['neutral']
"ein opt-out System ist sicher nicht unethisch. es wird niemand gezwungen, es f√ºhrt aber dabei, dass Menschen spenden, die sich den Thema bis jetzt nicht angenommen haben, vielleicht nur weil sie sich mit der eigenen Verg√§nglichkeit nicht auseinander setzen wollten. Mal kann ja immer noch sagen, dass Personen die bei Eintritt der Rechtskraft des Gesetzes √ºber zB 65 Jahren sind, ausgenommen sind (weil sie ja vielleicht Probleme bei feet technischen Umsetzung des anmelden haben).",['negative']
"Das Gesetz ist ja eh gegen die Verfassung und ich frage mich, wie so etwas zur Abstimmung zugelassen werden kann Bundesverfassung Artikel 10, Absatz 2 Jeder Mensch hat das Recht auf pers√∂nliche Freiheit, insbesondere auf k√∂rperliche und geistige Unversehrtheit und auf Bewegungsfreiheit.",['neutral']
"@Zosimos123 Da er sich gegen eine Organspende aussprechen kann, bleibt dieses Recht unangetastet.",['neutral']
"allen, die die Organspende ablehnen m√∂chte ich sagen, sie sollen auch auf ein Spender Organ verzichten!",['neutral']
"Die Linken provozieren auch, wenn es ihnen um Abstimmungssiege geht.",['neutral']
"@rooli du merkst schon, dass das die √ºbliche Sandkasten-Argumentation ist (""...aber der andere hat auch...!"")?",['positive']
"@rooli es geht nicht um die Linken, sondern um die SVP. Hast du den Artikel gelesen oder nur den Titel?!",['neutral']
"@rooli genau, und niemand sagt was‚Ä¶",['positive']
@rooli. Haben Sie da ein konkretes Beispiel?,['neutral']
@Deichgraf Er f√ºhlt sich durch Linke generell provoziert.,['neutral']
"Wer nicht spenden will, kann dies ganz simpel festhalten. Punkt. Das Selbstbestimmungsrecht bleibt zu 100% erhalten, auch bei der geplanten Gesetzes√§nderung! Der Nicht-Spender soll aber dann, wenn seine Nieren den Geist aufgeben oder eine Lungenkrankheit auftritt, sich genauso selbstverst√§ndlich nicht auf eine Organempf√§ngerliste setzen lassen",['neutral']
"Diese Umkehr des Rechtsverst√§ndnisses f√ºr etwas vermeintlich Lebensnotwendiges ist ganz einfach Falsch. Dazu braucht es die Polemik vieler Politiker auf beiden Seiten nicht. Wer Organe spenden will, kann dies auch heute schon tun, wenn die gesundheitlichen Voraussetzungen gegeben sind! Alles andere ist eine Zw√§ngerei ...",['neutral']
Alle welche im Voting oben ja stimmen haben schon einen organspenderausweis. Nein!!?!!?? Warum nicht? Wenn sie schon einen h√§tten w√ºrde es das neue Gesetz gar nicht brauchen.,['negative']
"@Einsamer_Rufer_in_der_W√ºste Das ist das wichtigste aller Argumente! Wer keinen Organspendeausweis hat und ja stimmt, bevormundet alle Andersdenkenden.",['neutral']
@Einsamer_Rufer_in_der_W√ºste also ich habe einen,['negative']
@Einsamer_Rufer_in_der_W√ºste  ich habe seit X-Jahren einen und stimme trotzdem NEIN.,['negative']
"Bin aktuell Organspender. Wenn dieser Bl√∂dsinn angenommen wird, √§ndert sich das. Sowas als opt-out zu machen ist 100% unmoralisch. Das grosse Problem dabei entsteht erst, wenn Generationen, die diese Abstimmung nicht mitbekommen haben zu den ""Spendern"" werden. Denn dann hat es nichts mehr mit Spende zu tun, ist reine Ernte.",['negative']
@EventHorizon ‚Ä¶.. ‚ÄûErnte‚Äú - die Bezeichnung trifft vollkommen zu.,['neutral']
@EventHorizon ich gehe jede Wette ein das sie derzeit kein Organspendeausweis haben,['neutral']
"ich bin daf√ºr. warum 1. kann ich jemandem, der es dringend braucht helfen. 2. bricht es mir keinen Zacken aus der Krone . 3. ich merke es sowieso nicht mehr. Also was soll diese ewige Diskussion? 4. m√∂chte ich nicht, dass meine Familie dar√ºber entscheiden m√ºsste.",['negative']
"@Schn√ºfeli1, haben sie einen Spendeausweis? Ja? Dann ist ja alles i. O. Dann brauch es doch keine √Ñnderungen. Als Organspender haben sie ja ihre pers√∂nliche Entscheidung getroffen. Alle Nichtspender werden gezwungen eine Verzichtserkl√§rung zu verfassen, also nicht mehr freier Wille. Demzufolge ein Nein in die Urne.",['negative']
"was kann man schon aderes erwarten von herrn aeschi? je aussichtsloser etwas ist, umso r√ºcksichtsloser handelt er. hoffentlich erkennen dies auch die zuger, die f√ºr sein geh√∂r sich verantwortlich zeigen. nord-stream 2 l√§sst gr√ºssen.",['neutral']
"@w√ºnschemirruhe, wenn Herr Aeschi auch nicht immer recht hst, aber in diesem Fall hat er recht.",['neutral']
"Wer spenden will, der soll ! Und welche nicht, lasst die in Ruhe !",['neutral']
@Jakobetli ja das finde ich auch niemand soll dazu gezwungen werden!,['negative']
"@Nuria703 find ich auch, aber sollte jemand ein Organ erhalten, obwohl er nicht Spenden will? Da w√§re ne gute Frage.",['negative']
"@Jakobetli  genau! Die, die wollen haben das bereits zu Lebzeiten geregelt.",['neutral']
"Es ist sowas von durchtrieben, den Zustimmungsprozess so umzukehren, dass diejenigen die nicht zustimmen de facto zustimmen. Wenn das Ganze ohne Hintergedanken w√§re, dann m√ºsste man nicht komplizierte Wege gehen. Weil ich der Freiheit und dem Individuum verpflichtet bin, stimme ich NEIN. Oder w√§ren Sie einverstanden mit der Regelung, dass wenn Sie nicht ausdr√ºcklich schreiben, der SVP ihre Stimme nicht geben zu wollen, diese dann ihre Stimme automatisch bekommt? Eben. Darum ein fettes NEIN!",['negative']
"Was soll an diesem Inserat schon wieder Falsch sein.? Das Haupt-Werkzeug eines Chirurgen, ist doch das Skalpell.",['neutral']
"Lest Mal den Gesetzestext, wer dann noch ja stimmt hat in den letzten 2 Jahren alles mitgemacht.",['neutral']
"@Orwellgeorg Du magst lesen k√∂nnen, aber ich bezweifle dass du die Texte in deinen ""aufkl√§renden"" Telegramkan√§len korrekt verstehst.",['neutral']
"wenn man einfach organe entnehmen kann weil keine schriftliche verneinung griffbereit ist, ist es quasi eine zwangsentnahme. f√ºr mich absolut unm√∂glich! wenn man mir sagt ich sei ein egoist, weil ich nicht spenden m√∂chte ist das f√ºr mich absolut unm√∂glich. es wied n√§mlich immer darrauf rauslaufen, dass wer geld hat, privat versichert ist, immer zuerst dran kommt. l√§uft heute schon oft so.",['negative']
"Es ist keine L√ºge! Wenn du dich nicht explizit damit besch√§ftigst und somit ‚Äûabmeldest‚Äú, dann entnehmen sie dir oder deinem Kind die Organe!! Ganz klar ein No-Go!! So, wie‚Äòs heute ist, ist es richtig will ich spenden, sag ich das. Wenn ich nichts vereinbart habe, dann spende ich nicht. Sonst kommen die Gr√ºnen oder die SP mal noch auf die Idee, dass wenn man nicht ‚Äûnein‚Äú gesagt hat zu Lebzeiten, dann spendet man noch ein bisschen Verm√∂gen ins Ausland oder an den Umweltschutz!! Denkt mal dr√ºber nach! Oder ein noch krasseres Beispiel wenn ich vorg√§ngig nicht ‚Äûnein‚Äú gesagt habe, darf der Arzt sich noch an mir vergehen?? Hab ja schliesslich nicht Nein gesagtüò°",['negative']
"Dass Vater Staat uns ein Leben lang knechtet und knebelt, verdanken wir dem linken Kollektivismus. Dass sich das nun sogar nach unserem Ableben fortsetzen soll, ist die logische Folge.",['neutral']
"@Freeeman. Wo knechtet und knebelt Sie denn der Staat? Und was anderes als ein Kollektiv ist denn ein Staat? Sind linke Errungenschaften wie Arbeiterrechte, Sozialversicherungen und Pensionskassenpflicht f√ºr Sie schlecht?",['neutral']
"Ich finde es frech, dass man extra noch quasi hinterlegen soll, wenn man nicht Organspender werden will. So wie es im Moment ist, finde ich es ( fast) ok. Ausser, dass, wenn ich in mreinem Spenderausweis, ein nein drauf hab, trotzdem noch meine Blutverwandten gefragt werden. ( glaub ich zumindest). Selbstverst√§ndlich habe ich jetzt schon ein entsprechender Spenderausweis und Patientenverf√ºgung, aus dem klar hervor geht, das ich nicht als Spender zur Verf√ºgung stehen will. Ich will auch keiner Organe erhalten falls ich krank w√ºrde. AberThema werde ich nicht mit meinen Verwandeten besprechen und ich habe meine guten Gr√ºnde dazu. Also diese Abstimmung ist einfach f√ºr mich zu machen. Ein NEIN von mir.",['negative']
"Oh, jetzt ist mein Stimmzettel schon mit einem Ja weg. Wenn ich nat√ºrlich gewusst h√§tte, was Aeschi dazu meint‚Ä¶",['negative']
Der Tote ist kein Selbstbedienungsladen!,['neutral']
Bis man selber mal eines braucht ‚Ä¶ü§¶üèª‚Äç‚ôÄÔ∏è,['negative']
"@Jule82 ich verzichte gerne drauf weil ich die vorstelleung einfach eklig finde so einen ""fremdk√∂rper"" in mir zu haben",['negative']
@Riotcat ja genau. weil j√§mmerlich zu grunde gehen sicher die bessere l√∂sung ist.,['negative']
"recht haben sie! mein k√∂rper ist kein ersatzteillager f√ºr andere. wenn es soweit ist zum gehen, dann soll man das endlich akzeptieren",['negative']
"@Riotcat Gut, dann gibt's f√ºr dich bei ner Erkrankung oder nach einem Unfall aber auch keine Behandlung. Ist dann wohl einfach Zeit.",['negative']
"Schon nur einen Anspruch haben wollen auf ein fremdes Organ ist unter aller W√ºrde, was wollt ihr noch alles",['negative']
"@Airama genau das geht mir auch total ""an die nieren"".",['negative']
"Die europ√§ischen Nachbarl√§nder kennen dieses System.. Nur leben wir hier aber in der Schweiz. Und wir haben noch das Recht, Nein zu sagen.",['neutral']
@Edely Wir sind nicht in der EU,['negative']
"Wenn diese Aussage nicht von der SVP k√§me, w√ºrden viele beipflichten. Dieses dann explizit Widerspruch einlegen zu m√ºssen finde ich als nicht SVP W√§hler auch nicht gut. Wenn ich was will gebe ich meine Zustimmung. Ausserdem finde ich sollte man das Daf√ºr oder Gegen bei gewissen Dingen nicht Parteiabh√§ngig machen, sondern mit bestem Gewissen f√ºr sich selbst entscheiden.",['negative']
Ist Spenden energetisch richtig?,['positive']
Wer kann Swiss Transplant trauen? Ist das Problem der Fremd-Ja-Anmeldung √ºberhaupt gel√∂st? Der Spenderausweis kann auch leicht falsch ausgef√ºllt werden und eher zu einem Ja falsch tendieren.,['negative']
"Ich find es eine gute Sache, andere L√§nder machen es vor. Jeder der mal in so einer Situation ist, w√ºnscht sich nichts mehr als mehr Zeit. Wie oft sagt man ahja wollt ich schon lange? Macht es aber nichts.. aber Dinge die man nicht will setzt man sofort um. Dann sag sofort nein das m√∂chte ich nicht. Ist doch voll okay! Die es m√∂chten m√ºssen sich nicht k√ºmmern.. Wir waren in der Situation und sind mehr als dankbar, dankbar dem Menschen, der Familie f√ºr all die Zeit die wir geschenkt bekommen haben. Wertsch√§tzend sein, das haben wir gelernt. Leben und geniessen, du weist nicht wieviel die bleibt im Leben. Unser Hochzeitstag ist der traurige Todestag des Spenders und jeden Sonntag brennen Kerzen f√ºr sie. Diese Entscheidung ist nicht selbstverst√§ndlich und sollte nie so angesehen werden. Trefft eure Entscheidung, eure eigene. Miteinander - f√ºreinander.",['positive']
"@Schr√∂dii da stirbt vielleict von jemanden das Kind und man ist noch nicht dazugekommen, das NEIN zu erledigen‚Ä¶und wird dann in einer schlimmen Situation total √ºberrumpelt. Ekelhaft‚Ä¶",['negative']
Ich bin schon seit l√§ngerem Spender! Ich w√ºrde mich aber nicht zwingen lassen wollen. Ob ich meinen K√∂rper zur Verf√ºgung stellen will oder nicht ist nur meine Sache!,['negative']
"Wenn es ja nach Aussagen der anderen Parteien nichts √§ndern wird, ja warum muss denn √ºberhaupt dar√ºber abgestimmt werden? Eine kleine Denkaufgabe... Mogelpackung l√§sst gr√ºssen.",['neutral']
"@Matze001 dann hast du den Sinn dahinter Evtl. Nicht verstanden. Les dir das ganze nochmals durch. Das einzige was sich √§ndert, das Bewegung in etwas kommt wo man es sich bequem gemacht hat in dem man keine Entscheidung trifft. Jetzt kannst du die erste treffen, mit ja oder nein. Evtl. Kommt dann noch eine wo du dich bewusst f√ºr nein entscheidest. Dann ist das voll okay, es wird niemand gezwungen.",['neutral']
"Wenn es doch immer noch freiwillig ist, warum braucht es denn eine Gesetzes√§nderung?",['neutral']
"@Soistes987 weil der bedarf da ist und grob gesagt, die meiste Menschen sich dar√ºber √ºberhaupt keine Gedanken machen....",['neutral']
"@Soistes987 ganz einfach, weil man immer sagt - ahja wollt ich ja machen. Machen ist wie tun, nur krasser üòâ",['positive']
@Soistes987 Genau das habe ich mich auch gefragt.ü§î,['positive']
@Soistes987 weil es sonst nur wenige leute gibt welche sich mit diesem thema auseinandersetzen und eine entscheidung f√§llen.,['neutral']
"@TheRealKrischan aber es √§ndert kaum was. Wenn die Angeh√∂rigen dann trotzdem unsicher sind gibts trotzdem keine Spende. Die,L√∂sung w√§re nach wie vor, dass sich die Leute damit befassen. Die Kampagnen die jisher liefen scheinen nicht so gewirkt zu haben. Aber mit einer Gesetzes√§nderung wie dieser dreht man nur die Frage um. Was aber nicht zu mehr Spenden f√ºgren wird. Man w√ºrde besser in effizientere Kampagnen investieren. Ich finde, das Gesetz schafft nur Hoffnung wo schlussendlich nicht viel entsteht. Aber immerhin haben sich die Kampagnenf√ºhrer von diesem Gesetz gut ins Licht gesetzt.",['negative']
"@Soistes987 Ich bef√ºrworte das neu vorgeschlagene Gesetz standardm√§ssig sind wir ALLE Organspender. Wenn man tot ist, n√ºtzen die uns sowieso nicht mehr, aber unser Verm√§chtnis kann ein anderes Leben retten. Wenn man es vorzieht, egoistisch zu sein, soll man dazu stehen und sich abmelden.",['neutral']
"@Soistes987 Die Antwort steht klar in den Abstimmungsunterlagen. Wenn du das nicht verstehst, dann geh auch nicht abstimmen.",['neutral']
Der Staat hat uns ein Leben lang in den Fingern. Selbst in der letzten Phase kann er es nicht lassen. Alle entscheiden selbst√§ndig ohne Beamte. Klar Nein.,['neutral']
"@Chrottni; Sind wir nicht alle der Staat? Oder habe ich etwas verpasst? Jeder darf frei entscheiden ob er will, oder nicht. Was w√§re, wenn Sie eine neue Niere ben√∂tigen um zu √ºberleben? W√§ren Sie nicht froh wenn es einen Spender g√§be?",['neutral']
@Chrottni Auch Profit hat seine ethischen Grenzen!!! ------AdresseNeoliberale Eliten!,['neutral']
NEIN zum Organspenden,['negative']
@BruceLee21 - Ich habe einen Spenderausweis und bin trotzdem gegen ein ‚ÄöObligatorium‚Äò!,['neutral']
JA zu intelligenz,['negative']
"Ich w√ºrde nie etwas von mir Spenden Nein,dass muss freiwillig sein und bleiben",['negative']
@Carami bleibt es ja‚Ä¶. Der Prozess wird nur umgedreht.,['neutral']
@Carami ; Ihnen steht es frei eine Patientenverf√ºgung zu erstellen.,['neutral']
Jetzt hats die SVP wirklich versaut. Mit L√ºgen als letztes Mittel noch versuchen eine Abstimmung gewinnen zu wollen ist eine Schande.,['negative']
@DerSneakerhead sie meinen dass was die linken und gr√ºnen immer und permanent machen.,['neutral']
"@DerSneakerhead - wieso? Jeder der will kann ja nach wie vor. Aber zwingen, nein danke! P.S bin Spender und Nein, kein SVP Mitglied",['negative']
SVP und l√ºgen....ist das neu?,['negative']
"@Schaugenau und die anderen Parteien sagen immer alle ganz brav die Wahrheit und Nichts als die Wahrheit? alles klar, mol mol",['neutral']
Ich lasse mich nicht ausnehmen wie eine Weihnachtsgans. Bin kein Ersatzteillager.,['neutral']
@vario0 In gewissen L√§ndern ist das ein Riesengesch√§ft f√ºr die Mafia.,['neutral']
"vielleicht l√ºgt die SVP, weiss nicht. Doch die Bef√ºrworter&Initianten konnten mir in keinster Weise plausibel erkl√§ren, warum ich pl√∂tzlich ohne Zustimmung als Ersatzteillager in der Schweiz funktionieren m√ºsste, wenn ich nicht explizit nein sage. Ausgesprochen in der Schweiz, in keinem anderen Land gibt es so eine eklatanten Verletzung der Totenw√ºrde.",['negative']
"@ManuMeinung Es gibt L√§nder, da ist Organspende auch nur mit Widerruf zu verhindern",['neutral']
@ManuMeinung stimmt nicht. Seit Januar 2022 gilt in NL genau diese Widerspruchsl√∂sung.,['negative']
"@ManuMeinung Totenw√ºrde? Damit gemeint ist dass eine Niere, die ein Leben retten k√∂nnte, um jeden Preis mit in der Erde verfaulen muss? Ernsthaft?",['neutral']
Recht haben sie wieder was von Staat und den linken dann so oder so NEIN,['neutral']
"@Br√ºgger1 was f√ºr eine begrenzte und uninformierte sichtweise. Nicht der staat will organe, sondern die leute welche diese dringend ben√∂tigen. Dies k√∂nnten auch ihre angeh√∂rigen sein. Der staat gibt nur den gesetzlichen rahmen dazu vor. Der einzige zwang besteht darin eine entscheidung zu f√§llen. So schwierig? Aber ja, egal worum es eigentlich geht, hauptsache den leuten vermitteln dass der staat einem etwas gegen seinen willen wegnehmen will und schwupps, schon ist der wutb√ºrger auf den leim gekrochen. Tragisch. Und nein, mit links hat diese vorlage auch nichts am hut.",['negative']
Verstaatlichen wir unsere Organe. Solidarisch und sinnvoll. JA!!!,['neutral']
Ich habe ganz klar bei Swisstransplant meinen Widerspruch eingegeben. Ich weder Organe spenden noch erhalten. Das habe ich auch so mitgeteilt. Ich bin jedenfalls gegen das Gesetz.,['neutral']
"Wenn ich wirklich tot bin, ist es mir egal was mit meinen Organen geschieht. Jedoch sind meine Organe dann auch von der Medizin nicht mehr gefragt oder akzeptiert! Es gibt gen√ºgend Studien und belegte F√§lle die beweisen, dass man als Hirntoter eben noch nicht tot ist (z.B. Stresslevelmessung bei Organentnahme bei offiziell Hirntoten Patienten) Ich m√∂chte nicht ausgeschlachtet werden, w√§hrend ich noch alles sp√ºre aber nicht mehr in der Lage bin ‚ÄûNein‚Äú zu sagen! Ich hoffe das Gesetz wird abgelehnt!",['neutral']
"Ich w√ºrde sogar noch einen Schritt weiter gehen wer sich nicht f√ºr eine Organspende registrieren l√§sst, kriegt auch kein Organ. Punkt.",['negative']
"Eigentlich sollten auch die Leute die keine Organe spenden m√∂chten f√ºr die √Ñnderungen sein, denn dadurch bekommen sie die M√∂glichkeit sich explizit gegen eine Spende auszusprechen.",['neutral']
Ich verstehe ihn. Es kann keine sachliche Diskussion werden.,['neutral']
"Wir sollten bei der Diskussion sachlich bleiben. Das System kehrt sich einfach. Du musst einfach festhalten, dass Du keine Organe spenden willst. Ist dies Zuviel verlangt?",['neutral']
"Ich habe die Arena noch nie als sachlich empfunden. Aber auch nicht als zielf√ºhrend oder kompromissschaffend. Es ist ein Forum um kopflose Parteipolitik abzusetzen. Die Diskussion ist eher ein aneinander vorbei reden. Kompromissbereitschaft oder der Wille nach der Suche der besten politischen L√∂sung fehlt den Teilnehmenden meist v√∂llig. Das erkl√§rt dann auch den Politbetrieb, in dem es nicht um L√∂sungen sondern Profilierung geht. Ich freue mich auf den Tag, an dem der richtige Zuschauer-Gast mal das Mikrofon erh√§lt und allen Anwesenden die Leviten zu ihren Pflichten vorliest.",['negative']
"Ich weiss nicht aber ich weiss das meine Chirurgin zu mir sagte ""sehr gut so h√§tte ich das auch gemacht"" alles verneint, keine lebenserhaltenden Mmassnahmen tot ist tot und ich werde es ja nicht merken das ich Tot bin. Angst? Angst machen mir gierige Menschen und nicht der Gevatter Tod der ist allgegenw√§rtig wenn man f√§hig ist ihn zu sehen. Angst habe ich um kommende Menschen und nicht um das St√ºck Fleisch was schon bei der Geburt anfing zu sterben. Ergo wer braucht Organtransplationen? Leute die mehr an ihrer Kohle als am Leben h√§ngen sonst k√∂nnten sie ja zu Lebzeiten schon leben und nicht erst ""nachher mal"". Nein ""man"" braucht das nicht unbedingt und die Gefahr der Gesch√§ftemacherei welche sowieso schon l√§uft damit ist viel zu gross - anbetracht all der dumm-gierigen Menschen die bloss auf sowas warten und auch jene sind welche ihr Verm√∂gen noch nach dem Tod behalten m√∂chten weil sie ja sonst nichts haben ausser schn√∂dem Mammon. Wer nichts echtes darstellt der ben√∂tigt das.",['negative']
Ich finde es auch schade nicht in die Arena geht. Ersteht ja nicht alleine.,['negative']
So lassen wie bis jetzt!!! Wer seine Organe spendel m√∂chte einen Spendenausweis machen und gut ist.,['neutral']
"5.5. Das ist f√ºr Herrn Frei sehr schwierig zu argumentieren, ich verstehe dass er in diesem Fall nicht in die Arena kommt.",['neutral']
"von freiwillig ja, zu pflicht nein....",['negative']
Wenn wir gleichzeitig und verkn√ºpft √ºber die Frage abstimmen w√ºrden ob diejenigen die gegen Organspende sind auch keine Organe annehmen w√ºrden s√§he Abstimmungsprognose wohl sehr anders aus. Die Freiwilligkeit ohne mein zu tun muss bleiben.,['neutral']
"Nur ja heisst ja! Die k√∂rperliche und psychische Integrit√§t soll bitte unversehrt bleiben. Wer spenden will, darf das weiter tun, das wird ja nicht verboten. Aber nur ein explizites Ja ist ein Ja!",['negative']
"Wenn ihr auf ein fremdes Organ verzichtet, k√∂nnt ihr mit nein stimmen. Wenn ihr ein fremdes Organ m√∂chtet m√ºsst ihr Ja stimmen.",['negative']
Ich werde ganz sicher niemals ein Ersatzteillager werden.,['neutral']
@GrussAusDerK√ºche Ihr verzichtet auch auf ein Spender Organ?,['neutral']
"@GrussAusDerK√ºche Man kann das nicht wissen, ich trage ein Ersatzteil - ein k√ºnstliches.",['neutral']
@Pit48 na selbstverst√§ndlich hab keine Lust nach der Transplantation t√§glich unz√§hlige Medikamente zu schlucken um eine Abstossung zu verhindern.,['neutral']
"@GrussAusDerK√ºche und wenn Sie selber en Organ ben√∂tigen, verzichten Sie nat√ºrlich sehr gener√∂s, nehme ich an",['neutral']
"@Inselschwarm Mit der jetzigen Regelung ist es klar, dass der Spender das auch so wollte. Man kann nicht ankreuzen, dass die Organe nur an Menschen gehen, welche selbst auch spenden w√ºrden. Von daher ist ihre Frage √ºberfl√ºssig.",['neutral']
"@Pit48, das ist f√ºr mich selbstverst√§ndlich und auch niedergeschrieben. Wenn meine Zeit abgelaufen ist dann ist es so.",['negative']
"@Inselschwarm, wenn sie ein Ersatzteil wollen bitte! Ich will es nicht und habe das auch so auf Papier und meine engsten Angeh√∂rigen und Freunde kennen meine Einstellung auch.",['negative']
Frankenstein l√§sst gr√ºssen.,['neutral']
Ungeschickt gemacht. H√§tte eine L√∂sung ala ‚Äûjeder muss oder soll sich mit 18 Jahren dazu √§ussern ob er Organe spenden m√∂chte oder nicht‚Äú bevorzugt.,['neutral']
@Moni_ka ich glaube zu verstehen was sie meinen. Pers√∂nlich w√ºrde ich mir gerne die Entscheidung jederzeit offen halten.,['neutral']
@Moni_ka Nicht mit 18 schon.,['negative']
"Ich verstehe Herr Frei absage voll und ganz. Bleiben wir in den Kommentaren mal sachlich und jeder soll mal f√ºr sich meine Fragen beantworten -Will ich einem Alkoholiker meine Leber spenden? Denn die Person ist der n√§chste auf der Priorit√§ten liste. -Will ich mit meiner Krankenkasse all diese Transplantationen finanzieren? -Will ich ein fremdes Organ in mir haben f√ºr X- Tausend Franken, ist das es mir wert?",['neutral']
"@bubiboarder - hmm, ganz so sachlich sind die 3 Punkte ja nicht - und zudem nicht fertig gedacht. Wenn ich das alles nicht will, dann kann ich dies auch entsprechend kundtun und dokumentieren. Und alle doch so √ºberzeugten Gegner werden dies auch tun (und konsequenterweise im Ereignisfall auf ein Spenderorgan verzichten).",['negative']
@bubiboarder 3x ja. und jetzt?,['negative']
"der Sterbeprozess dauert mehrere Stunden. Man ist nicht einfach Tod, wenn der Monitor f√ºr kurze Zeit keine Hirnstr√∂me mehr anzeigt. Es k√∂nnte auch ein Defekt des Monitors sein oder eine zu geringe Empfindlichkeit. Es gab schon x F√§lle, wo ein als Hirntod bezeichneter Mensch wieder aufgewacht ist. Und zudem Organe m√ºssen untee Vollnarkose entnommen werden; wieso? eben weil der Mensch nicht von einer Sekunde auf die andere stirbt.",['neutral']
"sollen daran gew√∂hnt werden, dass unsere angestammten Rechte langsam aufgeweicht werden und die Rechte derart umgeschrieben werden dass sie denen n√ºtzen welche daran verdienen?",['neutral']
"@Cl√§rli Wer verdient daran? Hoffe Du hast schon schriftlich festgehalten, dass Du auf jegliche Organspenden verzichtest",['neutral']
@R√º61 Dar√ºber stimmen wir nicht auch noch gleichzeitig ab sonst w√ºrde sich wohl ein NEIN deutlich abzeichnen.,['neutral']
"@R√º61 W√ºrde im neuen Gesetz stehen, dass wer Organspende ablehnt selbst auch keine Organe bekommen k√∂nnte w√ºrde die Abstimmungsprognose wohl anders aussehen.",['neutral']
Mit Sandro Protz w√ºrd ich auch nicht reden wollen.,['neutral']
@@n@rchist  Volltreffer üëç,['positive']
"My body my choice, ich will nicht, dass wir √ºber den K√∂rper anderer entscheiden.",['neutral']
@Burton1224 du hast ja die Wahl zu entscheiden‚Ä¶‚Ä¶,['neutral']
Organspende Mir scheint hier wirken die selben Kr√§fte die schon in der Coronakrise. Hier passiert das Gegenteil dessen was ich mir w√ºnsche. Wir haben hier mit bestehendem Recht eine Situation wo eigentlich die gute Limitierung der menschlichen Gier schon erreicht ist. Nun wollen bestimmte Kreise die von einer √Ñnderung profitieren diese Limitierung aufweichen um noch mehr zu verdienen in dem der Zugriff auf die ‚ÄöResource‚Äô vereinfacht werden soll und das auf Kosten der Sterbenden.,['neutral']
"@Cl√§rli - oh herrje, jetzt muss Corona auch noch f√ºr die Diskussion zum Transplantationsgesetz herhalten. Ich dachte immer, ich h√§tte es √ºberstanden ü§î",['neutral']
"oh Hilfe, mein politischer Gegner darf auch auftreten das ist doch in gr√∂sstem Masse unfair.....",['negative']
Habe bisher bei den Gegnern der Sache auch viel emotionale Argumente geh√∂rt.,['neutral']
Ich werde JA stimmen und ihr ?,['neutral']
@thierry08 NEIN Danke,['negative']
@thierry08 Selbstverst√§ndlich NEIN!,['negative']
@thierry08  Von mir ein NEIN.,['negative']
"@thierry08, mir egal, was Du machst! Aber ich Bein kein Ersatzteillager. Will aber auch keine Ersatzteile bekommen.",['negative']
@thierry08 - ich habe bereits brieflich mit NEIN abgestimmt‚Ä¶,['neutral']
@thierry08 Mein Nein wurde schon versendet.,['negative']
"@GrussAusDerK√ºche Von mir ein NEIN, nehme aber gern eins wenn ich etwas brauche. Nehmen ist seliger als Geben.",['negative']
Sachlich soll es also sein. Ich empfinde nicht wenige Argumente der Gegner allerdings als unsachlich und emotional.,['neutral']
@Zugespitzt Zum Gl√ºck haben wir noch Gef√ºhle,['neutral']
Wird f√ºr ein Organ etwas bezahlt? Frage f√ºr einen Freund.,['neutral']
"@DirtyHarry1 nein, das w√§re dann Organhandel und dieser ist verboten. Die Spit√§ler verdienen aber daran, das ist klar.",['neutral']
@DirtyHarry1  Vorsorge ist alles üòâ,['neutral']
"@DirtyHarry1 Vor einigen jahren hat eine mutter ihr sohn, zur organ entname freigegeben. Sie erhielt dann eine rechnung f√ºr diese entname.",['neutral']
"Ich kann beide Seiten verstehen. Einerseits sind Berichte von Menschen denen durch Organspenden ein zweites Leben geschenkt wurde wichtig und haben Ihre Berechtigung in der Sendung. Andererseits ist es in der Tat schwierig mit sachlichen Argumenten zu √ºberzeugen wenn auf die Tr√§nengr√ºse gedr√ºckt wird. Sehen wir immer wieder bei Abstimmungen in der Schweiz. Auf der eienen Seite sachliche Argumente die g√ºtlig und korrekt sind, auf der anderen Seite emotionale Elemente wie Verlust von Wohlstand oder Unabh√§ngigkeit. Meist gewinnt die instinktive und emotionale Seite weil der Mensch nun mal, wie man sagt, nahe am Wasser gebaut ist. Ich denke das beste w√§re die Sendung in einen sachlichen Teil wo es um Recht, Verfassung und sachliche Argumentation geht und einen freien Teil in dem auch √ºber die emotionale Seite inkl Erfahrunsberichte etc. geredet werden kann.",['neutral']
@Caedus - dann bringt doch endlich sachliche Argumente dagegen ('ich will kein Ersatzteillager sein' ist rein emotional),['neutral']
"Verst√§ndlich. Eine neutrale und unabh√§ngige Diskussion ist damit klar nicht gegeben. Nichts gegen die Dame, aber egal was er sagen w√ºrde, w√ºrde sie stets das gleiche Argument bringen, was aus ihr geworden w√§re ohne die Spende.",['neutral']
"@Geraderdenker aber am Ende geht es ja um den Menschen‚Ä¶ und um die, die wird retten k√∂nnen.",['neutral']
"Wer nicht spenden will, sollte auch selbst keine Organe erhalten. So einfach w√§rs",['neutral']
"@Nulpi Dann darf niemand mehr operiert werden, der kein Blut spendet. Das w√§re konsequent, wenn es nach ihrer Argumentation geht.",['neutral']
@Nulpi So ist es. Ich will keine Organe von anderen.,['neutral']
Gross herauskommen mit dem Referendum und dann klein beigeben! Was f√ºr Typen politisieren denn bei uns?,['neutral']
@Meler  Die Absage war richtig und auch begr√ºndet. Der Selbstdarsteller Potz kann sich also ‚Äû selbst‚Äú produzieren.,['neutral']
"Organ Spende Verweigerung ist ""Egoismus pur und wiederwertig"", wenn einem Menschen oder mehreren das Leben gerettet werden kann sollte diese M√∂glichkeit selbstverst√§ndlich sein!",['neutral']
Mein K√∂rper und meine Entscheidung! Diese Abstimmung ist unn√∂tig.,['negative']
@Gradusgseit Sich anmassen √ºber andere Menschen zu entscheiden ist Tyrannei.,['neutral']
@JennyJenn99 Meine Worte. Das sehe ich auch so.,['neutral']
@Gradusgseit  Trotzdem sollte das weiterhin freiwillig sein.,['neutral']
"Man packt das Problem falsch an, richtig w√§re eine obligatorische Patientenverf√ºgung,Problem gel√∂st.",['neutral']
"Ihr wisst schon, dass man teilweise Tagelang k√ºnstlich am Leben gehalten wird, bis alle Organe entnommen werden? Sp√ºrt man da wirklich nichts? Ausserdem geht so ein ‚Äûich m√∂chte nicht spenden‚Äú Zettel schnell verloren wenn wichtige Personen Organe brauchen.",['negative']
"Ja dieses Gesetz bring sehr viel. Kurz eine Rechnung Sagen wir mal in der Schweiz leben 9 Mio. Menschen. Davon sind, sagen wir mal 2 Mio. dazu bereit ihre Organe zu spenden, der Rest nicht. Nun wird dieses Gesetz angenommen und die restlichen 7 Mio. Menschen lehnen es explizid ab, Organe zu spenden, dann bleiben wieder 2 Mio. Menschen √ºbrig, die Spenden wollen. Ergo sind wir gleich weit wie vor der Abstimmung. Aber ja, man kann auch so sinnlose Abstimmungen lancieren, ist ja nur Geld der Steuerzahler.",['negative']
leider darf ich das nicht mehr.als moya moya Patientin darf ich nicht mehr Spenden. schade de es braucht auch danach leute gut erhaltene Organe,['negative']
"Nat√ºrlich sollen die Organe gespendet werden. Es sind sehr strenge Bestimmungen , bevor ein Organ entnommen wird.",['neutral']
"W√ºrde im neuen Gesetz stehen, dass wer Organspende ablehnt selbst auch keine Organe bekommen k√∂nnte w√ºrde die Abstimmungsprognose wohl anders aussehen.",['neutral']
"Diejenigen, die nein abstimmen werden und keine Organe spenden wollen, sind sicher die ersten, die ausrufen werden, wenn Sie bei Krankheit auf einen Organ warten m√ºssen und keiner zur Verf√ºgung steht.",['neutral']
ich brauche meine Leber f√ºr Walhalla...,['negative']
"stell dir einfach folgende frage w√ºrde ich ein organ annehmen, wenn ich es br√§uchte? stimme dementsprechend ab. sei im Notfall konsequent. und du hast alles richtig gemacht.",['neutral']
Sie k√∂nnen alle meine Organe haben..... nach der Kremation...,['neutral']
"@scamorza es f√ºr eine Verschwendung, oder halt, wer braucht schon vergiftetes Material.",['neutral']
Ich spende meine Seele und hoffe der n√§chste wird gl√ºcklich.,['neutral']
"Von mir kann man dereinst nehmen was man will, braucht dann weniger lange bis der Rest vergl√ºht und in die Urne abgef√ºllt ist.",['negative']
"Das Welweit erste Organ (Herz) das Transplantiert wurde, ist 'gestohlen"" worden, damit sich Christian Barnard ein Denkmal setzen konnte. √Ñhnlich war es in der Schweiz. Auch hierzulande wurde das erste Organ OHNE Zustimmung entnommen und bei einer anderen Person eingesetzt",['neutral']
"Ich spende nur , wenn ich bestimmen darf , wer auf keinen Fall ein Organ von mir bekommt. Wenn das nicht geht , dann niemand.",['neutral']
"Ich spende nur , wenn ich bestimmen darf , wer auf keinen Fall ein Organ von mir bekommt. Wenn das nicht geht , dann niemand.",['neutral']
Jeder der spenden will soll sich doch freiwillig melden! Es braucht keine Entm√ºndigung.,['neutral']
"Man sollte sich bewusst machen, dass der Begriff ,Hirntot‚Äô erst mit der Transplantationsmedizin entstanden ist. Dass SwissTransplant in der Arena und Politiker Werbung machen f√ºr die Entnahme der Organe ist also logische Konsequenz und nat√ºrlich stehen dahinter grosse Mengen Geld. Dennoch auch als ,Hirntot‚Äò erkl√§rte Patienten (z.B. Reanimation nach Herzinfarkt) konnten sp√§ter noch Details wiedergeben. Hirntod bedeutet also nicht erwiesenermassen, dass man nichts mehr mitbekommt. Und schliesslich die Geschichten der Krankenschwestern, die Patienten mit entnommenen Organen nach der Entnahme abgedeckt haben und schreckensgeweitete Augen beobachtet haben oder eine Erh√∂hung des Pulses w√§hrend der Operation‚Ä¶ Werden die Entnahmen mittlerweile denn unter Narkose durchgef√ºhrt, oder wird auch daran noch immer gespart? Ich verstehe, dass Menschen dankbar sind f√ºr die Transplantationsmedizin und dass sie auch Leben rettet. Trotzdem w√ºrde eine Berichterstattung beider Seiten Not tun.",['neutral']
"Und wer steht gerade, wenn der Hirnstrom-Messer (Monitor) falsche Hirnstr√∂me anzeigt (z.B durch SoftwareHardware-Fehler, falsche Bedienung, etc). Med-Tech Ger√§te unterstehen zwar auf periodische Rezertifizierungen (zB alle Jahre), aber wenn das Ger√§t 1 Tag nach der Rezertifizierung defekt geht, kann es Monate dauern, bis Zweifel aufkommen",['negative']
"Mein hirn spende ich gerne,der bedarf scheint gross zu sein...denn rest auch.",['positive']
@DonKischote nein danke -),['negative']
"Nur ja heisst ja! Die k√∂rperliche und psychische Integrit√§t soll bitte unversehrt bleiben. Wer spenden will, darf das weiter tun, das wird ja nicht verboten. Aber nur ein explizites Ja ist ein Ja!",['negative']
"Auch bei einem Ja kann man noch sagen, man m√∂chte nicht spenden. Wo ist den das Problem? Und bei einem Nein, heisst es nocht lange nicht, dass nix gespendet wird. Wenns nicht gestgehalten wurde schriftlich, enschteiden andere f√ºr dich",['negative']
"@Nulpi Bei einem Nein werde ich weiterhin Spender bleiben, weil es ein gutes System ist. Bei einem Ja nicht mehr.",['negative']
"@Nulpi  Das ist eben das Problem. Die Initiatoren der unn√∂tigen Abstimmung rechnen damit, das viele Menschen die Verf√ºgung schriftlich nicht machen ( aus welchen Gr√ºnden auch immer) und somit u.A. die √Ñrzte freie Hand haben.",['neutral']
"@Nulpi alle die Nein stimmen, sollen dann bitte aber auch auf ein Organ verzichten, wenn sie eines ben√∂tigen. Ich bin erstaunt, wie viele dagegen sind. Mit ehmen k√∂nnt ihr die Organe ja nicht. Oder wisst ihr etwas, das ich nicht weiss..",['negative']
@Nulpi Never touch a running system. Jetzt l√§ufts doch ganz gut.,['negative']
"Ich trage seit 1987 nach einem schweren unverschuldeten Verkehrsunfall einen Spenderausweis bei mir. Mein Tod bekommt einen Sinn, wenn dadurch andere Leben gerettet werden k√∂nnen. Das m√ºsste aber NUR vom Spender bestimmt werden, ohne Einsprachrecht der Angeh√∂rigen, sonst hat die Gesetzes√§nderung keinen Sinn.",['neutral']
"@liph man sollte eine Patientenverf√ºgung obligatorisch machen, zack, viele Probleme gel√∂st.",['neutral']
"Ob ich die Organe nicht mehr ben√∂tige, weiss auch die Wissenschaft nicht. Es ist noch kein Toter zur√ºckgekommen und hat erz√§hlt, was ihm aufgrund der fehlenden Organe widerfahren ist.",['neutral']
@reven Seit meinem Jenseitserlebnis weiss ich - ich komme wieder. Ergo kann ich nichts abgeben. Sorry Leute.,['negative']
"Ich hatte einen Spendeausweis. Durch diese Zw√§ngerei von Swisstransplant und die transplantierenden √Ñrzte habe ich mich gezwungen gesehen, diesen zu entsorgen. Mein NEIN ist schon im Rathaus",['neutral']
@Liesmarie  Mein NEIN auch.,['negative']
@Liesmarie mein ja ist auch schon im Gemeindehaus,['neutral']
