"Wir bezahlen schon Geb√ºhren an den Staat, jetzt auch noch eine neue Abgabe. Definitiv NEIN - ich entscheide selber, welche Filme ich sehen will ; da geh√∂ren nur wenige CH - Produktionen hin - da gen√ºgen die Serafe-Abgabrn. Also - NEIN Danke!",['negative']
Warum 360 f√ºr Fernsehen zahlen u 90% Schichten kommt,['neutral']
Gute Filme werden freiwillig geschaut und daf√ºr auch bezahlt. Schlechte nicht. Ganz einfach. Nennt sich Marktwirtschaft.,['negative']
"Wenn wie von den Bef√ºrworter berichtet sei in √ñsterreich die Quoten Regelung bereits eingef√ºhrt und hat zu keine √Ñnderung der Filmangebote gef√ºhrt, welchen Sinn w√ºrde denn die Einf√ºhrung eine solcher Regelung hierzulande haben? Die Nachfrage und Qualit√§t regeln den Markt ...",['neutral']
"Viel sinnvoller w√§re eine Harmonisierung der Inhalte der Streaming-Anbieter untereinander, sodass man nicht mehrere Abos (Netflix, Amazon, Disney) abschliessen muss, um seine paar Lieblinsserien schauen zu k√∂nnen. Stattdessen alle Anbieter denselben Inhalt und lieber durch Preis und besseren Service von der Konkurrenz abheben, als durch die sogenannten Exklusiven Inhalte. Das w√§r mal was feines.",['negative']
"Wenn CH Filme so toll w√§ren, warum f√ºllen sie die Kinos nicht?",['negative']
"es wird behauptet, dass das angebot gleich bleibe. das ist falsch. bisher sehen wir 100% was wir wollen. nachher wird das auf 80% sinken und 20% heimisches wird dann auf dem netflixabstellgleise stehen. niemand schauts und abo teurer. oder glaubt jemand, dsss, wenn 1 kg spaghetti bisher 1 fr kostete sie zb 1200gr trotzdem f√ºr 1 fr kriegen? eher nicht. netflix ist dss selbe. das angebot wird weniger. voila.",['negative']
Netflix produziert zuviele Filme mit Gewalt und gewalt-Sexzenen sowie abstossende Szenen. Darum ist eine Erh√∂hung unzul√§ssig. Und l√§sst sich auch √ºberlegen. Das Abo zu k√ºnden,['neutral']
"Bisher habe ich noch kein Argument gegen die ""Lex Netflix"" geh√∂rt. Klar wollen die Rechten diese nicht. Die halten ja nichts von Schweizer Kultur.",['neutral']
"@Cholesche Schweizer Kultur und Filmwesen sind zwei paar Schuhe. Kultur kann ich vor der Haust√ºr haben, aber gute CH Filme existieren vielleicht eine Hand voll. Dass jetzt gezw√§ngelt werden soll, ist nicht zu begr√ºnden und ganz klar abzulehnen!",['negative']
"Der Schweiz fehlt der Kulturelle Kern und Zusammenhalt, ist leider in den letzten Jahren zunehmend verloren gegangen. Man orientiert sich nach den Trends von aussen und kopiert dessen Verhalten. Typisch ""Switzerland"" ist abgelaufen und findet keine eigene Ident√§t mehr da den Quoten und Trends den diktierenden Medien unterliegen....",['negative']
"Es braucht keine falschen Behauptungen. Pkt. 1 In der CH werden aktuell schon zig Mio an Steuergelder f√ºr den Kultur-Filmbereich abgegeben. Pkt. 2 und das ist der wichtigste Wenn etwas auf dem Markt keine Abnehmer findet, dann kann es noch so gut sein, aber ist leider am Markt vorbeiproduziert. Dies dann mit einem Investitionszwang einer privaten Firma zu subventionieren ist einfach falsch. Es ist in der CH aber ein bisschen Standard, dass alles was nicht rundl√§uft, da keine Nachfrage, einfach mit Steuergeldern oder sonstigen Geldern subventioniert werden soll (siehe SRG)",['negative']
@StefanM. Es gibt gute Schweizer Produktionen die es auch geschafft haben international Erfolg zu feiern.,['neutral']
"@StefanM. Sehe ich ziemlich √§hnlich. Wie viele Schweizer Produktionen m√∂gen aus professionellk√ºnstlerischer Sicht gut gemacht sein, wohl dank grossz√ºgiger Geldspritzen aus staatlichen T√∂pfen, aber leider totzdem an den Erwartungen vieler Kunden vorbeiproduziert? Da sehe ich ein riesiges Manko der Subventionierung von Kultur Sie scheint es erst zu erm√∂glichen, dass nicht die Nachfrage das Angebot bestimmt und somit scheinbar viele hochwertige, aber doch nicht gefragte Produktionen entstehen.",['negative']
@Repter nein nicht wirklich^^ die einzigen guten schweizer filmen hatte nur wschweizer regisseure etc aber wurden nciht in der shcweiz produziert^^ schauen sie mal auf wiki alle schweizer filme an und deren impakt. die will niemand sehen und kostetet nur unmengen an geld f√ºr nichts,['negative']
"Ich bezahle ja jetzt schon Serafe, warum nochmals bezahlen? Die CH-Filme und Serien sind grottenschlecht bis auf einige Ausnahmen. Wenn ich SF einschalte sehe ich ausschliesslich Jassen, Alpen, Bauern bis auf Kassensturz kann man den SRG nicht gebrauchen. Ich sehe die Schweiz in der ich lebe √ºberhaupt nicht repr√§sentiert. Ich zahle auch Serafe weil ich muss, und es geht sehr vielen so. Wie w√§re es anstatt in Bern zu sitzen und zu √ºberlegen wie man den B√ºrgern noch mehr Geld aus der Tasche zieht mal die Fernseheschaffenden in die Pflicht zu nehmen?!",['negative']
"Zu behaupten, dass das Referendumskomitee l√ºgt und dann direkt zu behaupten, die Angebote w√ºrden die gleichen bleiben. Wie denn bitte, wenn Netflix dazu verpflichtet wird, einen bestimmten Prozentsatz an europ√§ischen FilmenSerien im Angebot zu haben? Welche Seite hier l√ºgt, ist doch offensichtlich...",['neutral']
"@Martin87 nur weil etwas im Angebot ist, muss man es ja nicht zwingend konsumieren.",['negative']
@Fubar aber wir m√ºssend af√ºr bezahlen 0o warum sollten wir √ºberteurte filme produzieren die ienfahc niemand sehen will und das geld f√ºr wirklich spannende produkte ausgeben k√∂nnten,['negative']
"Die Gegner des Filmgesetzes versuchen es mit falschen Behauptungen und stellen es auch als Kampf gegen die SRG dar. Nur Die Schweizer Kutlur w√ºrde bei einem Ja weniger von der SRG abh√§ngen, da andere Produktionsfirmen gest√§rkt w√ºrden. Aktuell diktiert die SRG den Markt. Bei einem Ja kommen viele neue Mitspieler rein und zwingen zu Erneuerung. Hinzu kommt der grosse wirtschaftliche Nutzen, sei es in der Kultur, den Zulieferern (vor allem Handwerk) und dem Tourismus.",['neutral']
"@AndreaKa Das ist doch einfach quatsch. Die Filmszene resp. die Filme die daraus entstehen sind sehr ideologisch zielen in 99% der F√§lle auf ein nichen Puplikum ab. Das heisst nicht, dass die Filme per se schlecht sind, aber es ist prim√§r eine Selbstverwirklichung der Filmschaffenden und das breite Puplikum wird sich die Filme nicht anschauen. Gibt daher zwei m√∂glichkeiten, entweder man macht Filme f√ºr die breite Masse; dann kommt auch mehr dabei rum, oder man w√§hlt weiterhin stur den Weg der Art Filme und bettelt um einen Zustupf. Aber es ist seit langem die Strategie der linken Parteien. Man peitscht immer gegen die Reichen und die, die sich bereichern, aber an der Front stehen scheinbar wie in diesem Fall die linken Kulturschaffenden.",['negative']
"@AndreaKa Ich glaube Leute wie sie w√§ren in so Orten wie z.B. Ballenberg gut aufgehoben. Dort wird auch noch ganz ganz fest an uralten Traditionen festgehalten, mit √∂ffentlichen Gelder. Die SRG hat schon einen Kulturauftrag, das reicht. Der Filmmarkt f√ºr die Schweiz ist halt mal nicht so gross wie z.B. der von DE oder gar USA. Erfolgreiche schweizer Produktionen schaffen es auch so auf Netflix.",['negative']
"@AndreaKa ist wie diverse theater in z√ºrich... die machen 10 vorf√ºhrungen, da sie dan vom staat gled bekommen.. aber deren zeug ist so schelcht, das an allen vorstellungen zusammen nicht mal so viele leute auftauchen wie in einer vorstellung platz h√§tten... ich rede da von so einem experimentellen theater in z√ºrich.... es mag ja kultur sein aber kultur ohne jegliches interesse und markt",['negative']
"Wenn die Konzerne bei der FDP und SVP noch etwas Kohle nachschaufeln dann gewinnen sie die Abstimmung. Da braucht es eine Milchb√ºchleinrechnung, was teurer wird, die Abstimmung zu gewinnen oder die 4%. Dabei aber auch den Vorteil gegen√ºber dem TV miteinberechnen!",['neutral']
"Abgaben sind immer Steuern! Die Kosten werden auf die Konsumenten √ºberw√§lzt, was schliesslich zu h√∂heren Preisen f√ºhrt. Wenn sich Schweizer Filme nicht auf dem Markt behaupten, besteht offenbar keine Nachfrage. Folglich braucht es nicht mehr Schweizer Filme. Das letzte was wir in diesen Zeiten brauchen sind weitere Preisanstiege. Deshalb ein klares NEIN!",['negative']
@MaxM√ºller Ein JA bringt mehr Unabh√§ngigkeit von der SRG und mehr Innovationen. Aktuell zieht Netflix zum Beispiel auch schon 4% ein. Nur geht dieses Geld an franz√∂sische und deutsche PRoduktionen.,['neutral']
"@AndreaKa Nein Netflix zieht keine 4% ein. Und wenn es 4% abgeben m√ºsste, w√ºrden keine besseren Produktionen aus der Schweiz kommen sondern einfach viel mehr unbrauchbare.",['negative']
@AndreaKa ja und die machen wenshcon spannende filme^^ von der schweizer produktionen kommt nie wirklich etwas bruachbares,['negative']
"Wenn die Schweiz ein Filmland werden wollte, m√ºsste es Unsummen in dieses Gesch√§ft investieren. Tut sie aber so gar nicht. Also wozu beklagt man sich? Der CH Markt f√ºr Filme ist sehr klein, das rechnet sich nicht. Wenn man will, dass solche ausl√§ndischen Firmen in der CH Steuern zahlen m√ºssen- dann erhebt diese Steuern eben! Das d√ºrfte ja nicht so schwer sein.",['negative']
"Unbedingt ein Ja! 1. Finde ich es nur fair, dass Streamingdienste Abgaben leisten sollen. (Bisher k√∂nnen Netflix und co Steuerfrei und ohne Abgaben in der Schweiz wirtschaften! Das geht doch nicht!) 2. Die Streamingsbos der Kunden werden dadurch nicht teurer. (Haben Abgabegesetze in anderen L√§ndern gezeigt.) 3. Das Anbieten von Schweizerfilmen (ob man die nun gut findet oder nicht) machen heute schon viele Streamingplattformen. Das ist gut so und soll auch so bleiben. Ich m√∂chte in Zukunft die M√∂glichkeit haben auch mal eineb CH-Film zu schauen und nicht nur Hollywood konsumieren zu m√ºssen.",['negative']
"@QuintusKorf Genau, leider eine seltene Einstellung, aber die richtige.",['positive']
"@QuintusKorf 1. Sind das dann keine Steuern, 2. Was anderswo passiert, muss nicht zwingend gleich sein, wie das Szenario in der Schweiz, 3. Wenn Sie CH-Filme gucken wollen und schreiben, dass diverse andere Streamingdienste CH-Filme senden, weshalb gucken Sie dann nicht diese und lassen Netflix?",['negative']
"@QuintusKorf Dann sollen sie eine Abgabe einf√ºhren, die allen Steuerzahlern zugute kommt. Nicht nur der Filmindustrie.",['neutral']
@QuintusKorf dann finanzieren sie doch eine Schweizer Filmproduktion selbst!,['neutral']
"@AlbertoDuo 13 der Filmproduktionskosten fallen beim Handwerk an Schreiner, Maler usw. Filme f√∂rdern auch den heimischen Tourismus.",['neutral']
"@QuintusKorf 1. andere Firmen bezahlen auch keine Steuern und das st√∂rt niemanden 2. die Abos werden teurer wurde schon so mitgeteilt 3. ich soll also f√ºr etwas bezahlen, dass ich gar nicht sehen will und wo auch die Nachfrage gar nicht besteht? Hier bitte erkl√§ren warum",['negative']
"@QuintusKorf Es ist relativ einfach, aber rafft keiner. Weshalb soll etwas im Angebot stehen, wenn dies keiner will? In den Superm√§rkten fliegen Artikel die selten gekauft werden auch irgendwann raus. Dann sollte man aufh√∂ren ideologische Produktionen zu generieren die kein Mensch sehen will und halt das produzieren was vom Konsumenten gefragt ist.",['negative']
"@QuintusKorf wenn sie us filme nicht m√∂gen und lieber ch produktionen wollen, dann schauen sie halt srg oder abonnieren ein ch film streamingdienst. ich abonnierte netflix WEIL ich keine ch filme sehen will. √ºbrigens, sogar der kultursender arte zeigt keine ch filme. grundlos ist das sicher nicht.",['negative']
"@QuintusKorf wen sie shcweizer filme shen wollen schauen sie doch srf.. haben sie das gef√ºhl jemand will das langwielige √ºberteurte zeugs sehen? nein danke, sollen doch die leute daf√ºr bezahlen die das auch sehern wollen und wenn das so ist, reicht das geld vieleicht f√ºr eine theater vorstellung",['negative']
Woher kommt denn das Geld von dieser Filmlobby? Mischen etwa ausl√§ndische Unternehmen im Abstimmungskampf mit?,['neutral']
"Ich zahle schon zwangsweise absurde 400 Franken im Jahr an die Serafe welche f√ºr die Einkauf und F√∂rderung von schweizer Filmen die keiner sehen will (ich zumindest nicht) verschleudert werden. Wieso sollte man da noch mehr daf√ºr absondern m√ºssen? Das leuchtet mir √ºberhaupt nicht ein. Sollen die doch die Serafe-Kohle besser verwalten, anstatt ihre 5500 Hofschranzen damit durchzuf√ºttern. NEIN!",['negative']
"@DaYoungblood Nichts verstanden. Das Geld geht eben NICHT an die SRG, wie die Serafe Gelder. Ein nein st√§rkt die SRG. Ein JA f√ºhrt dazu, dass die Filmszene Schweiz nicht nur von der SRG abh√§ngig ist. Aber ihr Kommentar zeigt deutlich, dass viele nein Sager nicht mal verstanden haben worum es geht. nein, das Geld geht NICHT an die SRG. Auch wenn ihr dieses M√§rchen erz√§hlt.",['negative']
"@AndreaKa Ich will aber auch auf Netflix keine gr√∂ssere Auswahl an Schweizer Filmen, daf√ºr ist ja SRG da. Kulturf√∂rdergelder haben wir sowieso zu gen√ºge. Am Geld liegt es also nicht, sondern an der Nachfrage, welche offensichtlich zuwenig vorhanden ist f√ºr Schweizer Produktionen. Deshalb ein nein.",['negative']
"In der Schweiz hat es nicht viel Interessantes, w√ºrde nichts bringen langweiliges auszustrahlen. Wenn sie gut w√§ren w√ºrde es gesendet werden . Netflix hat viele Europ√§ische Serien und Filme, nur sind diese eben Cool üòé",['negative']
F√ºr diese Filmschaffende haben wir doch die Serafe-Geb√ºhren. Mehr braucht es nicht. Erfolgreiche Serien  Filme schaffen es auch so in die Streamingdienste. Der Inhalt muss eben stimmen und nicht die Herkunft.,['negative']
ich habe die Unterlagen geschreddert. N√ºtzt sowieso nichts abzustimmen. Wird weder umgesetzt noch sind wir neutral.,['negative']
@Geissenpeter Und was seits Heidi und der √ñhi?,['neutral']
@Geissenpeter Bester Kommentar. Danke üëçüèª,['positive']
"""Auch wird niemand gezwungen, etwas Bestimmtes zu konsumieren."" Stimmt absolut, aber warum soll ich dan daf√ºr zahlen?",['positive']
"@AbdulHakimCowboyBebop Mich st√∂rt eher folgender Punkt Netflix wird in 190 L√§nder angeboten. Wenn jetzt jedes Land 4% vom Kuchen will, wie gross ist am Schluss der Kuchen noch? Oder anders gesagt w√ºrde das jedes Land machen, m√ºsste Netflix die Preise um 800% erh√∂hen.",['negative']
@AbdulHakimCowboyBebop Weil sie das jetzt √ºber die SERAFE schon machen und die linksgr√ºnen Umverteiler den Umverteilungskuchen gerne gr√∂sser h√§tten.,['neutral']
"Netflix macht viele Eigenproduktionen und nimmt viele Ideen auf, aber wenn es die Schweizer Filmschaffenden nicht schaffen, interessanten Content zu liefern, wird es ein Zwang nicht besser machen‚Ä¶",['negative']
"Ich will keine CH Filme sehen, daf√ºr bezahle ich auch bei Netflix.",['negative']
@Pete81 genau. Es geht doch nur darum die Konsumenten abzuzocken. Wer schaut denn schon Schweizerfilme?! F√ºr Heidi und Uli der P√§chter bezahlt der Konsument √ºber Serafe!,['negative']
Es wir einfach mehr kosten. Filme die keiner sehen will m√ºssen nicht strafsubventioniert werden.,['negative']
"Ganz klar dagegen. Es f√§ngt wohl mit Netflix an, dann kommt Disney+ und Amazon PrimeVideo dran. Nein. Ganz klar dagegen.",['negative']
"@Hungriger_Hugo eigentlich sollten Sie nicht abstimmen d√ºrfen. Sie wissen nicht mal um was es geht. Es betrifft jetzt schon alle Streaming Anbieter und Fernsehsender, welche Schweizerwerbung bringen. Die Abstimmung hat auch gar nichts nur mit Netflix zu tun. Solchen Leuten sollte man das Wahlrecht entziehen. Man sollte nur noch abstimmen d√ºrfen, wenn man genau weis um was es geht.",['negative']
"@Hungriger_Hugo bei einem Ja w√ºrde es alle treffen, nicht nur Netflix.",['negative']
"@Hungriger_Hugo Disney+ ist schon betroffen, das heisst nur ""Lex Netflix"" es geht aber um alle streaminganbieter, und Amazon PrimeVideo gibt es nicht offiziell in der Schweiz (oder hab ich was verpasst).",['negative']
"@DaYoungblood ‚Ä¶. Etwas verpasst‚Ä¶. Habs seit Jahren, ohne VPN‚Ä¶",['negative']
und wieder eine repr√§sentative Umfrage in der Schweiz mit 9673 befragten üòÇ,['neutral']
Das ist einfach eine Geb√ºhrenerh√∂hung der Serafe. Mehr nicht.,['negative']
"@Repter glauben das wirklich 39 Leute (Stand 25.04.22, 0711)? K√∂nnt ihr lesen?",['neutral']
@Sasa_das_Original Kannst du zusammenh√§ngend denken? Warum soll es keine Geb√ºhrenerh√∂hung sein? Am Schluss zahlt n√§mlich jeder Streaming-Nutzer 4% mehr Abogeb√ºhren f√ºr nichts. Also doch eine versteckte Geb√ºhrenerh√∂hung.,['negative']
√úber den Erfolg eines Filmes entscheidet die Qualit√§t der Geschichte und die Leistung der Schauspieler. Mit Budget hat das recht wenig zu tun. Die Schweizer Filmbeanche muss halt Geschichten produzieren die bei Netflix auf Gegenliebe stossen. Wenn die Filme viele Zuschauer bringen zeigen die das schon. Wenn die Netflixkundinnen die CH-Nischengeschichten nicht sehen wollen ist das halt so. Eine Zwangsgeldquelle f√ºr die CH-Filmer braucht es dazu sicher nicht sondern deteas Hirn um die Topfeschichten zu finden.,['negative']
@Aussenspiegel Mit der Serafe werden pro Familie jetzt schon 400 Franken im Jahr in die schweizer Filmlandschaft gepumpt. Wenn das nicht reicht was sollen dann ein paar Franken mehr bringen? Besser w√§re es die Serafe Gelder sinnvoller einzusetzen als 5500 Hofschranzen durchzuf√ºttern.,['neutral']
"naja, es ist ja nicht so, dass die angebote in der schweiz jetzt bereits einiges teurer sind als im ausland. dann soll dieser aufschlag auch gef√§lligst in der schweiz investiert werden. und vielen nutzern ist gar nicht bewusst, dass jetzt schon einige erfolgreichen serien bei streamingdiensten aus europs kommen und nicht aus den USA.",['negative']
"@Spyy83 und was hat das dann bitte mit der Schweiz zu tun? Ich WILL nicht den Schweizerfilm nochmals mitsubventionieren das mache ich mit Serafe! Die sollen die Gelder besser nutzen, als nur da sitzen und sich √ºberlegen wie sie mit noch mehr Geld aus meiner Tasche ziehen! Gute Schweizerfilme schaffen es ins Kino etc. die m√ºssen sich halt bessere Drehb√ºcher anschaffen und Schauspieler. Platzspitz Baby schaffte es in die Kinos und war super besucht! Einfach mehr Geld reinpumpen bringt nicht zwingend bessere Filme!",['negative']
"@Susy99 serafe hat nun mal nix mit der schweizer film industrie zu tun. serafe ist f√ºr die SRG und privaten tv- und radiosender. wenn schon, dann besser informieren.",['neutral']
"Wer nicht investieren kann gibt 4% vom Umsatz ab, dieses Geld wird vom Bund an den Filmschaffenden weitergeleitet. Das ist ganz klar eine zus√§tzliche Steuer welche die Konsumenten bezahlen m√ºssen.",['neutral']
@DarellTaube Und 4% mehr f√ºrs Glotzen k√∂nnen wir uns unm√∂glich leisten?,['negative']
"@Woeufu Nein, warum auch soll man noch mehr Zwangsgeb√ºhren bezahlen?",['negative']
"@Woeufu,Darum geht es nicht, es ist lehrbuchm√§ssigen Protektionismus mit allen Nachteilen f√ºr die Konsumenten, wie h√∂here Preise, weniger Wettbewerb und ein eingeschr√§nktes Angebot.",['negative']
@Woeufu Wir zahlen schon absurde 400 Franken im Jahr f√ºr schweizer Filme die wir nicht sehen (wollen). Das ist viel teurer als jeder Streaminganbieter. Lex Netflix w√§re OK wenn man daf√ºr die Serafe abschafft und den SRG bis auf einen steuerfinanzierten Nachrichtenkanal zumacht und die ganzen Hofschranzen feuert. Samschtig-Jass? Gehts noch?,['negative']
"Jeder m√∂chte einen guten Film sehen, egal woher der Film kommt. Wen gewisse Produzenten die Menge nicht kann begl√ºcken, ist das nicht das Problem des Konsumenten.",['positive']
"Wer einmal l√ºgt dem glaubt man nicht, selbst wenn es Berset ist, der spricht.",['neutral']
Auch diese auf Heimatschutz getrimmte Vorlage wird der intelligente B√ºrger und die intelligente B√ºrgerin in den tiefen der Meere glanzvoll versenken.,['neutral']
"Wenn wir kein Selbstbedienungsladen sind, dann macht ihr Politiker endlich etwas, dass wir mit unserer Hochpreisinsel nicht die ganze Zeit mit zu hohen Preisen abgezockt werden! Da geht das meiste Geld n√§mlich ins Ausland. Stattdessen liefert ihr den Konzernen noch mehr Grund die Preise zu erh√∂hen, wenn ihr ein zus√§tzliches Ballenberg-Fernsehen installiert!",['negative']
"Scheinbar ist ja der Schweizer B√ºrger ein Selbstbedienungsladen f√ºr Politiker, die den Hals nicht voll kriegen! Ich werde gezwungen Serafe Geb√ºhren zu bezahlen, obwohl ich keine Schweizer Sender schaue.",['negative']
Das ein SPler Einnahmen als zwingend bezeichnet erstaunt nicht. Ihre st√§ndig gr√∂ssere Verschwendungssucht verlangt nach immer neuen Einnahmen.,['neutral']
"Wenn wir kein Selbstbedienungsladen sind, dann macht ihr Politiker endlich etwas, dass wir mit unserer Hochpreisinsel nicht die ganze Zeit mit zu hohen Preisen abgezockt werden! Da geht das meiste Geld n√§mlich ins Auslsnd. Stattdessen liefert ihr den Konzernen noch mehr Grund die Preise zu erh√∂hen, wenn ihr ein zus√§tzliches Ballenberg-Fernsehen installiert!",['negative']
Aber die Netflix Nutzer sollen ein Selbstbedienungsladen ohne Kasse f√ºr die Schweizer Filmindustrie sein? Subventionen kassieren f√ºr eine Leistung (Film) die keiner sehen will?,['neutral']
"Schon speziell, dass jedes KMU (Coiffeur, Spengler, Maler, Restaurant etc.) in der Schweiz Mehrwert- und Gewinnsteuer bezahlen muss, aber Netflix nicht. Und die Schweizer Jungparteien unterst√ºtzen dies noch.",['neutral']
¬´Wir sind doch kein Selbstbedienungsladen f√ºr Grosskonzerne¬ª Selten so gelacht Herr Berset... Dumme Frage Gilt das auch f√ºr die Pharma?,['neutral']
Das Gesetz hat keine Chance! Ich will sicher nicht auf Netflix CH Filme schauen!,['negative']
@JPage Aha....Wen interessierts?,['positive']
@JPage Darum geht es √ºberhaupt nicht! Lesen Sie bitte den Abstimmungstext.,['negative']
"Das Netflixgesetz mit den Kompensationsgesch√§ften der Fliegerbeschaffung zu vergleichen... Da stellen sich mir alle Nackenhaare auf. Bei den Fliegern ist der Kunde der Staat, dem gleichzeitig eine Gegenleistung geboten wird. (Auch das finde ich rechtlich mehr als heikel im Ausschreibungsverfahren, aber wird toleriert.) Bei Netflix sind die Kunden Privatpersonen. Hier spielt der freie Markt. Ein besserer Vergleich w√§re es, wenn man von Nike fordern w√ºrde, die Kleider in Europa herzustellen, wenn sie hier verkaufen m√∂chten. Undenkbar? Warum dann beim Streamen? Wir haben hier eine Marktwirtschaft und keinen Kommunismus Herr Berset. Wenn Schweizer Filme so beliebt sind, ist es auch kein Problem diese zu finanzieren und produzieren. Wenn nicht, dann ist es eine Bevormundung des Kunden und verteuert schlussendlich die Abokosten. PS Ich habe kein Netflix, mag schweizer Filme, bin trotzdem entschieden gegen das Gesetz.",['negative']
"Will ich einen europ√§ischen Film schauen, es kommen ja nicht 30% Swiss, dann schaue ich das im TV. Will ich anderen Content haben schaue ich beim Streaminganbieter.",['negative']
"@Hasenzahn Am Programm wird sich auch bei einem JA nichts √§ndern, denn die 30% Regel gibt es schon seit 2018.",['neutral']
¬´Wir sind doch kein Selbstbedienungsladen f√ºr Grosskonzerne¬ª Ah ja? Da war doch mal eine Pandemie....,['negative']
"Hmmm wenn die Schweiz kein Selbstbedienungsladen f√ºr Grosskonzerne sein soll... Wieso zahlt die FIFA keine Steuern? Wieso Novartis, Glencore, Nestl√©, etc sehr sehr wenig?",['negative']
"Habe selten eine d√§mlichere Idee als dieses Filmgesetz gesehen. Man kann soviel man will versuchen, irgendwelche Unternehmen zu zwingen, die lokale Filmindustrie zu f√∂rdern. Das √§ndert nichts daran, dass die lokale Filmindustrie einfach schlecht ist. Man zwingt die Unternehmen ein Verlustgesch√§ft zu machen, wenn sie bei uns Verkaufen wollen.",['negative']
Das werden am Ende auch wir bezahlen. Oder will der Bund Netflix dann auch noch die Geb√ºhren vorschreiben?,['neutral']
Wir sind kein Selbstbedienungsladen. Seit wann????,['negative']
Aber die FIFA als Verein *hust* muss keine Steuern zahlen. Genau mein Humor.,['neutral']
"Berset hat erwartet viel Gegenwind erstaunlich ist, wird viele Leute Netflix und co unterst√ºtzen, obwohl diese die Schweizer und Schweizerinnen abzocken wie kein anderes Land. Das geht irgendwie nicht auf, ist aber nat√ºrlich den Grosskonzernen recht so damit k√∂nnen sie weiter abzocken.",['negative']
"Nein, wir sind ein Selbstbedienungsladen f√ºr den Bund...",['negative']
"""Wir denken immer noch in alten Kan√§len"", nur der Bund, wenn es ihm beliebt, und es Geld reinbringt.",['neutral']
"Wer die Schweizer Filmindustrie unterst√ºtzen will, soll ins Kino gehen. So Einfach.",['neutral']
"Kein Selbstbedienungsladen f√ºr Grosskonzerne?! Das ich nicht lache, was ist mit all den Grossfirmen, die viel h√∂here Preise als im Ausland verlangen? Pharma, Versicherungen, Migros oder Coop, um nur ein paar zu nennen. Sorry und f√ºr was soll man in etwas Geld investieren, was schon auf dem Totenbett liegt? Wann wurde denn letztmals ein Film aus schweizer Produktion so erfolgreich, dass die Produzenten gut davon leben konnten? Sorry auch mit noch mehr Geld wird die tote schweizer Filmszene nicht wieder erfolgreicher sein.",['negative']
"Stimmt, lieber selber alles aus dem Fenster werfen oder irgendwo verschenken.",['negative']
Nun freu mich schon auf 30% ‚Äûeurop√§ische‚Äú Animes auf Wakanim oder Crunch.,['positive']
"@Neph Die 30% hast Du heute schon zur Auswahl und das wird so bleiben, bis die EU etwas anderes vorschreiben wird.",['neutral']
"Das kommt euch auch noch sehr fr√ºh in den Sinn Starbucks, FIFA, Glencore, Mc Donald usw. usw.",['neutral']
Meine Frage ist - bekommen Wir von einem Eisenbahnkonzern auch 4% vom Umsatz von Stadler wenn Stadler immer alle Auftr√§ge gewinnt? Das k√∂nnen wir in Zukunft einfordern? Weil sorry bis jetzt galt Marktwirtschaft - das Gesetz hebelt dieses Grundsatz aus! Weil auf jede Branche anwendbar!,['neutral']
Sorry heutzutage hat jeder 2. Youtuber bessere Qualit√§t und Filmschnitt. Sollen sie halt den Finger usene und mal richtig lernen Filme zu machen,['negative']
"wieso sollen filme die niemand sehen will und verluste einfahren gef√∂rdert werden? nur damit darsteller und produzenten ihren traum leben k√∂nnen? auf den gewinn, das ein unternehmen im jeweiligen land erwirschaftet sollen steuern bezahlt werden, mehr auch nicht. wir haben schon viel zu viele tagtr√§umer bei der srg, die machen was sie wollen, ohne das es eine rolle spielt obs rentiert oder nicht.",['negative']
"ich glaube es gibt 1-3 gute ch filme. Utopia Blues und Charlie. mehr fallen mir grad nicht ein. a.. und ""fascht e familie"". seit gut 15 jahren nichts ansehnliches produziert. da hilft mehr geld auch nicht.",['negative']
"wir sind auch kein Selbstbedienungsladen f√ºr Organe. mit zus√§tzlicher Filmf√∂rderung werden nur weitere Filme f√ºr die Filmbubble produziert. Netflix ist kein Kulturf√∂rderungsamt, das ist ein Gesch√§ft, sie produzieren was gekauft wird und das rentiert. die schweizer Filmindustrie ist ein Hobby, sie will nicht rentieren sondern Kunst um ihrer selbst willen machen. zensiert ihr das jetzt wieder?",['negative']
"@weirdSister Wenigstens mit ""weird"" hast du recht!",['neutral']
Kann man das Geld nicht f√ºr etwas gescheites brauchen?,['negative']
"@Paul22 F√ºr ein grosses ""G"" vielleicht? ü§≠",['positive']
"Die alten Schweizer Filme waren noch akzeptabel, aber heute schon lange nicht mehr. Nur Quatsch und Karton!",['negative']
Netflix wird die 4% bezahlen und es dann von denn Kunden wieder zur√ºck hohlen. Teurere Abos ü•≤,['negative']
"Aber Forscher und staatliche Universit√§ten d√ºrfen sich gerne bedienen. Die Physik ist in einer Sackgasse aber damit Geld fliesst, ver√∂ffentlichen die Forscher einfach irgendwas und schon bekommen die Millionen.",['neutral']
Schweizer Filme flopten reihenweise.Auch das Schweizer Fernsehen ist teuer und hat schlechte bis mitelm√§ssige Qualit√§t.Aber die L√∂hne sind spitze dort.Alles sch√∂n oben rein.Leider hatte ich Nein zu No Billag gestimmt.Diesmal begehe ich den Fehler nicht nochmals.Filme kann die Schweiz selten gute produzieren.,['negative']
Der Selbstbedienungsladen wird von Berset er√∂ffnet die bereits grossz√ºgig subventionierten CH Jungfilmer k√∂nnten sich richtig bedienen.,['neutral']
"Hat das Jemand bei der Pharma ,Banken Versicherungen mal hinterfragt . Oder beim Bund ,da wird das Steuergeld zum teil Verschleudert.",['negative']
"Sorry, aber f√ºr die meisten sind schweizer film und serienproduktionen einfach nur schlecht in jeglicher hinsicht und das hat nichts mit deren budget zu tun, nein es wird einfach am konsumenten in jeglicher hinsicht vorbei produziert.",['negative']
"Brauche kein Netflix. Schaue nur Dokumentationen, auf X-Hamster. da.",['negative']
Ich kann ja das coole Programm von SRG schauen. Da kann Netfix einpacken. Ha ha.,['positive']
Wen das angenommen wird k√ºndige ich einfach alle Abos schau alles nur noch im Internet,['negative']
"@Jango_fett √Ñh, Netflix wird √ºbers Internet geschaut oder l√§sst du dir VHS-Kassetten heimschicken?",['negative']
"@Jango_fett Du bezahlst aber auch weiterhin SERAFE, egal was du schaust.",['neutral']
Bei der Pharma klappte das aber die letzten zwei Jahre mit der Selbstbedienung. Mit freundlicher Unterst√ºtzung von Herrn Berset!,['neutral']
"von Netflix bekomme ich wenigstens etwas zu sehen was mir sogar manchmal gef√§llt was man von den ganzen Stefanie Heinzmann, Bashi und co. Produktionen nicht erwarten kann und dennoch bezahle ich dort Pflichtabogeb√ºhren...üôà sogar mit Werbung...",['negative']
"Wenn das Personalbudget des Bundes binnen 12 Jahren um 70% steigt, die Bundesangestellten 50% mehr verdienen als der Durchschnitt-Schweizer, 80% arbeiten, 100% Lohn kassieren (=""Homeoffice"" √† la Bundesverwaltung), dazu noch 14 Monatsl√∂hne... dann komme ich mir auch wie ein Selbstbedienungsladen vor.",['neutral']
Herr Berset hat hier bei mir ein Umdenken in Gang gebracht vom Nein zum Ja. Ja!,['neutral']
schweizer filme sind bis jetzt nunmal schlecht. das liegt nicht daran dass wir sie schlechtreden. ich will dass haupts√§chlich gute sachen laufen. subventionierte minderheitenfilme geh√∂ren da nunmal nicht dazu...,['negative']
"Ich, 33 - komme mir von Ihrer Seite her auch wie ein Selbstbedienungsladen vor, Herr Berset",['neutral']
Bei der SRG ist es offenbar kein Problem sich mit Milliarden pro Jahr selbst zu bedienen. Geell??,['neutral']
Ich finde Alain Berset sexy !‚ù£Ô∏è,['positive']
Nein weil dagegen!,['negative']
test test test test test,['negative']
@Ashtest457 unbedingt üí™üèªüòÇ,['negative']
@Ashtest457 scheint zu funktionieren.,['positive']
"Dann in der Schweiz g√ºnstiger machen, dann ist es egal, wo das Geld investiert wird.",['neutral']
"Ganz so unrecht haben die nicht. Die Konzerne m√ºssen das Geld wieder reinvestieren, n√§mlich dort wo sie auch verdienen.",['negative']
@Lapos und warum sollten sie das macht das dann norvatis und Co auch so denke nicht,['neutral']
"@Lapos Nein, m√ºssen sie nicht und damit das auch so bleibt habe ich ein NEIN in den Wahlurne geworfen. Netflix und Disney sollen ihr Geld lieber in qualitativ hochwertige Serien und Filme re-investieren. Wenn in der Schweiz nicht viel qualitativ Hochwertiges produziert wird, sollen sie auch nicht ihr Geld damit verschwenden m√ºssen. Dadurch verschlechtert sich letzend Endes nur die Qualit√§t des Angebots von Netflix und co.",['negative']
@Lapos ahhhh soooo wie bei der 4. Impfung wird sicherlich schon daran gearbeitet!!!!! ü§£ü§£,['negative']
"Es ist klar und geh√∂rt als Kulturminister zu BR Berset's Aufgabe den Schweizer Film gut zu reden. Die Geschichte und dann noch die Qualit√§t der Schauspielerinnen entscheiden √ºber Erfolg oder Misserfolg eines Filmes. Mit dem Budget hat das recht wenig zu tun. Die Schweizer Filmbranche neigt dazu den Zuschauerinnen zu Minderheitengeschichten den Spiegel vorzuhalten. Solche Inhalte iInteressieren halt nur wenige und hat bei Netflix wohl eher geringe Chancen. Die Filmerinnen sollen bessere, mehrheitsf√§hige Geschichten produzieren die bei Netflix auf Gegenliebe stossen. Eine Zwangsgeldquelle damit die CH-Filmerinnen ihre gesellschaftskritischen Botschaften transportieren k√∂nnen braucht es sicher nicht. Darum ein grosses Nein.",['negative']
"Hallo Alain, fand deine Coronapolitik grunds√§tzlich gut wenn auch zur√ºckhaltend mit den Massnamen.... Aber sorry es ist nicht erst seit kurzem in Mode Schweizer Produktionen schlechtzureden das ist solange ich mich erinnern kann so. Selbst der Erfolg Achtung fertig charlie den ich damals im Kino gesehen habe ist einfach nur diletantenhaft. Es ist also nicht neu..... Tschugger? das kenne ich nur von den nervigen Youtube Ads sonst nichts. Stimme nein da ich nicht noch mehr f√ºr Streamingdienste bezahlen will. Ansonsten werden halt wieder alle zu Piraten.... Ist ja schliesslich legal in der Schweiz...",['negative']
"Wer Streamingdienste bezieht und daf√ºr zahlt, der hat eine gewisse Vorstellung davon, was er schauen will. Schweizer Filme d√ºrften da wohl nicht einmal ein einziges Prozent der bezogenen Leistungen ausmachen. Nichts gegen Kulturf√∂rderung, aber man sollte auch bei der Kultur den Markt vermehrt spielen lassen. Vor 20 Jahren gab es gerade mal 5 Filmfestivals, heute gibt es 23(!) und alle garnieren Subventionen und Beitr√§ge. Doch wer trifft sich denn dort? Produzenten, Schauspieler, Politiker, Kulturbeauftragte und Lokalgr√∂ssen, die sich gern ins Rampenlicht setzen. Man bleibt unter sich, tr√§gt Rollkragenpulli, trinkt C√ºpli und kassiert Subventionen. Das breite Publikum (und Steuerzahler) bleibt diesen Veranstaltungen aber meistens fern. Wenn es die Amis schaffen, rein privat finanzierte Kassenschlager zu produzieren, dann sollten wir das auch k√∂nnen.",['negative']
"Die Schweiz sill also nur selbstbedienungsladen dees staates sein, nicht fpr konzerne, welch sich nicht bedienen sondern ein ProduktDienstleistung anbieten, zu einem Preis wo jeder entscheiden kann, ist ok oder ist zu teuer!",['negative']
"@Garoldos sehr gut auf den Punkt gebracht. Bei Netflix kann ich als Konsument selbst entscheiden ob ich mir ein Abo leisten will. Beim Schweizer TV hat leider der Stimmb√ºrger f√ºr mich entschieden dass ich bezahlen MUSS egal ob ich konsumiere oder nicht. Das Schweizer Fernsehen und Serafe ist in diesem Zusammenhang das einzige, wo man von Selbstbedidungsladen reden kann.",['positive']
Zwangsgeb√ºren!,['negative']
"Der Staat sollte sich nicht einmischen, wenn ich mich entscheide ein Angebot eines ausl√§ndischen Anbieters zu nutzen. Es geht den Staat nichts an, ob ich zu viel bezahle f√ºr mein Abo, welche Filme sie im Angebot haben, und wie sie das Geld re-investieren. Mein NEIN ist bereits im Briefkasten.",['neutral']
"W√ºrden die Schweizer Filmproduzenten mit ihren j√§hrlich √ºber 120 Millionen Franken Subventionen Filme produzieren, die das Publikum ansprechen, h√§tten sie auch wirtschaftlich Erfolg. Leider produzieren sie am Markt vorbei. Sie tragen ja auch kein Risiko, die Subventionen m√ºssen verbraten werden mit Produktionen f√ºr Einzelne Zuschauer. Das funktioniert nich - auch wenn man oben noch mehr Geld reinkippt.",['negative']
"Es ist 5 vor zw√∂lf. Stoppt den Krieg, aber Subito. da.",['neutral']
"Es tut mir leid, Herrn Berset zu widersprechen, aber Schweizer Filme sind wirklich nicht das Gelbe vom Ei, sondern h√∂chstens Durchschnitt. Das ist leider Tatsache. Es geht nicht um mehr Geld, sondern um mehr Qualit√§t.",['negative']
"Wer Streamingdienste bezieht und daf√ºr zahlt, der hat eine gewisse Vorstellung davon, was er schauen will. Schweizer Filme d√ºrften da wohl nicht einmal ein einziges Prozent der bezogenen Leistungen ausmachen. Nichts gegen Kulturf√∂rderung, aber man sollte auch bei der Kultur den Markt vermehrt spielen lassen. Vor 20 Jahren gab es gerade mal 5 Filmfestivals, heute gibt es 23(!) und alle garnieren Subventionen und Beitr√§ge. Doch wer trifft sich denn dort? Produzenten, Schauspieler, Politiker, Kulturbeauftragte und Lokalgr√∂ssen, die sich gern ins Rampenlicht setzen. Man bleibt unter sich, tr√§gt Rollkragenpulli, trinkt C√ºpli und kassiert Subventionen. Das breite Publikum (und Steuerzahler) bleibt diesen Veranstaltungen aber meistens fern. Wenn es die Amis schaffen, rein privat finanzierte Kassenschlager zu produzieren, dann sollten wir das auch k√∂nnen. Wenn wir dazu nicht f√§hig sind, dann sollten wir es entweder lernen oder aufgeben (frei nach Jack Welch und seinen Stars & Lemons).",['negative']
"Jeder Steuerzahler finanziert die Schweizerische Filmindustrie. Wer aber ausl√§ndische Filme und Serien abonniert muss zus√§tzlich die schwachen CH Filme zwangsfinanzieren. Das w√§re etwa gleich, wie wenn jemand der Ferien im Ausland bucht auch noch eine Geb√ºhr an Schweiz Tourismus abliefern m√ºsste.",['neutral']
Wenn den Schweizer Produzenten mehr Geld zur verf√ºgung steht werden einfach mehr schlechte Filme produziert.,['negative']
Ich bin f√ºr Nein. F√ºr Steuererhebungen ist die Schweiz ja Weltmeister- daf√ºr muss man kein generelles Gesetz f√ºr eine Firma machen.,['neutral']
Dem Typen glaub ich nicht mal die genaue Zeitangabe.,['neutral']
"L√ºgen √ºber l√ºgen. Offiziell nat√ºrlich nicht, aber intern schon lange.",['negative']
Jetzt aber‚Ä¶bin √ºberrascht Herr Berset!,['neutral']
Edely ist Alt genug um selber zu bestimmen was ich sehen will. Darum kommt von mir ein Nein.,['negative']
"Ich finde Herr Berset hat in allen Punkten recht. Wir werden von Netflix - leider - sehr gemolken. Googlet mal ""Netflix Penetration Pricing"". Laut dem sollte Netflix so viel kosten wie in den allermeisten EU-L√§ndern. Und bevor jemand kommt, dass wir fast 2x so viel wie EU-L√§nder verdienen Ja, das mag sein. Aber schaut euch Singapur, Island, Luxemburg oder Norwegen an, die ein √§hnliches Lohnniveau haben wie wir. Die zahlen 40-50% weniger als wir und mitunter sogar unter EU Schnitt. Aber gut, aus diesem Grund habe ich seit einigen Jahren mein Netflix Abo auf T√ºrkei umgestellt, da ich so 55TRY resp. jetzt 79TRY pro Monat zahle. - Bei Schweizer Programm.",['negative']
@Nagayo ja toll ist ja jedem seine Entscheidung was er aboniert und was nicht! Nicht so bei den zwangsgeb√ºren!,['neutral']
"Sorry, nichts gegen schweizerische und andere europ√§ische Filme aber ich will einfach gute Filme sehen, egal wer sie produziert hat. Deshalb habe ich ‚Äû nein‚Äú abgestimmt.",['negative']
"Fairness? Das ich nicht lache. F√ºr SRG werde ich vom Staat gezwungen, jedes Jahr √ºber CHF 300.‚Äî zu bezahlen f√ºr etwas, dass ich so gut wie kaum benutzte. Wo ist da die Fairness?",['negative']
"@FrequentCommentator  Fairness bedeutet Solidarit√§t. Wir haben ein Informationssystem das alle gleichermassen nutzen k√∂nnen. Ob man das nutzt ist jedem seine Sache. Das System wird jedoch von allen in gleichem Mass bezahlt. Dazu nutzen sie sicher auch die Strassen und haben kein Auto, also nutzen sie auch Sachen welche durch Andere bezahlt werden.",['negative']
"@T√ºrmli1332 Sie beschreiben hier eine Pseudo-Solidarit√§t. Es ist einfach zu sagen, wenn sie nicht meiner Meinung sind, sind sie nicht solidarisch mir gegen√ºber. Das nennt man Pseudo-Solidarit√§t. Wenn ich keine Auto habe, nutze ich den Gehsteig, und der wird nicht von den Autofahrern, sondern von allen Steuerzahlern bezahlt. Grunds√§tzlich gilt das Verursacherprinzip, so gut es geht. Das Verursacherprinzip ist das gerechteste System und solidarisch, da der bezahlt wo es nutzt und niemand anderer. √úbrigens, Autofahrer zahlen zus√§tzlich noch eine Steuer, da sie die Strassen mehr belasten. Velofahrer zahlen diese Steuer nicht, das sie die Strassen weniger belasten. Fazit Pseudo-Solidarit√§ten sind schnell durchschaut. Verursacherprinzip gleich Solidarit√§t.",['negative']
"Fairness? Das ich nicht lache. F√ºr SRG werde ich vom Staat gezwungen, jedes Jahr √ºber CHF 300.‚Äî zu bezahlen f√ºr etwas, dass ich so gut wie kaum benutzte. Wo ist da die Fairness?",['negative']
"""Die Schweiz ist doch kein Selbstbedienungsladen f√ºr globale Grosskonzerne..."" Das soll nur f√ºr Streamingdienste gelten? Noch schlimmer Die Schweiz ist ein Selbstbedienungsladen f√ºr die Pgarma Industrie in ihrem eigenen Land. Aber das ist nat√ºrlich egal, Herr Berset...?",['negative']
"N√∂, kein Selbstbedienungsladen f√ºr die Grosskonzerne, nur die Pharmabranche, die darf sich bedienen... Gell lieber Her Berset!",['negative']
"Was ich immer witzig finde, viele meinen es darf auch nichts kossten. Nur leider ist es meistens so was nichts kostet ist nicht viel Wert.",['positive']
@BrunoSchlegel nur kostet bei uns alles extra viel. usa netflix g√ºnstigeren wesentlich gr√∂√üeres Angebot. Zum beispiel,['negative']
"""Weil es unfair ist, wenn nur Anbieter wie die SRG hier investieren m√ºssen und ausl√§ndische nicht. Es geht um Fairness."" Ob ich Netflix will oder nicht kann ich frei entscheiden und werde nicht vom Staat gezwungen eine Abgabe f√ºr etwas zu bezahlen was ich nicht nutze. W√ºrde die SRG weniger Geld erhalten w√ºrde vermutlich auch das Programm mehr am Markt orientiert sein. Dass die SRG investieren muss ist auch logisch, ber√ºcksichtigt man den Umstand das die B√ºrger gezwungen der SRG Geld zu geben.",['negative']
@Admin99 Und was genau ist nun das Argument f√ºr deine Ablehnung?,['neutral']
Warum wurde die Kommentarfunktion bei der Abstimmungsumfrage deaktiviert? Viel Gegenwind *lach* Ihr k√∂nnt das was kommt noch ein wenig hinausz√∂gern aber es kommt trotzdem.,['negative']
Mich interessieren schweizer Filme nicht.,['neutral']
@Njetfliks Arbeitest du nicht in der Schweiz? Willst du nicht das die Infrastruktur gut instandgesetzt wird?,['neutral']
@Njetfliks Dann klicken Sie bei Netflix einfach auf etwas anderes. Verstehe die Leute nicht die sich gegen das Gesetz aussprechen mit der Begr√ºndung Sie schauen keine schweizer Filme.,['neutral']
Mich schon.,['positive']
@Njetfliks Dann kannst Du mit Deinem Ja ein Zeichen f√ºr die Vielfalt setzen. Die schweizer Filme nehmen niemandem was weg.,['neutral']
"@Njetfliks mich auch nicht. nur schon mit den vielen Akzenten und Landessprachen gibtsn Horror. Sorry Leute ich mag unser Land aber wir sind von den Internationalen Filmen zu verw√∂hnt um noch Schwitzerd√ºtschi Filme sehen zu wollen. Da h√§tte die Schweiz viel fr√ºher anfangen sollen. Kann mir mal jemand einen Action, Spionage oder Thriller in der Schweiz nennen. Das Land und die Bev√∂lkerung bieten gar kein richtiges Setting daf√ºr. Und wenn dann vielleicht die Rosengartenstrasse mit umst√ºrzendem Primetower und Ausgeraubter ZKB Filiale... hach.. vielleicht kommt ja noch sowas. ü§™",['negative']
