"jeder der etwas weiter denken kann, legt ein nein in die urne. meins ist schon auf sicher...","Sentiment(polarity=0.35, subjectivity=0.0)"
In der Schweiz sterben j√§hrlich mehr durch Autos als Waffen. Verzichtet doch aufs Autofahren und rettet Leben,"Sentiment(polarity=0.0, subjectivity=0.5)"
"Was Verbote oder Versch√§rfung nutzen, sieht man am versch√§rften Waffenrecht. Oder wie war das nochmals genau mit Wien?","Sentiment(polarity=-0.35, subjectivity=0.0)"
"@Outlaw Das kommt eben vom Waffen produzieren und exportieren, Outlaw. Oder meinst du, die Schweizer Qualit√§tshandgranaten sind zu Fuss nach Libyen gegangen?","Sentiment(polarity=0.0, subjectivity=0.0)"
"Jede Kanone, die gebaut wird, jedes Kriegsschiff, das vom Stapel gelassen wird, jede abgefeuerte Rakete bedeutet letztlich einen Diebstahl an denen, die hungern und nichts zu essen bekommen, denen, die frieren und keine Kleidung haben. Eine Welt unter Waffen verpulvert nicht nur Geld allein. Sie verpulvert auch den Schwei√ü ihrer Arbeiter, den Geist ihrer Wissenschaftler und die Hoffnung ihrer Kinder. Dwight D. Eisenhower","Sentiment(polarity=-0.425, subjectivity=0.0)"
"Wer f√ºr den Waffenexport ist, sollte alle Heldenfriedh√∂fe der Welt j√§ten m√ºssen. Aber da j√§ten immer andere. Seltsam...","Sentiment(polarity=-0.3333333333333333, subjectivity=0.0)"
"Ach komm jetzt, weltweite Politik hin oder her, wir sollten eigentlich als gutes Beispiel voran gehen, gar kein Kriegsmaterial herstellen und auch keins verwenden, grunds√§tzlich.","Sentiment(polarity=0.0, subjectivity=0.8)"
"Grunds√§tzlich ist gegen die Idee nichts eizuwenden, nur wird das an der Weltlage nichts √§ndern, diejenigen die Kriegsmaterial kaufen wollen, werden die trotzdem tun und trotzdem Krieg f√ºhren. Davon profitieren h√∂chstens La√§der wie China, USA oder Russland, welche ohne Skrupel jedem das verkaufen was der will. Es geht bei der Initiative h√∂chstens darum, das pers√∂nliche Schuldempfinden oder das Ich-bin-ein-besserer-Mensch Gef√ºhl zu best√§tigen. Und zu guter Letzt Die GsoA hat immer noch zum Hauptziel die Abschaffung der Armee! Alles was von denen kommt, ist strikt abzulehnen, denn eigentlich begehen sie damit Landesverrat!","Sentiment(polarity=0.030000000000000006, subjectivity=0.0)"
"Demokratische L√§nder wie die Schweiz brauchen auch einen milit√§rischen Schutz. Die Unabh√§ngigkeit der Schweiz ist auch auf Eigenproduktion von Waffensystemen und der Kontrolle √ºber dern Software angewiesen. Den Export von Waffen in dikatorische regierte L√§nder ist abzunehmen. DIe GSoA ist leider eine Mogelpackkung, die vor allem die eigene Landesverteidigung schw√§cht. Als neutrales Land m√ºssen wir unsere Grenzen auch milit√§risch sch√ºtzen.","Sentiment(polarity=0.27999999999999997, subjectivity=0.0)"
@Igel Friedlieb,"Sentiment(polarity=0.0, subjectivity=0.0)"
"Der Initiant und Absender dieser Initiative ist bekannt, GSOA Die Absicht ist offensichtlich, eine weitere Schw√§chung der Armee auf heimt√ºckische Art und Weise","Sentiment(polarity=0.2333333333333333, subjectivity=0.0)"
@Soldatin genau darum NEIN,"Sentiment(polarity=0.0, subjectivity=0.0)"
Waffenexporte m√ºssen um einiges gesteigert werden. Steuererleichterung f√º Produzenten. Technologieerhalt.,"Sentiment(polarity=0.0, subjectivity=0.0)"
Frieden schaffen geht nur mit Waffen. Die Geschichte lehrt uns.,"Sentiment(polarity=0.0, subjectivity=0.0)"
"Selbs wenn bei uns Null Koma nichts produziert w√ºrde, h√§tte die gesch√§tzten 1-2Ÿ™ auf das ganze einen Einfluss wie ein M√ºckenstich auf einem Dino. Die einzigen verlierer w√§ren die Arbeiter. Kriegsmaterial besteht nicht nur aus Waffen und Munition, da h√§ngt sehr viel Wirtschaftliches dahinter.","Sentiment(polarity=0.3333333333333333, subjectivity=0.3333333333333333)"
Ein Land ohne Waffenproduktion ist bald ein Niemandsland. Was f√ºr eine Zeit kommt nach der Wohlstandsverdoofung?,"Sentiment(polarity=0.0, subjectivity=0.0)"
"@Roberto verdoofung hat nichts mit Wohlstand zu tun, im Gegenteil.","Sentiment(polarity=0.0, subjectivity=0.0)"
"@Roberto Dann ""geniessen"" wir die verordnete Fr√∂hlichkeit unter den stimm- und machtlosen kleineren EU-Geberl√§ndern, in deren Reihen die meisten unserer Politiker uns f√ºhren wollen.","Sentiment(polarity=1.0, subjectivity=0.0)"
"Liebe Leute. Ein kurzer Appell an die Menschlichkeit. Setzen wir als Schweiz gemeinsam ein Zeichen der Solidarit√§t - sagt Ja zur Initiative - wir k√∂nnen damit global etwas bezwecken! Diese Blutb√§der mit gravierenden Folgen (zahlreiche Tote mit Hinterbliebenen Waisenkinder, die f√ºrs Leben gezeichnet sind, Verletzte, St√§ndiges Leben in Angst, Heimatverlust )m√ºssen endlich enden! So etwas sollte nicht von einem wohlhabenden Land wie unserem noch unterst√ºtzt werden!","Sentiment(polarity=0.48, subjectivity=0.0)"
"@Annina Es ist nicht die Waffe die den Schaden anrichtet, sondern der Mensch dahinter der diese missbraucht. Dies sind dieselben Leute die M√§dchen S√§ure ins Gesicht spritzen und mit Kleinlastwagen in Menschenmengen Fahren. Solange dort in der Denkweise nix passiert, k√∂nnen wir abstimmen soviel wir wollen. ‚Äì Es wird nix besser werden.","Sentiment(polarity=-0.07500000000000001, subjectivity=0.0)"
@Annina leider ist Krieg f√ºhren und gegeneinander K√§mpfen etwas sehr menschliches.,"Sentiment(polarity=0.0, subjectivity=0.0)"
"@Annina Annina - die Tr√§umerin. Mit der Annahme wird sich rein gar nichts √§ndern. Das ist reines Wunschdenken. Und, mit unserer Initiative bewirken wir ganz sicher kein Umdenken. Sollte keine Schweizer Geld mehr fliessen, dann kommt es anderswo her und die machen dann die guten Renditen f√ºr ihre ""AHV und PK"".","Sentiment(polarity=0.44000000000000006, subjectivity=0.26)"
@Mensch mega menschlich (nicht),"Sentiment(polarity=-0.5, subjectivity=0.0)"
"@Realo Sehr richtig beschrieben. Aber eben, die grosse Mehrheit unserer Gattung denkt sehr ungern etwas weiter...","Sentiment(polarity=0.85, subjectivity=0.0)"
K√∂nnt ihr mal auf Videos verzichten?,"Sentiment(polarity=0.0, subjectivity=0.0)"
Ich finde die blaue Hintergrundfarbe nicht so toll. Kann ich das bei mir √§ndern?,"Sentiment(polarity=0.5, subjectivity=0.0)"
@Farbenblinder Gelbe Schrift auf blauem Grund w√§re die beste M√∂glichkeit.,"Sentiment(polarity=0.0, subjectivity=0.0)"
"Ihr k√∂nnt euch den Artikel sparen, mein Stimmzettel liegt bereits bei der Gemeinde.","Sentiment(polarity=0.0, subjectivity=0.0)"
SIGI ist..,"Sentiment(polarity=0.0, subjectivity=0.0)"
Es verwundert mich das ausgerechnet die SVP im Nein-Lager ist.,"Sentiment(polarity=0.0, subjectivity=0.0)"
"Ich stimme mit Ja f√ºr die Initiative, weil ich davon √ºberzeugt bin, dass die Schweiz es nicht n√∂tig hat ihr Geld mit dem Leid von Menschen auf dieser Welt zu vermehren. Bitte denkt daran dass es schlussendlich um Menschenleben geht. Auch wenn es ein kleiner Beitrag ist, w√§re es ein richtiger und wichtiger Schritt in eine friedlichere Welt. Die Schweiz w√ºrde als gutes Beispiel f√ºr die Welt voraus gehen und wir k√∂nnten stolz darauf sein. Nat√ºrlich t√∂ten schlussendlich Menschen andere Menschen, aber mit weniger Waffen wird dies zumindest ein wenig schwerer.","Sentiment(polarity=0.36, subjectivity=0.1)"
"@A.B Also wenn Sie glauben, dass wegen diesem Gesetz weniger Waffen produziert werden... das ist Quatsch. Die einzigen die wir damit schaden ist die AHV, IV und Pensionskassen... Die Gesetze sind schon streng genug. Und weitere Versch√§rfung hilft niemandem.","Sentiment(polarity=0.09999999999999998, subjectivity=0.0)"
"@Truedat Ich gehe durchaus davon aus dass bei einer Annahme des Gesetzes in der Schweiz effektiv weniger Waffen produziert werden, aus dem einfachem Grund weil weniger Geld in die Waffenproduktion fliessen wird. Ich bin zudem davon √ºberzeugt dass die Waffenproduktion langfristig keine gute Investition f√ºr unsere AHV, IV und Pensionskassen sind. Das Geld geht ja dabei nicht verloren sondern muss einfach anderwertig investiert werden, und es gibt gen√ºgend Bereiche in denen sichlangfristige Investitionen durchaus profitabler zeigen.","Sentiment(polarity=0.65, subjectivity=0.0)"
@Truedat heist das f√ºr sie.... Ich komme in ihr Haus und klaue ihre Sachen. Macht ja nix... Wenn nicht ich kommt sicher jemand anderes???? Das rechtfertigt niemals die lage. Darum ein JA,"Sentiment(polarity=0.13999999999999999, subjectivity=0.0)"
"@A.B Und was ist mit den Investitionen in die gr√∂ssten Waffenhersteller der Welt, ausserhalb der kleinen Schweiz? Die werden keine Rakete, keine Mine, kein Kampfjet oder kein Kanonenrohr weniger herstellen.","Sentiment(polarity=0.0, subjectivity=0.0)"
GSoA - nein danke.,"Sentiment(polarity=0.0, subjectivity=0.0)"
@Citoyen Danke ich teile Ihre Meinung.,"Sentiment(polarity=0.0, subjectivity=0.0)"
"Im Grund geht es gegen die Ausr√ºstung der eigenen Armee mit eigenen Mitteln. Das √ºbrige ist nur Beipackung, halt eben GSoA- Stil. Aber profitieren von der Sicherheit unseres Landes, das will man schon.","Sentiment(polarity=0.0, subjectivity=0.0)"
"@Seppli Welche Sicherheit? Die, mit unserem veraltetem Material? Es ist ganz anders, weil zu viele ""wichtige"" Leute in der Schweiz wohnaftig sind, bleibt immer irgendwo eine Stimme √ºbrig, die ein Veto f√ºr uns einreicht... Also nicht vergessen, was wirklich z√§hlt...","Sentiment(polarity=0.1125, subjectivity=0.0)"
Online pizzabestellung,"Sentiment(polarity=0.0, subjectivity=0.0)"
@Regierung Bern - Quattro Stagoni. F√ºr alle Landessprachen.,"Sentiment(polarity=0.0, subjectivity=0.0)"
"Ich lass gerne unproduktive Kommentare vom Stapel, einfach so zum Spass üòâ","Sentiment(polarity=0.7, subjectivity=0.0)"
"Es geht um ein Verbot zur Finanzierung von Sicherheitsg√ºtern welche zum Schutz von L√§ndern und deren Bewohnern sowie der Friedenssicherung dienen! Beispiel Libanon, fr√ºher ein wohlhabender Kleinstaat die Schweiz des im nahen Ostens genannt, heute zerbombt und gepl√ºndert","Sentiment(polarity=0.0, subjectivity=0.0)"
@Freedom toll hat ja bis dato viel gebracht... im Gegenteil.,"Sentiment(polarity=0.0, subjectivity=1.0)"
Eben genau,"Sentiment(polarity=0.0, subjectivity=0.0)"
Oooh in Georgia werdet d Stimme neu z√§hlt! SURPRISE!,"Sentiment(polarity=0.0, subjectivity=0.0)"
10 faches Nein---nur Verlagerung.,"Sentiment(polarity=0.0, subjectivity=0.0)"
@Ch√∂sus ein 1000 faches Ja als Antwort meiner Famimie zur√ºck!,"Sentiment(polarity=0.0, subjectivity=0.0)"
"Wenn wir unser Kriegsmaterial nicht anschreiben, weiss niemand woher es kommt.","Sentiment(polarity=0.0, subjectivity=0.0)"
@Mrs. Kugla deshalb k√∂nnen wir auch √ºber die KVI abstimmen.,"Sentiment(polarity=0.0, subjectivity=0.0)"
Doppel-Nein,"Sentiment(polarity=0.0, subjectivity=0.0)"
Gibt bei mir mal wieder ne komplette Nein-Runde.,"Sentiment(polarity=0.0, subjectivity=0.0)"
"eine weitere wohlf√ºhl abstimmung welche keine wirkung zeigt. als ob die auf die geldmittel der schweiz angewiesen w√§ren!! ach ja in aktien von airbus, boing und gm d√ºrfte man also auch nicgt mehr investieren und konsequenter weise auch in kein flugzeug dieser hersteller mehr einsteigen.","Sentiment(polarity=0.07777777777777777, subjectivity=0.2222222222222222)"
"@cris Es ist auch den Initianten klar das diese Initiative global geben null Ver√§nderung bringt, es geht nur um das ""saubermann"" Image.","Sentiment(polarity=1.0, subjectivity=0.0)"
Der Ultra-Kapitalismus ist in der Schweiz systemisch.,"Sentiment(polarity=0.0, subjectivity=0.0)"
Gut so!!! Ich habe freude.,"Sentiment(polarity=0.5, subjectivity=0.0)"
"Es gibt sie noch, die guten Nachrichten.","Sentiment(polarity=1.0, subjectivity=0.0)"
"Ein Schritt in die richtige Richtung. Nicht die Wirtschaft weiter schw√§chen. Wenn unser Wohlstand auch im n√§chsten Jahrzehnt Bestand haben soll, m√ºssen wir endlich vom hohen Ross herunter kommen und die angehenden grossen Wirtschaftszonen nicht bel√§cheln. In 10Jahren steht keine europ. Nation mehr in den gr√∂ssten f√ºnf Wirtschaftsm√§chten, dann bestimmen die Asiaten (China, Indien, Malaysia und Japan neben den USA, Zitat von Achten) das Weltwirtschaftsgeschehen. Schauen wir dann mal, wo unser Wohlstand noch steht. Von Sozialstaat alleine k√∂nnen noch keine Br√∂tchen gebacken werden...","Sentiment(polarity=0.3, subjectivity=0.07142857142857142)"
"gut dann k√∂nnen wir uns die Milliarden, die wir ins Ausland verschenken sparen und unsere √§rmere Bev√∂lkerung besser stellen.","Sentiment(polarity=0.85, subjectivity=0.0)"
Bravo. Krieg wird auch ohne Schweizer R√ºstungsfirmen gef√ºhrt..,"Sentiment(polarity=0.0, subjectivity=0.0)"
"Die Kriegsmaterial Industrie wie RUAG, B√ºrle, Mowag bieten viele Arbeitspl√§tze, bringen f√ºrs Land Sicherheit und f√ºllen Kanton und Staatskasse mit Steuergelder. Das ist meine Ansicht. Hpt. a.D!","Sentiment(polarity=0.0, subjectivity=0.25)"
Die Reichen stimmen wir gerne ab,"Sentiment(polarity=0.7, subjectivity=0.0)"
"Bezeichnend, dass Kantone die beim Z√§hlen nicht so gut sibd und sp√§t Resultate liefern, eher f√ºr diese Sch√§dlichen Initiativen sind. Z√§hlen und Kalkulieren m√ºsste man k√∂nnen, um bei Wirtschaftliche Initiativen richtig abzustimmen.","Sentiment(polarity=1.0, subjectivity=0.0)"
"Erst kommt das Fressen, dann die Moral. B. Brecht","Sentiment(polarity=0.0, subjectivity=0.0)"
"Jeder redet hier von links und rechts. Es geht ja nicht darum was linke w√§hlen oder was rechte w√§hlen. An alle W√§hler, habt ihr schon mal was gew√§hlt, was nicht typisch eure orientierung spricht.","Sentiment(polarity=-0.2333333333333333, subjectivity=0.0)"
"Mir wird √ºbel, wenn ich all diese Kommentare lese. Wie k√∂nnen Menschen nur so asozial und gr√§sslich sein und ein paar Franken mehr Profit vor Menschenleben setzen. In was f√ºr einem Land, mit was f√ºr Leuten leben wir hier eigentlich?! Ich glaube, es geht uns einfach zu gut!","Sentiment(polarity=-0.16666666666666663, subjectivity=0.08333333333333333)"
"Der Tag, und Weihnachten ist gerettet. Super Abstimmung","Sentiment(polarity=0.0, subjectivity=0.0)"
Bravo Schweiz !!! Beides top Resultate !! Richtig so !! Yes !!,"Sentiment(polarity=0.4, subjectivity=0.0)"
Keller Sutter suggerierte Terror in der Schweiz,"Sentiment(polarity=0.0, subjectivity=0.0)"
"@singvogel F√ºhre das aus, habe keine Ahnung, was du meinst.","Sentiment(polarity=0.0, subjectivity=0.0)"
Bravo Schweiz! Endlich mal wieder gute Abstimmungsresultate. Es zeigt auf dass wir unseren Wohlstand eben nicht so leichtfertig auf‚Äòs Spiel setzen.,"Sentiment(polarity=0.0, subjectivity=0.0)"
@Tolles Resultat Ja! Auf Kosten von von Natur und Kinder in entfernten L√§nder.,"Sentiment(polarity=0.0, subjectivity=0.0)"
"@Tolles Resultat Aaahahahahaaaa ja klar, tr√§um weiter!!!!","Sentiment(polarity=0.5, subjectivity=0.0)"
@Tolles Resultat nein erstens ist es extrem knapp und zweitens ein Armutszeugnis f√ºr die Schweiz,"Sentiment(polarity=0.0, subjectivity=0.0)"
"Es war zu erwarten, dass unser ""neutraler Rechtsstaat"", die ""moralische Instanz"" Switzerland, gerne weiterhin am Elend anderer mitverdient. Kriegsgewinnler sind wir traditionell schon l√§nger.","Sentiment(polarity=0.0, subjectivity=0.0)"
@K. Rieger-Moralisti neutral ist man wenn an Alle Wa ffen verkauft werden,"Sentiment(polarity=0.0, subjectivity=0.0)"
"@K. Rieger-Moralisti Wir h√§tten uns bei einem JA mittels moralischer Instanz zur Weltpolizei aufgespielt, so schaut es aus. Dennoch haben die Bef√ºrworter nicht verloren, die Zeichen wurden deutlich gesetzt.","Sentiment(polarity=0.85, subjectivity=0.0)"
"Herrlich wie politisch links jedesmal ihre abgeschmetterten Initiativen feiert. Diesmal auch noch von der KVI profitiert, ohne die w√§re es 75-80% nein gewesen, was man als klar versenkt werten darf. Es ist an der Zeit, die 100‚Äò000 n√∂tigen Unterschriften zu verdreifachen (was angesichts der stark gewachsenen Bev√∂lkerungszahl Sinn machen w√ºrde) damit wir nicht dauernd √ºber solche Minderheitsmeinungen abstimmen m√ºssen.","Sentiment(polarity=0.6166666666666667, subjectivity=0.0)"
Ich hoffe beide (rotgr√ºnen) Initiativen gehen hochkannt bachab.,"Sentiment(polarity=0.7, subjectivity=0.0)"
@Sebastian Schade! Es geht ja leider nur um Rot Gr√ºn und nicht die Sache,"Sentiment(polarity=-0.5, subjectivity=0.0)"
@Sebastian oh da freut sich ein peinlicher SVPler endlich wieder einmal gewonnen? und darum ein Armutszeugnis f√ºr die Schweiz!,"Sentiment(polarity=0.21666666666666667, subjectivity=0.0)"
"Guter Tag heute. Gott sei Dank schneiden wir uns selbst nicht ins Fleisch. Wir als kleines Land h√§tten wieder eine ""Vorbildrolle"" √ºbernehmen sollen und den Rest der Welt intressierts nicht. Und wenn dann unser BIP oder AHVIV in ein paar Jahren in den Keller gerasselt w√§hren, w√ºrde man die Initianten wieder am rumjammern h√∂ren...","Sentiment(polarity=0.25, subjectivity=0.0)"
Sehr sch√∂n in einem Land zu leben das Kriegsgewinne bef√ºrwortet und die Grossen Firmen weiterhin Menschenrechtsverletzungen verbrechen d√ºrfen. Geld ist der Schweiz wichtiger als alles andere... Ein Armutszeugniss,"Sentiment(polarity=0.5166666666666666, subjectivity=0.0)"
"@Nilos die Konzerne sind nicht alleine schuld. Vielfach verdient in den betroffenen L√§ndern die Regierung mit. Diese Initiative ist leider der komplett falsche Weg. Man m√ºsste eher gegen die entsprechenden Regierungen vorgehen, statt eine Flut an Klagen in der Schweiz auszul√∂sen.","Sentiment(polarity=-0.3375, subjectivity=0.0)"
@Nilos Etwas weiterdenken hilft. Zum Gl√ºck macht dies der gr√∂sere Teil der CH-Bev√∂lkerung!,"Sentiment(polarity=0.35, subjectivity=0.0)"
"Waffenhandel ist meiner Meinung nach ein Verbrechen gegen die Menschlichkeit, egal ob dieser legal durch FirmenStaaten, oder illegal durch Privatpersonen vollzogen wird... Wie kann man den f√ºr R√ºstungsgeschaffte abstimmen? Ich versteh solche Menschen nicht!","Sentiment(polarity=0.0, subjectivity=0.0)"
"@Krieg ist ein Verbrechen Da sind wir uns wohl alle einig. Aber hast du das Gef√ºhl, dass die Schweiz hier etwas im Alleingang √§ndern kann? Nein. Wen interessiert es? Niemanden. Wer kommt f√ºr die immer h√∂heren sozialen Kosten auf? Eben.","Sentiment(polarity=0.24285714285714285, subjectivity=0.0)"
@Krieg ist ein Verbrechen Nur in der Schweiz! Im Jemen? Na wenn es f√ºr mein Portemonai gut ist ja.,"Sentiment(polarity=0.3333333333333333, subjectivity=0.0)"
Wieder mal sind niederlagen schwer zu akzeptieren. Das Volk hat gew√§hlt.......nicht die Linken......,"Sentiment(polarity=0.15000000000000002, subjectivity=0.0)"
Fahne f√ºr nichts aufgeh√§ngt. ;-),"Sentiment(polarity=0.0, subjectivity=0.0)"
Die Angstmache f√§llt das Wahlvieh immer rein,"Sentiment(polarity=1.0, subjectivity=0.0)"
"Typisch Profit geht immer vor Moral, Ethik und Umweltschutz, zumindest bei der H√§lfte der Bev√∂lkerung. Armselig.","Sentiment(polarity=-0.5, subjectivity=0.0)"
"@Crassus, bern Nur dank Profit k√∂nnen Steuern bezahlt und dadurch u.a. die Ausgaben im Asylwesen, der Sozialhilfe, f√ºr Umweltschutz etc. gestemmt werden","Sentiment(polarity=-0.85, subjectivity=0.0)"
GSOA abschaffen,"Sentiment(polarity=0.0, subjectivity=0.0)"
"Wieder ein Tag, an dem ich meinen roten Pass am liebsten abgeben w√ºrde. Wie kann man vom Geld und braunen Gedankengut so verblendet sein und den Rattenf√§ngern glauben. Was ist mit Ethik, Moral und Menschlichkeit?","Sentiment(polarity=-0.3333333333333333, subjectivity=0.0)"
@Autsch Pass sofort abgeben und in an anderes super Labd auswandern. Die anderen L√§nder machen ja alles viel besser. Autsch kennt die anderen L√§nder besser. Tr√§um weiter,"Sentiment(polarity=0.0, subjectivity=0.25)"
@Autsch Geben Sie ihn ruhig ab! Ist schon richtig so!,"Sentiment(polarity=0.85, subjectivity=0.0)"
"Kampf, Besiegen, Gewinnen, andere Untertan machen geh√∂rt zum Menschen. Videogames sind von Waffen beherrscht, Strategiespiele geht es um Verdr√§ngen des Anderen, im Sport ist es das einzige Ziel den anderen zu Besiegen, in der Wirtschaft im Kleinen angefangen bei zwei B√§ckereien im Dorf bis hinauf zu den Weltkonzernen, sogar in den Gesellschaftsspielen wie Eile mit Weile ... es gibt immer wenige Sieger und viele Verlierer. Warum soll das in dieser Volksinitiative am Ende nicht auch zum Tragen kommen?","Sentiment(polarity=0.45, subjectivity=0.16666666666666666)"
So und nun m√ºssten die Initianten die Kosten f√ºr die Abstimmung bezahlen,"Sentiment(polarity=-1.0, subjectivity=0.0)"
"Wir sollten uns nicht mehr neutral nennen. Wer um des Geldes wegen Kriegsmaterial an L√§nder verkauft wo Krieg herrscht macht sich mitschuldig, Punkt. So ticken halt die Leute hier, sobald es ums Geld geht verlogen und Ego.","Sentiment(polarity=-0.3333333333333333, subjectivity=0.3333333333333333)"
"An Nadja Kuhn. Genau mit ihrer Aussage betreffend ""KMU betrifft es nicht""zeigt, dass Sie von der ganzen Materie keine Ahnung haben.","Sentiment(polarity=0.0, subjectivity=0.0)"
Die Schweiz ist neutral üòâausser man kann viel schmutziges Geld verdienen.,"Sentiment(polarity=0.0, subjectivity=1.0)"
@Demokrat oder den B√ºckling vor den Amis mache,"Sentiment(polarity=0.0, subjectivity=0.0)"
"@Demokrat Ein Land welches bewaffnete Truppen im Kosovo stationiert, ist nicht neutral! ( KFOR )","Sentiment(polarity=0.0, subjectivity=0.0)"
"@Demokrat Die Schweiz ist neutral, wir beliefern alle gleich, und finanzieren alle gleich","Sentiment(polarity=0.0, subjectivity=0.0)"
@Demokrat Absolut auf den Punkt gebracht!Auch nie Opfer oder Blut zu beklagen gehabt.....,"Sentiment(polarity=-0.15000000000000002, subjectivity=0.0)"
"@Demokrat Stimmt, nach Brecht kommt das Fressen vor der Moral-aber Moral hat so wenige Kalorien und Kohlenhydrate, und heizen tut sie auch nicht.","Sentiment(polarity=0.0, subjectivity=1.0)"
"Ich frage mich generell, nicht nur bei diesen Themen heute, wie sicher die Z√§hlungen bei Abstimmungen und Wahlen sind. Ich weiss nicht wie die Prozesse bei den Abstimmungen ablaufen, aber auch dort sitzen sicher viele Leute, die energisch und dominant f√ºr ein Ja oder Nein sind und vermutlich Resultate f√§lschen k√∂nnen? Auch w√§re ich der Meinung, dass jemand vom Volk nur bei Themen Abstimmen darf, wo ersie mindestens 3 Kontrollfragen beantworten muss um zu beweisen, √ºber das Thema Bescheid zu wissen, und nicht einfach JaNein stimmt weil es von irgendeiner Partei, Familienmitglied oder Beizenkumpel empfohlen wird. Nur das umzusetzen ist leider fast unm√∂glich.","Sentiment(polarity=0.2875, subjectivity=0.08333333333333333)"
@Richard schon gut herr trump,"Sentiment(polarity=1.0, subjectivity=0.0)"
"@Richard - dann geben Sie uns doch drei solcher Kontrollfragen zu der heutigen Abstimmung und gleich noch eine Argumentation, was diese Kontrollfragen bewirken sollen? Oder wird man bei Richard pers√∂nlich vorbeigehen m√ºssen und dann Ja oder Nein stimmen, je nach dem wie es der Richard m√∂chte?","Sentiment(polarity=0.85, subjectivity=0.0)"
"@Richard ... aus diesem Grund ist Sonntag 1200Uhr SCHLUSS mit Couvert die noch Eintreffen und der Aufwand um zb die Abstimmungsunterlagen, welche von ""Nichtw√§hler"" noch Nachtr√§glich durch eine ""Macht"" ausf√ºllen und einfliessen zu lassen, scheinen mir erheblich. Auch deshalb, weil ein An-Abmelde System in jeder CH Gemeinde existiert und funktioniert. Aber ja. Mit Zugriff auf die Unterschriften von B√ºrgern welche von jeden von uns beim PassID B√ºro irgendwo elektronisch hinterlegt sind, w√§re sogar so etwas m√∂glich. Aber eben, Sonntag 1200uhr ist ENDE Gel√§nder. W√ºrde dann schwierig hier noch Massen Nachzufertigen und einfliessen zu lassen.","Sentiment(polarity=-0.11666666666666665, subjectivity=0.0)"
@Richard - Sie argumentieren antidemokrtisch. F√ºr eine Oligarchie der Auserw√§hlten?,"Sentiment(polarity=0.0, subjectivity=0.0)"
@Richard Warst du noch nie im Wahlb√ºro als Stimmenz√§hler?,"Sentiment(polarity=0.0, subjectivity=0.0)"
"@Degoutant Nein mich regt es nur auf, wenn ich unz√§hlige Menschen h√∂re, wie sie daf√ºr oder dagegen sind, aber keine Gr√ºnde nennen k√∂nnen oder kaum Ahnung haben um was es geht, oder was bei einem JaNein die Auswirkungen sind. Am Ende entsteht ein Ja oder Nein weil auf irgendwelche politischen Parteien, oder auf die mit der gr√∂ssten Klappe geh√∂rt wird, aber die H√§lfte des Volks grundlegend nichts verstanden hat. Bei manchen der Themen wissen ja oft nicht mal die Initianten, was bei einem JaNein ihrer Initiative passieren k√∂nnte. Die Schweiz ist l√§ngst keine Demokratie mehr mit dem System das wir haben, bzw. mit dem Desinteresse des Volkes aktiv mitzumachen. Am schlimmsten wenn etwas angenommen wird, und nachher alle jammern, aber abstimmen gewesen waren die Jammer-Leute nicht. Und die Parteien und Politiker (vor allem Linke und Gr√ºne) m√ºssen lernen, ein demokratisches JaNein zu akteptieren und die Themen nicht dauernd neu zu bringen bis es dann mal ein knappes Ja gibt.","Sentiment(polarity=0.033333333333333326, subjectivity=0.25)"
Flugzeuge nicht n√∂tig habe ich immer gesagt aber die Kriegsschiffe brauchen wir auf jeden Fall,"Sentiment(polarity=0.5, subjectivity=0.0)"
"Geld Geld Geld... aber wen wunderts? Egal ob Corona, Umwelt oder Kriegsmaterial...","Sentiment(polarity=0.0, subjectivity=0.0)"
"@Drg Kriegsmaterial hilft oft auch den Frieden zu wahren, wenn sich 2 Seiten nicht angreifen weil beide schwer bewaffnet sind und sich keiner getraut anzufangen. Und verkauft die Schweiz kein Kriegsmaterial, macht ein anderer das Gesch√§ft. Man kann unser Land ja mit aller Politik und schr√§gen Ideen kaputt machen, indem am Ende alle Firmen und Konzerne auswandern und wir wieder ein Entwicklungsland werden.","Sentiment(polarity=0.09444444444444444, subjectivity=0.0)"
"Was w√ºrden wir wohl sagen, wenn ein afrikanisches Land die gleiche Abstimmung mit Zielblick Schweiz machen w√ºrde? Wir haben ja schon M√ºhe mit den Entscheiden der EU","Sentiment(polarity=0.0, subjectivity=0.0)"
"ich stimmte nein, weil mich es √ºberhaupt nicht interessiert.","Sentiment(polarity=-0.25, subjectivity=0.4)"
@lorenzo Ich genau auch nein.,"Sentiment(polarity=0.0, subjectivity=0.0)"
2 x nein. heute ist ein guter tag. den bef√ºrwortern √ºberlassen wir weiterhin die strassen und internetforen. denn gegnern die demokratie. einverstanden?,"Sentiment(polarity=0.2, subjectivity=0.0)"
"@lorenzo Dann geh mal in ein Kriegsgebiet, Jemen zum Beispiel, vielleicht interessiert es Dich dann. Oder google mal Syngenta und Glencore. Wenn Dich das kalt l√§sst, dann weiss ich also auch nicht.","Sentiment(polarity=0.10000000000000002, subjectivity=0.0)"
"@lorenzo Kriege werden oft verhindert, weil beide Seiten Waffen haben, und sich deshalb niemand getraut die andere Seite anzugreifen. Schlimm aber wahr. Und wenn wir keine Waffen exportieren tut es ein anderes Land, wir schaden nur unserer Wirtschaft und Arbeitspl√§tzen.","Sentiment(polarity=-0.3833333333333333, subjectivity=0.0)"
"@Richard Wenn aber beide Parteien keine Waffen haben, verhindert das den Krieg auch. Cheggsch?","Sentiment(polarity=-0.5, subjectivity=0.0)"
@Chris habe gegoogelt...zahlen gute Dividenden.,"Sentiment(polarity=1.0, subjectivity=0.0)"
Wie bei der letzten Abstimmung. Alles Manipuliert vom Staat,"Sentiment(polarity=0.0, subjectivity=0.0)"
Die Schweiz wir in ca 40 Jahren weider ein armes Land sein aber CO2 neutral,"Sentiment(polarity=-1.0, subjectivity=0.0)"
Nun werden die neuen Flieger teurer....!! Kosten sind egal die Schweizer wollen Kriege-Spielen...,"Sentiment(polarity=0.0, subjectivity=0.0)"
"Super jetzt kann meine PK weiter Geld in die Herstellung von modernen Atombomben stecken. Wir sind und bleiben Schweizer das Geld hat Vorrang vor allem. So waren wir, so sind wir, so bleiben wir.","Sentiment(polarity=0.3333333333333333, subjectivity=0.0)"
@Raymond tja splange sie ihr Geld haben ) alles gut,"Sentiment(polarity=1.0, subjectivity=0.0)"
@Raymond fur das brauchtes die Schweiz nicht das konnen die Russen und USA Indien selber bauen,"Sentiment(polarity=0.0, subjectivity=0.0)"
"Sehr gut so, das weise Schweizer Volk weiss wohl, woher das Geld kommt...","Sentiment(polarity=1.0, subjectivity=0.0)"
@Adrian Das Geld kommt aus Saudi Arabien,"Sentiment(polarity=0.0, subjectivity=0.0)"
Soviel zur Ethik. 95 j√§hrige Greise mit desastr√∂sen Massnahmen vor einem Erk√§ltungsvirus sch√ºtzen aber Waffen exportieren. Kluge Leute.,"Sentiment(polarity=0.5666666666666667, subjectivity=0.0)"
Wie viele Stimmberechtigte gibt es im Kanton Aargau? Ca. 12.000 wohl kaum,"Sentiment(polarity=0.0, subjectivity=0.6666666666666666)"
schade....,"Sentiment(polarity=-1.0, subjectivity=0.0)"
"was mich erstaunt, ist, wie sich die landwirtschaft namentlich bauernbetriebe in den abstimmungskampf einmischte wurden sie pro orange flagge im garten bezahlt, obwohl sie dadurch NULL betroffen sind? ich sehe den zusammenhang nicht.","Sentiment(polarity=-0.5, subjectivity=0.0)"
@Nix versteh und wiso mischt sich ein st√§dter in die jagdgesetzinitiative ein obwohl sie dadurch NULL betroffen ist? Man k√∂nnte ja auch 40 krokodiele im z√ºrichsee aussetzen und dann die ganze schweiz fragen ob man das jetzt m√∂chte...,"Sentiment(polarity=0.5, subjectivity=0.0)"
"Es gibt schon entsprechende Gesetze, z.B. darf die Schweiz keine Waffen an Konflikt behaftete L√§nder ausliefern. Die Initiative geht zu weit, weil auch die Schweiz von entsprechenden Importen abh√§ngig ist.","Sentiment(polarity=-0.5, subjectivity=0.0)"
"wer bei Kriegsmaterial Kleingeistig nur an Waffen denkt, denkt nicht weit genug. Zur Eid√§mmung und Bek√§mpfung von Cyberkrieg ben√∂tigt es vor allem eine gute digitale Infrastruktur auch um Angriffe auf unsere Grund -Versorgungssysteme zu verhindern","Sentiment(polarity=0.35, subjectivity=0.0)"
"Nur gut, dass ich als Privataktion√§r immer noch die Aktien auslesen kann, die voraussichtlich auch Gewinn abwerfen. Will ja schliesslich was f√ºr das investierte Kapital. Mit ""gr√ºnen"" Aktien habe ich bisher kein Silberstreifen am Horizont gesehen, geschweige denn eine vern√ºnftige Dividende oder Kurszuwachs. Daher bleibe ich meiner weltweiten Auswahl. In diesem Jahr habe ich bereits 18% ""Gewinn"" gemacht, wenn ich denn realisiert h√§tte.","Sentiment(polarity=0.2, subjectivity=0.0)"
"Im 21.Jahrundert sollte es keine Ausbeutung und Sklaverei mehr geben. Endlich wird es sich f√ºr Firmen nicht mehr rentieren im Ausland zu produzieren es werden bald auch weniger Manager geben die nur "" Mitverdienen "" ohne aktiv sich daran zu beteiligen. Irgendwann wird jedes Land nur noch national statt international f√ºr sich produzieren und es wird auch vorbei sein mit Wucherpreise wie textil und Maschinenindustrie zwar werden die B√ºezer auch einwenig weniger verdienen aber am meisten bluten die Reiche Elite irgendwann muss diese Perversion der ArmReich Schere ein ende haben","Sentiment(polarity=0.15, subjectivity=0.5)"
@B√ºrger Sehr eloquent... Ist mir aber zu m√ºhsam diesen Text zu entschl√ºsseln um zu verstehen.,"Sentiment(polarity=0.85, subjectivity=0.0)"
"@B√ºrgerr Liebe Leute...schaut mal, solche Leute haben auch ein Stimmrecht -)","Sentiment(polarity=0.0, subjectivity=0.0)"
Einige Stunden und alles ist klar.Warum immer dieses Voraus Blabla.,"Sentiment(polarity=0.0, subjectivity=0.0)"
Wie kann ein neutrales Land √ºberhaupt √ºber sowas abstimmen m√ºssen?,"Sentiment(polarity=0.0, subjectivity=0.8)"
Es geht um Friedenssicherung durch Verteidigungsmaterial,"Sentiment(polarity=0.0, subjectivity=0.0)"
Denkt an die Arbeitspl√§tze. Nur weiter so mit der Produktion.,"Sentiment(polarity=0.0, subjectivity=0.0)"
Interessiert mich √ºberhaupt nicht. Wir haben andere Probleme.,"Sentiment(polarity=0.25, subjectivity=0.2)"
"Ich habe zweimal Ja gestimmt und hoffe, dass beide Initiativen angenommen werden. Aber unser Land ist leider grenzdebil und kauft sich auch f√ºr 7 Milliarden neue Spielzeugflugzeuge. Deshlab werde ich nicht mehr viel erwarten heute.","Sentiment(polarity=0.0, subjectivity=0.16666666666666666)"
Die Schweiz soll nur weiter produzieren und ins Ausland verkaufen. Ich bin daf√ºr.,"Sentiment(polarity=0.0, subjectivity=0.0)"
keine Kriegsfabrik kein Krieg!,"Sentiment(polarity=0.0, subjectivity=0.0)"
"Es sind nicht die Jungen die solche Schmierereien veranstalten siehe Bild, und woher kommen die vielen Millionen f√ºr diese Initiative? bei der SVP verlangen gewisse Kreise auch Offenlegung Kircht√ºrme Geb√§ude in Heimatschutzgebieten werde sogar verschandelt","Sentiment(polarity=0.0, subjectivity=0.5)"
@Walter Die Finanzierung dieser Initiative ist transparent. Im Gegensatz zu den SVP-Geldern.,"Sentiment(polarity=0.0, subjectivity=0.0)"
"wenns die schweiz nicht produziert und verkauft, dann ein anderes land. ihr k√∂nnt die welt nicht verbessern, denkt doch mal an die arbeitspl√§tze, hier werden die leute wenigstens nicht ausgebeutet wie in anderen l√§nder. aber sch√∂n schauen die leute mal √ºber den tellerrand hinaus","Sentiment(polarity=0.21666666666666667, subjectivity=0.0)"
"@sue Leider wahr. Gewisse L√§nder und ihre Menschen werden ausgebeutet, weil deren Regierung es zul√§sst und sich daran bereichert. Wer jetzt hier gegen die KVI wettert kauft ja nur regional ein, oder?","Sentiment(polarity=0.43333333333333335, subjectivity=0.0)"
In was sollen denn die Banken sonst investieren? Was haben wir denn zu verkaufen? Wenn nicht wir dann die anderen. Nur mit K√§se und Kartoffeln helfen wir dem Export auch nicht weiter.,"Sentiment(polarity=0.175, subjectivity=0.0)"
"""Die Investitionen von SNB, UBS und Cr√©dit Suisse entsprechen 1,4 Prozent der totalen weltweiten Investitionen in grosse R√ºstungsfirmen"" Das mag zwar eine kleine Zahl sein, verglichen aber mit der Gr√∂sse der Schweiz an der Welt (sei es Gr√∂sse oder Einwohner) finde ich sie jedoch h√∂chst bedenklich. Es gibt sicherlich R√ºstungsunternehmen, welche sich haupts√§chlich auf defensive Waffen oder Schutzr√ºstung spezialsieren, da gibt es mMn nichts verwerfliches. Sollten sie aber tats√§chlich in Firmen investieren, die ABC-Waffen oder sonstige ge√§chtete Sachen herstellen, ist das nicht mit dem, was die Schweiz nach aussen vertritt, vereinbar, sondern l√§sst Bem√ºhungen in einem zweifelhaften Licht erscheinen. Stell dir vor, du verhandelst f√ºr 2 Seiten, verdienst aber eigentlich auch gut wenn sie sich abmurksen.","Sentiment(polarity=0.30833333333333335, subjectivity=0.0)"
"Waffen heisst nicht Krieg. Waffen dienen in den meisten L√§ndern zur Abschreckung gegen einen m√∂glichen Angreifer, also um einen Krieg zu vermeiden!","Sentiment(polarity=0.0, subjectivity=0.0)"
@Sepp ganz sicher- Waffen verhindern bewaffnete Konflikte,"Sentiment(polarity=-0.15000000000000002, subjectivity=0.0)"
"Genau und die Neue KMU erhalten kein Geld aber die Bank sucht ja auch Kunden. Die KMU √ºberleben mit Hilfe von den Banken, das Kriegsmaterial macht ja nur Boooommm und fort sind einige Tausend Franken Super und das mach eine Schweizer Bank. J Geld Regiert halt die Welt","Sentiment(polarity=0.3333333333333333, subjectivity=0.0)"
Ja und? Die Schweiz kauft schliesslich auch Waffen oder? Oder wer stellt den Zahlungsverkehr f√ºr die neuen unn√∂tigen Kampfjets her?,"Sentiment(polarity=-0.2333333333333333, subjectivity=0.0)"
@Bankr Die Schweiz Produziert auch eigene Munition,"Sentiment(polarity=0.0, subjectivity=0.0)"
"Die Schweiz ist ja so neutral, haha!","Sentiment(polarity=0.0, subjectivity=0.0)"
"@m√§si motz Welches Land ist neutral? Mit Neutralit√§t erreicht man nix, man bleibt nur auf der Strecke...","Sentiment(polarity=0.0, subjectivity=0.0)"
"Juhui, ab dem 29.11 2020 dann nicht mehr","Sentiment(polarity=0.0, subjectivity=1.0)"
"Die Schweiz ist ein braves Land, stellt christliche Werte in den Vordergrund. Dass die Handlungen nach Interessen erfolgen, findet auf einer anderen Ebene statt.","Sentiment(polarity=0.5, subjectivity=0.0)"
"Pfui! Ethik made in Switzerland Dick Kohle machen mit Waffen und gleichzeitig immer wieder die Friedenstaube heraush√§ngen. Hauptsache, die Kasse stimmt.","Sentiment(polarity=-0.2333333333333333, subjectivity=0.0)"
"Das ist ein Bankgesch√§ft wie viele andere. Banken finanzieren nicht nur Kriegsmaterial Fabriken, sondern alles was mit hohen Zinse Geld bringt. Ich sehe hier kein Problem. RUAG, B√ºhrle, Mowag und mehr, sind Gesch√§fte die auch viele Steuern abwerfen!","Sentiment(polarity=-0.125, subjectivity=0.375)"
"@Martial2 Das rechtfertigt Ihrer Meinung nach die Investition in Krieg? Bloss weil es viel Geld bringt? Viel schlimmer finde ich, dass so viele diese Doppelmoral nicht erkennen und sogar unterst√ºtzen. In Atomwaffen zu investieren ist per Gesetz schon verboten und keiner haltet sich daran, diese Institutionen sollten strafrechtlich verfolgt werden. Gesetze sollten f√ºr alle gelten.","Sentiment(polarity=-0.22000000000000003, subjectivity=0.26666666666666666)"
@Divinemothertree Es gibt auch verfassungsm√§ssige Rechte wie Handes- und Gewerbefreiheit. Die Industrie wird mit teilweise unsinnigen Vorgaben gepr√ºgelt und wir haben √ºberaus grosse Exxportrestriktionen des Bundes.,"Sentiment(polarity=0.35, subjectivity=0.0)"
"Dies ist die Ethik unseren Gro√übanken. Alte Leute mit Wohneigentum, die in ihrem ganzen Leben, nie Schulden gemacht haben, ihr Wohneigentum so gut als m√∂glich abbezahlt haben, bekommen f√ºr eine Reparatur am eigenen Haus kein Geld, weil zu wenig Einkommen. F√ºr Kriegsgesch√§fte ist aber genug Geld vorhanden. Dies in der so hochgelobten Schweiz!! Welch eine Schizophrenie!","Sentiment(polarity=0.24, subjectivity=0.1)"
@bede denk mal nach,"Sentiment(polarity=0.0, subjectivity=0.0)"
"@bede, die Bank ist doch nicht schuld wenn Leute sich kein Haus leisten k√∂nnen, sich aber trotzdem eins bauen.","Sentiment(polarity=0.0, subjectivity=0.0)"
und wo bleibt hier die Kritik und der Aufschrei?,"Sentiment(polarity=0.0, subjectivity=0.0)"
"@FAKEGESELSCHAFT mach den Anfang, dann bist du nicht bei der Fakegesllschaft.","Sentiment(polarity=0.0, subjectivity=0.0)"
