Durchaus m√∂glich.,"Sentiment(polarity=0.0, subjectivity=0.0)"
"Das Nein zum Co2-Gesetz war kein Nein zum Umweltschutz, sondern ein Nein zur erneuten Ausbeutung der 0815-B√ºrger. Es kann schliesslich nicht sein, das der Normalb√ºrger bestraft wird, indem er wiedermal mehr bezahlen muss, w√§hrend die gr√∂ssten Co2-S√ºnder wieder ohne zusatzabgaben belohnt werden.","Sentiment(polarity=-0.5, subjectivity=0.0)"
"Interessant, welche Schl√ºsse gezogen werden. Aber auf die Idee, dass die Jungen das Gesetz vielleicht gelesen und gemerkt haben, dass es dem Klima praktisch nichts bringt und grosse CO2-Produzenten finanziell entlastet, der normale B√ºrger aber zus√§tzlich belastet wird, kommt niemand.","Sentiment(polarity=0.255, subjectivity=0.0)"
@DominikG ..... und niemand weiss wo der Klimafond w√§re.,"Sentiment(polarity=0.0, subjectivity=0.0)"
Ja das verstehe ich als NEIN an eure Adresse.,"Sentiment(polarity=0.0, subjectivity=0.0)"
"Alle die ‚ÄûNein‚Äú sagten, zeigten mit diesem Votum ihren Kindern und Enkeln den Stinkefinger. Die L√ºge mit den 12-RappenBenzinaufschlag hat gewirkt. Dabei war die Rechnung bis max. 12 Rappen. Es h√§tten auch nur sechs Rappen kommen k√∂nnen.","Sentiment(polarity=0.0, subjectivity=0.0)"
"@DerOberl√§nder jo genau, genau das haben die Bef√ºrworter in den 90er gesagt als es um die Leistungsabh√§ngige Schwerverkehrsabgabe ging. Heute bezahlt ein Unternehmen pro 40 T√∂nner LKW rund 80 - 120 Tausend Franken abgaben pro Jahr. Und nun soll noch jemand behaupten das hat keine Auswirkungen auf den Endverbraucher.","Sentiment(polarity=-0.3333333333333333, subjectivity=0.0)"
Die neuen und intelligenteren Junggeneration glaubt eben nicht alles was von Bern kommt und hinterfragt das System. Die alten glauben und machen ja alles was der BR sagt. Schlie√ülich muss der ja recht haben.,"Sentiment(polarity=-0.2333333333333333, subjectivity=0.0)"
@derNebel Ja ich denke wenn die Probleme und Arbeiten auf unserem Planeten mit der Intelligenz der heutigen Jugend gel√∂st werden m√ºssten w√§re Ende Jahr aus mit der menschlichen Rasse und somit auch das Umweltproblem gel√∂st w√§re auch eine Idee.,"Sentiment(polarity=1.0, subjectivity=0.0)"
@derNebel Ja ich denke wenn die Probleme und Arbeiten auf unserem Planeten mit der Intelligenz der heutigen Jugend gel√∂st werden m√ºssten w√§re Ende Jahr aus mit der menschlichen Rasse und somit auch das Umweltproblem gel√∂st w√§re auch eine Idee.,"Sentiment(polarity=1.0, subjectivity=0.0)"
Idealisten reden sich die Fakten zurecht.,"Sentiment(polarity=0.0, subjectivity=0.0)"
"was sollen die denn Anderes sagen ? Die lauten, ideologischen Klimastreiker wurden gerade auf den Boden geholt. Wer glaubt, dass es jetzt zu sch√§rferen Gesetzen kommen kann, ist naiv. Demos k√∂nnt ihr euch jetzt sparen,","Sentiment(polarity=-0.175, subjectivity=0.0)"
"Coiffeur einfliegen, Frau und Kind besuchen, wieder nach Rom fliegen, die Fussballspiele zeigen perfekt, was sie vom Klimaschutz halten.","Sentiment(polarity=1.0, subjectivity=0.0)"
Klimaschutz verkommt zum Fremdwort.,"Sentiment(polarity=0.0, subjectivity=0.0)"
"Ich glaube, die Jungen lassen sich sehr leicht von Propaganda leiten - und Angstmacherei. Ja, das CO2 Gesetz h√§tte uns Geld gekostet. Das Geld, das wir jetzt ausgeben w√ºrden ist wesentlich weniger als das Geld, das wir dann ben√∂tigen, um mit den Folgen des Klimawandels zu leben. Problematisch finde ich wirkich, dass die Leute es einfach nicht schaffen, √ºber den Tellerrand zu blicken sondern blind der Propaganda der √ñlindustrie  SVP folgen. Wirklich bedenklich.","Sentiment(polarity=-0.22999999999999998, subjectivity=0.0)"
@KritikerS. Ich weiss nicvt wie alt du bist aber ich bin 20 Jahre alt. Ich habe nein gestummen weil ich dieses Gesetz f√ºr die Schweiz sehr unpassend finde. Wie du bereits geschrieben hast w√ºrde uns dieses Gesetz nicht viel Geld kosten. Doch genau dies finde ich als unn√∂tig. Die Schweiz ist eins der reichsten L√§nder also w√ºrde es die B√ºrger auch nucht intressieren und w√ºrden daher genau so Konsumieren wie heute.,"Sentiment(polarity=-0.16666666666666666, subjectivity=0.16666666666666666)"
"Ich glaube, die Jungen lassen sich sehr leicht von Propaganda leiten - und Angstmacherei. Ja, das CO2 Gesetz h√§tte uns Geld gekostet. Das Geld, das wir jetzt ausgeben w√ºrden ist wesentlich weniger als das Geld, das wir dann ben√∂tigen, um mit den Folgen des Klimawandels zu leben. Problematisch finde ich wirkich, dass die Leute es einfach nicht schaffen, √ºber den Tellerrand zu blicken sondern blind der Propaganda der √ñlindustrie  SVP folgen. Wirklich bedenklich.","Sentiment(polarity=-0.22999999999999998, subjectivity=0.0)"
Ich hoffe das es das ist Ich bin jung w√ºrde nie gr√ºn w√§hlen,"Sentiment(polarity=0.7, subjectivity=0.0)"
"Vielleicht kam das NEIN aber auch, weil wir nicht mehr bereit sind, Geld zu bezahlen, ohne einen klar nachvollziehbaren Rechenschaftsbericht f√ºr dessen Verwendung zu erhalten? W√§re z.B. gestanden, dass die Lade-Infrastruktur f√ºr die e-Mobilit√§t damit gepusht w√ºrde, F√∂rdergelder f√ºr den Umstieg auf die e-Mobilit√§t ausgezahlt w√ºrden statt solch einem schwammigen Begriff wie ""f√ºr innovative Projekte"", h√§tte es wom√∂glich mehr Zuspruch gegeben?","Sentiment(polarity=0.175, subjectivity=0.41666666666666663)"
"Das Nein ist ein Nein, weil Geldabgaben nichts bringen. Dann werfe ich das Geld lieber zum Fenster heraus, damit man sieht wohin es geht. Ein Gesetz welches Taten walten l√§sst, welche den Hauptverursachern zu denken gibt, ja, das w√§ren Taten. Es ist wie mit dem reich sein, es ist nur ein Prozent daf√ºr verantwortlich, aber nicht wir kleinen.","Sentiment(polarity=0.175, subjectivity=0.0)"
"Auf dem Buckel der Jungen austragen? Wer will jede Gr√ºnfl√§chen unbedingt bebauen und den kommenden Generationen keine solchen Oasen, wie zum Beispiel das Vierer-Feld in Bern zur dannzumaligen Bestimmung √ºberlassen? Alle, die sich da so f√ºr die Jugend einsetzen. Die Gr√ºnen, die Linken, die Braven, die B√∂sen, alle. Seit mehr als 2000 Jahren christlicher Zeitrechnung, ist das Viererfeld eine Oase in der Stadt Bern. Von Werten sprechen und nach Interessen handeln, so die g√§ngige Politik, selbst in der Stadt Bern. Noch glaubhaft?","Sentiment(polarity=0.042857142857142864, subjectivity=0.14285714285714285)"
"Ein Ja zur Konzernverantwortungsinitiative h√§tte wesentlich mehr zur Reduktion von CO2 beigetragen, welche wir Schweizer im Ausland durch Produkte unseres Konsums produzieren als dieses plumpe Gesetzt welches nur Zulasten des Konsumenten geht und Null CO2 einspart, daf√ºr so nebenbei wieder ein Staatsk√§sseli f√ºllt.","Sentiment(polarity=0.35, subjectivity=0.5)"
Ist das Nein von ein paar Menschen zu Schokolade ein Nein zu Coca Cola?,"Sentiment(polarity=0.0, subjectivity=0.0)"
Daher w√§re Stimmrechtsalter 14 gut. Die CO2 Gesetze w√ºrden noch deutlicher abgelehnt.,"Sentiment(polarity=0.5, subjectivity=0.0)"
"@Payassorg. Jeder, der √ºber 35 ist, weiss, dass man in der Pubert√§t keine Ahnung von der Realit√§t hat. Ergo NEIN.","Sentiment(polarity=0.0, subjectivity=0.0)"
@Marten Sagen sie das mal der SP!,"Sentiment(polarity=0.0, subjectivity=0.0)"
"Ist das Nein der Jungen zum CO‚ÇÇ-Gesetz ein Nein zur linken Umweltpolitik? Genau, jetzt m√ºssen sie es nur noch lernen es zu verstehen. sollte kein problem sein, da noch alle im studium sind.","Sentiment(polarity=-0.2333333333333333, subjectivity=0.0)"
"Der Schweizer Bev√∂lkerung geht es schon lange nicht mehr so gut wie alle behaupten. Der Mittelstand verschwindet zunehmend. Es gibt wenige Reiche und immer mehr Arme. Wir w√ºrden ja gerne bis 65 arbeiten, aber kaum eine Firma stellt mehr √ú50 ein. Also, wie soll das gehen? Wenige Junge sollen die AHV f√ºr all die Babyboomer bezahlen? Die Politiker sollten diese Probleme endlich angehen. Diese sind lange bekannt, aber man schiebt es seit Jahren vor sich her. Frauen haben noch immer die kleineren L√∂hne, auch hier - nichts passiert! Und das Geld wird immer weniger Ende Monat... Dieses veraltete System funktioniert nicht mehr.","Sentiment(polarity=-0.09772727272727272, subjectivity=0.22727272727272727)"
"@brothers_keeper Es passiert doch viel, die Interessengruppe gehen auf die Strasse und die Politiker fasseln rum. Kann ich das ganze treiben noch ernst nehmen, NEIN.","Sentiment(polarity=0.0, subjectivity=0.5)"
"Ich seh es an meinem Vater, seit er in Ruhestand ist, wurde er total gr√ºn und findet sie super... Ist es m√∂glich das die gr√ºnen also einfach nicht Arbeiten und somit garnicht merken was alles zusammenh√§ngt? W√§hrend die U35 hart arbeiten und sich was g√∂nnen wollen f√ºr das Geld, und keine Lust haben auf unz√§hlige Preiserh√∂hungen.","Sentiment(polarity=0.7749999999999999, subjectivity=0.0)"
"Klima was? Intressiert doch keinen, der Mensch hat keinen Einfluss auf das Klima","Sentiment(polarity=0.0, subjectivity=0.0)"
Die √º 65 haben wohl ein schlechtes gewissen sie k√∂nnten etwas falsch gemacht haben oder? Die J√ºngere generation m√∂chte noch etwas von der Welt sehen und sich von diesen ligr√ºs nicht alles Verbieten lassen ich 63 √ºbrigens auch nicht den auch bei denen geht es nur ums Geld!,"Sentiment(polarity=-0.5, subjectivity=0.0)"
"nicht alle Jungen sind Klimaaktivisten. Es gibt viele, die das hier und jetzt geniessen wollen.","Sentiment(polarity=0.25, subjectivity=0.25)"
W√ºrden die Linken sich einmal normal verhalten k√∂nnte man dar√ºber diskutieren.!!! Aber so keine Chance ü§∑üèº‚Äç‚ôÇÔ∏èü•≤üòÖ,"Sentiment(polarity=-0.425, subjectivity=0.0)"
"@Einfach normal Denke ich auch. Diese ideologische, erzieherische Belehren bewirkt nur das Gegenteil.","Sentiment(polarity=0.7, subjectivity=0.0)"
"@Einfach normal Die Einstellung zum Umweltschutz hat nichts mit links oder rechts zu tun. Auch im rechten Umfeld gibt es viele, welche f√ºr den Klimaschutz sind. Ebenso, wie es bei den Linken viele gibt, welche dem Thema nicht so viel Werkt beimessen. Also h√∂rt endlich auf mit der Hetze.","Sentiment(polarity=0.11666666666666667, subjectivity=0.41666666666666663)"
Es ist generell ein Nein zur linken Politik.,"Sentiment(polarity=-0.7, subjectivity=0.0)"
"Ich habe 6 Jahre in Z√ºri gelebt und bin mit einem weinenden Auge jetzt weggezogen, oder wie Ihr sagt gez√ºgelt. Was in den letzten Wochen passiert ist, finde ich - sorry - einfach nur ekelhaft. So ein reiches Land.... Zuerst das NEIN zu Europa und jetzt das NEIN zum CO2 Gesetz. Ihr seid nicht allein auf diesem Planeten! Mit Euch sollte keiner mehr Gesch√§fte machen und Ihr schottet Euch an den Grenzen ab, was den CO2 Ausstoss angeht? Nein Ihr fahrt mit den SUV¬¥s nach Konstanz und anderswo zum Einkaufen, nat√ºrlich verlangt man die MWST. zur√ºck. Ist dann ja noch billiger.... Zum Verst√§ndnis ich fand die Volksabstimmungen immer vorbildlich, was Demokratie angeht. Inzwischen allerdings fehlt mir allerdings jedes Verst√§ndnis. Kein Wunder, dass die Familieninitiative auch abgelehnt wurde. Die Renten kommen ja ‚Äûvon selbst‚Äú. PFUI","Sentiment(polarity=0.1333333333333333, subjectivity=0.08333333333333333)"
"@Aruehl1 Ich sch√§me mich selber als Schweizer. Wie Du, offenbar aus dem Nachbarland, die Lage siehst hat einen wahren Kern. Die Kommentare hier sind nicht ganz repr√§sentativ, denn fast die H√§lfte der Schweizer war gewillt, f√ºr die Zukunft der Jungen einzustehen.","Sentiment(polarity=0.0, subjectivity=0.0)"
"Ich bin ja auch f√ºr eine gr√ºnere Umwelt und trotzdem habe ich NEIN gestimmt beim CO2 Gesetz. Ich habe einfach grunds√§tzlich ein Problem damit, dass bei neuen Gesetzen immer mit etwas Negativem gearbeitet werden muss. (Zu hohe CO2 Ausst√∂sse teureres Benzin etc.) Warum kann man nicht einmal mit etwas positivem zum Ziel kommen?? (Zu hohe CO2 Ausst√∂sse Subventionen bei Elektroautos. Keine Verkehrsabgaben bei Elektroautos etc.) Man f√§nde gen√ºgend Wege. Denn so wie es jetzt ist, werden nur die √§rmeren bestraft. Die Reichen juckt das doch nicht, ob der Liter jetzt 1.30, 1.70 oder 2.50 kostet. Und wenn mir jemand kommt wegen ""von irgendwoher muss das Geld kommen."" Vielleicht k√∂nnte man aufh√∂ren immer wieder Strassen aufzureissen und neu zu machen, welche noch tiptop in Schuss sind. #ManuforPresident D","Sentiment(polarity=0.20999999999999996, subjectivity=0.0)"
"@manuel.rufer Elektroautos sind nicht die Heilsbringer, f√ºr die du sie h√§ltst.","Sentiment(polarity=0.0, subjectivity=0.0)"
@uff - und warum nicht ?,"Sentiment(polarity=0.0, subjectivity=0.0)"
"Solange der Staat, das Milit√§r unsinnig Benzin vernichtet sehe ich nicht ein dass das Volk dies tun muss. Ebenso ist es nach- w√§hrend einer Krise nicht sinnvoll √ºber Preiserh√∂hungen zu diskutieren. Oder was denkt ihr was wir noch alles Zahlen sollen?","Sentiment(polarity=-0.5, subjectivity=0.0)"
das nei ist supper genialüëçüëç,"Sentiment(polarity=0.0, subjectivity=0.0)"
"Zum Gl√ºck, denn bei einer Annahme w√§re nur unser Portemonnaie leichter geworden und sonst nichts","Sentiment(polarity=0.0, subjectivity=0.0)"
@Anerom ein Portmonnaie w√§re nicht leichter geworden. Ich h√§tte mehr gehabt. Ich nutze nichts mehr das Erd√∂l als Energie ben√∂tigt.,"Sentiment(polarity=0.0, subjectivity=0.6666666666666666)"
"@Anerom Vielleicht Dein Portemonnaie... Ich fahre seit l√§ngerem zu 100% mit eigenem Solarstrom. Leichter geworden w√§ren vor allem die Portemonnaies von Swissoil, inkl das Portemonnaie dessen Chef, ein Oberhaupt bei der SVP. Unser Portemonnaie wird nun erst dann strapaziert, wenn wir die gemachten Umweltsch√§den bezahlen... meins inklusive, unfair!","Sentiment(polarity=-0.3333333333333333, subjectivity=0.0)"
warum sind sowohl die ja wie auch nein kantone blau eingezeichnet? das ist nicht √ºbersichtlich. bitte √§ndern.,"Sentiment(polarity=0.10000000000000002, subjectivity=0.0)"
"Schade! Was muss passieren, damit wir etwas unternehmen? Demonstrationen alleine werden das Problem nicht l√∂sen.","Sentiment(polarity=-0.3333333333333333, subjectivity=0.0)"
"@Uelibsl - du kannst gleich bei dir selber anfangen. auto abschaffen und mobility nutzen. soweit als m√∂glich emobilit√§t nutzen. zuhause √ºber die b√ºcher gehen, ob es da ein paar energiefresser gibt, die man austauschen kann. √ºber die b√ºcher gehen, ob man in den urlaub unbedingt in ferne l√§nder reisen muss. und ja - es kostet geld. aber das sollte es uns wert sein.","Sentiment(polarity=0.0, subjectivity=0.0)"
5x Nein daf√ºr ja zur Schweiz.,"Sentiment(polarity=0.0, subjectivity=0.0)"
Gut so ein Nein,"Sentiment(polarity=1.0, subjectivity=0.0)"
"Die St√§dter sagen JA zum CO2 Gesetzt, aber viele die in der Stadt leben fahren ein SUV mit Diesel oder Benzin antrieb?!! Wo bleibt der Sinn?!!","Sentiment(polarity=0.11666666666666665, subjectivity=0.16666666666666666)"
"@NeinzumCO2  Das sind die Reichen, denen machen ein paar Abgaben nichts aus. Ich habe einen Nachbar, der meinte, der Liter ""Most"" sollte doch 5 Franken kosten, dann w√§re er alleine - oder nur mit seines Gleichen auf der Strasse.","Sentiment(polarity=0.0, subjectivity=0.0)"
ich liebe meinen V8.,"Sentiment(polarity=1.0, subjectivity=0.0)"
Viel spass. Der staat wird uns nicht ein letzes mal √ºber co2 abstimmen lassen. Es wird so lang gefeilt bis wir einmal ja sagen. Dann wird nicht mehr dar√ºber abgestimmt ob es abgeschafft wird.,"Sentiment(polarity=0.0, subjectivity=0.5)"
Auto fahren nur f√ºr Reiche? Warum war denn meine Partei dagegen? Die Reichen sollen doch Auto fehren d√ºrfen? Ich komm nicht draus.,"Sentiment(polarity=0.175, subjectivity=0.0)"
"Wie w√§re es, wenn eine CO2 Steuer f√ºr St√§dter erhoben wird? Diese kompensieren ja nirgends wo CO2 mit B√§umen usw. Das w√§re doch eine super Idee.","Sentiment(polarity=0.0, subjectivity=0.0)"
Daumen dr√ºcken f√ºr alle die zur Arbeit pendeln m√ºssen mit dem Auto und alle die noch in alten Wohnungen mit Oelheizung sitzen und sonst frieren m√ºssen oder Schulden machen m√ºssten. CO2 Gesetz NEIN.,"Sentiment(polarity=-0.5, subjectivity=0.0)"
"Die St√§dter werden am Schluss das Gesetz durchbringen. Der StadtLand-Graben, ich sehe es jetzt schon in der Analyse..","Sentiment(polarity=0.0, subjectivity=0.0)"
Blick nach vorne Solange bei der n√§chsten Initiative entschieden wird das die Super Reichen all die zus√§tzliche anfallenden Kosten abfangen werden wird in Zukunft schon alles gut kommen,"Sentiment(polarity=0.3333333333333333, subjectivity=0.0)"
Das l√§uft ja wieder einmal hervorragend f√ºr uns!,"Sentiment(polarity=1.0, subjectivity=0.0)"
Schaade das dir Schweiz nicht bereit is verantwortung zum Klimsschutz zu √ºbernehmen und nichts gegen den CO 2 austoss machem will.,"Sentiment(polarity=0.0, subjectivity=0.0)"
Das volk wird es richten,"Sentiment(polarity=0.0, subjectivity=0.0)"
@Schneemann1 Freie Fahrt dem Freien B√ºrger,"Sentiment(polarity=0.7, subjectivity=0.0)"
Nein zu Elektro autos,"Sentiment(polarity=0.0, subjectivity=0.0)"
"CO2, heisst das das ich dann nicht mehr ausatmen d√ºrfte unter meinem Schreibtisch?","Sentiment(polarity=0.0, subjectivity=1.0)"
Lieber wird das CO2-Gesetz abgelehnt als die Schweiz lahmgelegt.,"Sentiment(polarity=-1.0, subjectivity=0.0)"
"Haha die Schweiz will das Weltklima retten, in China bauen sie hunderte Kohlekraftwerke.","Sentiment(polarity=0.0, subjectivity=0.0)"
"@AnDreMa solange wir pro Einwohner mehr Strom aus Kohlekraft nutzen als China, sollten wir vorsichtig sein wo wir mit dem Finger hin zeigen.","Sentiment(polarity=0.35, subjectivity=0.5)"
Das Volk wird den Weg weisen Dank dem Referendum,"Sentiment(polarity=0.0, subjectivity=0.0)"
"Warum wird bei Strasse und Bahn so viel in den Unterhalt gesteckt? Weil es sich √ºber den gesamten Lebenszyklus wirtschaftlich auszahlt! So √§hnlich ist es auch mit den Investitionen im Bereich des Klimas - nichts zu machen kostet im Endeffekt (massiv) mehr, als hier eine verursacherbezogene Lenkungsm√∂glichkeit zu schaffen!","Sentiment(polarity=0.0, subjectivity=0.6666666666666666)"
Ja super wir wollen Geld umvereisen ...w√§rend in Brasilien jeden Monat eine Fl√§che von der Gr√∂sse des Kt Uri abgeholzt wird...,"Sentiment(polarity=0.0, subjectivity=0.0)"
Es geht nur eis alli Vorlage 5x NEIN,"Sentiment(polarity=0.0, subjectivity=0.0)"
@Blackbird_ sicher nicht!,"Sentiment(polarity=0.7, subjectivity=0.0)"
noch nie war das abstimmen so einfach. alles nein.,"Sentiment(polarity=0.35, subjectivity=0.0)"
"Hoffentlich haben die Schweizer erkannt, dass die Kosten um einiges h√∂her liegen werden als vom Bundesrat erw√§hnt. 34 der Wohnungen und H√§user m√ºssen renoviert werden, das Wohnen wird einiges teurer. Nein, zum C02 Gesetzt.","Sentiment(polarity=0.2333333333333333, subjectivity=0.0)"
CO2 Gesetz n√ºtzt nichts zuerst sollen andere L√§nder handeln die Schweiz kann dan in 100 Jahren nachziehen,"Sentiment(polarity=0.0, subjectivity=0.0)"
Die Frage ist wohl eher warum jetzt das CO2 Gesetz und nicht schon vor 10 Jahren und warum auf dem R√ºcken der Bev√∂lkerung? Darum nein Abgestimmt,"Sentiment(polarity=0.0, subjectivity=0.0)"
Am besten 5 x NEIN,"Sentiment(polarity=0.0, subjectivity=0.0)"
"co2 gesetzt ist der falsche ansatz. warum immer die b√ºrger strafen und nicht von selber nachhaltiger sein als staat? wo fliesst das ganze geld hin? es reicht schon, dass die steuern so hoch sind und jetzt noch mehr bezahlen in einem land wo sowieso alles zu teuer ist. lieber anreize schaffen als verbote.","Sentiment(polarity=-0.2666666666666667, subjectivity=0.0)"
@Riotcat Ich bin auch dagegen. Aber wo das Geld hinfliesst ist im Gesetzesentwurf klar definiert. Hoffe Du hast leereingeworfen,"Sentiment(polarity=0.5666666666666667, subjectivity=0.0)"
"@IchLebe das ist ja genau das problem wo das geld hinfliesst, rhetorisch frage.","Sentiment(polarity=0.0, subjectivity=0.0)"
"Diese CO2 Abgabe ist nur eine Alibi-√úbung, die ausser mehr Geld aus der Tasche ziehen, nichts nutzt!","Sentiment(polarity=-0.35, subjectivity=0.5)"
"So funny. Da wollen sie Klimaschutz, alternative Verkehrsmittel und was weiss ich noch, aber sobald es an ihr eigenes Portemonnaie geht wollen die Jungen nichts mehr davon wissen. Ist genau wie mit den Linken und Gr√ºnen, alles wollen, aber nichts daf√ºr opfern oder zur√ºckstecken, egal wer die Zeche am Schluss bezahlt. Sind wir mal ehrlich, fr√ºher war das fliegen etwas spezielles dass man sich einmal im Jahr oder so leisten konnte, heute ist es vergleichbar mit der Bahn, und meistens noch billiger als diese. Diese ""Geiz ist Geil"" Mentalit√§t ist das Problem, alles wollen und nichts daf√ºr bezahlen. Aufwachen liebe junge Reisenden, nichts ist gratis auf dieser Welt. Und h√∂rt endlich mal auf mit euren Elektrofahrzeugen, die Gewinnung von Lithium kostet Lebensraum von vielen Bauern, und zerrst√∂rt die Umwelt. Macht euch mal schlau!!!","Sentiment(polarity=0.31666666666666665, subjectivity=0.2222222222222222)"
"Statt den Kunden zu bestrafen wenn er fliegt, in die Ferien f√§hrt oder anderweitig konsumiert - und damit die Wirtschaft voran treibt -, sollten die Subventionen die in die Erd√∂lindustrie und fossile Energiewirtschaft etc. fliessen gestoppt und in die Entwicklung klimaneutraler Treibstoffe umgelenkt werden. Die Technologie ist l√§ngst vorhanden und es ist wesentlich sinnvoller sich darauf zu fokussieren klimaneutrale Mobilit√§t √ºberhaupt erst zu erm√∂glichen und attraktiv zu gestalten, statt erst mal alles zu verbieten oder sanktionieren und dann zu schauen, wie es √ºberhaupt weitergeht. W√ºrden statt Kerosin oder Benzin nur noch klimaneutrale Treibstoffe zur Verf√ºgung stehen, m√ºssten man den Konsumenten nicht noch weiter schr√∂pfen und solche Diskussionen gar nicht erst entfachen.","Sentiment(polarity=-0.39166666666666666, subjectivity=0.3333333333333333)"
Nichts tun ist teurer.,"Sentiment(polarity=0.0, subjectivity=0.0)"
"Wenn keine Flugabgabe, dann alle anderen Zuschl√§ge f√ºr Benzin etc. auch nicht erheben. Gleiches Recht f√ºr alle.","Sentiment(polarity=0.5, subjectivity=0.0)"
"Schade dass so viele nicht begreifen wollen, dass der Kampf gegen die Klimaerw√§rmung auch Verzicht bedeutet. √úbrigens, subventioniertes fliegen ist kein Menschenrecht.","Sentiment(polarity=-0.25, subjectivity=0.25)"
"Genau, Ballermann und Kurzreisen nach Dubai - alles so enorm wichtig! Preise verdoppeln, in den Klimaschutz investieren und fertig! Es war so sch√∂n, als sich noch nicht jeder ein Flugticket leisten konnte!","Sentiment(polarity=0.2333333333333333, subjectivity=0.0)"
"Solche Gesetze, welche auf einer ideologischen Idee erzwingt werden wollen, mag ich nicht,","Sentiment(polarity=0.0, subjectivity=0.0)"
"Nur in der reichen Schweiz beklagt sich die Bev√∂lkerung dar√ºber, dass Ferien teurer werden. Realisiert jemand, wie gut wir es haben?","Sentiment(polarity=0.0, subjectivity=0.0)"
@Echtjetzt Wohl kaum...,"Sentiment(polarity=0.0, subjectivity=1.0)"
"Liebe Jana, h√§tten Sie in der Schule besser aufgepasst und einen einen anst√§ndigen Beruf gelernt ODER die Weiterbildung zur Pflegefrau HF gemacht, dann h√§tten Sie das Problem nicht! Jeder beschwert sich √ºber die Zwei-Klassen-Gesellschaft aber mal ehrlich, 90% von der so genannten zweiten Klasse ist doch selber schuld.","Sentiment(polarity=0.16666666666666666, subjectivity=0.0)"
"Jana, Ferien in Dubai sind sowieso nicht das Richtige.","Sentiment(polarity=0.0, subjectivity=0.0)"
Warum fliegen,"Sentiment(polarity=0.0, subjectivity=0.0)"
"Hier das CO2 Gesetz im Datail kurzgefasst 1. Die Flugticketabgaben werden 5050 auf Klimafond und Krankenkassenpr√§mien aufgeteilt. a) Arme die wenig fliegen (all 2 Jahre oder weniger) erhalten Geld durch die Pr√§mien. b) Untere Mittelschicht (fliegt 1mal pro Jahr in Europa) zahlt garnichts, also zahlt Abgabe aber erh√§lt das Geld zur√ºck durch die Pr√§mien, auch f√ºr Kinder (Ganze Familie zahlt nicht mehr!) C) Obere Mittelschicht und Reiche (fliegen √∂ftersweiter) zahlen viel Abgabe (Geldverteilung von Reich zu Arm!) 2. Benzinpreiserh√∂hung wird genutzt um Klimafond zu finanzieren. Zudem wird gepusht sparsamere Autos zu fahren (Teurerer Sprit aber weniger Verbrauch = gleicher Preis) 3. Heiz√∂lpreiserh√∂hung auch zum Klimafond. 4. Der Klimafond investiert in erneuerbare Energien -> W√§rpepumpen und Solaranlagen und Elektroautus werden g√ºnstiger. In 3-5 Jahren werden E-Autos so g√ºnstig sein, dass das Argument Benzinpreis zu teuer nicht gilt. Sehe Norwegen (Extreme Steuer auf normale Autos)","Sentiment(polarity=0.08846153846153845, subjectivity=0.17948717948717946)"
"Ballermann sind keine Ferien, nur unterste Schublade.","Sentiment(polarity=0.0, subjectivity=0.0)"
Ich stimme sowieso nein f√ºr das Co2 Gesetz. Es ist reine Geldmacherei auf dem Buckel der weniger gut Betuchten. Es f√∂rdert die 2 Klassengesellschaft nur noch mehr. Sowas unterst√ºtze ich nicht.,"Sentiment(polarity=0.3375, subjectivity=0.125)"
"Ich habe mit NEIN gestimmt, weil ""innovative Projekte"" ein Freipass f√ºr Geldverschwendung ist. Ich will eine eindeutige Deklaration, wof√ºr das Geld ver(sch)wendet wird. Mir fehlt z.B. der Punkt, dass Leute, die bereit sind, auf e-Autos umzusteigen, wie in Deutschland einen kr√§ftigen Zuschuss aus dem Klimafond erhalten. Es bringt nichts, das Geld in Projekten in L√§ndern zu verbraten ( Brasilien ) welche sich dann doch nicht daran halten. Mein NEIN will sagen "" √úberarbeitet das ganze nochmals und macht es diesmal richtig"". Das Fliegen ist mir hierbei v√∂llig egal, da ich es nicht nutze.","Sentiment(polarity=0.025000000000000005, subjectivity=0.0)"
"Endlich Mehrwertsteuer und alle anderen Abgaben aufs Flugbenzin drauf, aufh√∂ren mit den ‚Äûhistorischen‚Äú Verbilligungen! Dann braucht kein Mensch mehr eine CO2 Abgabe!","Sentiment(polarity=0.0, subjectivity=0.5)"
"wir leben im luxus, aber jene m√∂chten es nicht einsehen, dass es einmal √§ndern wierd. alles wierd teurer (kk, benzin, strom usw)... also benehmt euch nicht wie kleinkinder vor dem spielzeugregal! entweder man kann es sich leisten, oder eben nicht!","Sentiment(polarity=0.3333333333333333, subjectivity=0.0)"
"Noch immer sind viele Menschen in Kurzarbeit, verdienen nur 80 Prozent ihres Lohnes. Corona hat in das Budget von vielen Leuten immense L√∂cher gerissen. Jetzt das CO2-Gesetz anzunehmen, w√§re extrem asozial. Es sind nicht nur Fr. 120.00 pro Jahr f√ºrs Fliegen. Es ist eine dicke Verteuerung aller Lebensmittel, auch wegen der Pestizidinitiative. Die Gr√ºnen und der Staat wollen die Arbeiter und die Angestellten aussaugen, ihnen alles Geld wegnehmen. Merke Wer gr√ºn w√§hlt, stellt sich gegen die Arbeiter- und Angestelltenklasse.","Sentiment(polarity=-0.19285714285714287, subjectivity=0.21428571428571427)"
Wasser ist leben!Darum JA und wieder JA,"Sentiment(polarity=0.0, subjectivity=0.0)"
"Nicht nur die Fl√ºge, ALLES wird teurer bei Annahme des Co2 Gesetzes bei einer Wirkung auf die Umwelt von null, darum ein dickes NEIN.","Sentiment(polarity=-0.7, subjectivity=0.0)"
"Der Titel m√ºsste heissen ""Junge Vielflieger wehren sich wegen Flugticketabgabe gegen CO2-Gesetz damit sie auch in anderen L√§ndern an Fridays for Future teilnehmen k√∂nnen"" )","Sentiment(polarity=-1.0, subjectivity=0.0)"
"Herrliches Beispiel der scheinheiligen Doppel-Moral! Ist halt cool und hip, f√ºr den Klimaschutz zu sein, aber pers√∂nliche Einschr√§nkungen? Nein, das dann nat√ºrlich nicht!","Sentiment(polarity=0.45, subjectivity=0.0)"
"Ein klares Ja f√ºr alle Initiativen! Wollt ihr euch echt immer mehr mit Pestiziden vergiften? Wollt ihr echt kein gesundes Gem√ºse essen? Wollt ihr wirklich nichts f√ºr eine saubererer Luft tun? Auch wenn die CH klein ist im Vergleich weltweit. Wir k√∂nnen einen neuen Masstab setzen. Andere werden folgen! Ich habe keine Kinder, ich m√∂chte aber, dass die n√§chsten Generationen noch immer frei atmen, trinken und essen k√∂nnen! Wenn man wegen 30.‚Äî nicht mehr in die Ferien fliegen kann, soll man sich andere Alternativen suchen oder einen mal weniger im Jahr fliegen. Benzin wird teurer? Steigt um auf Elektro- oder Hybrid-Fahrzeuge.","Sentiment(polarity=0.19090909090909092, subjectivity=0.13636363636363635)"
Warum hat‚Äôs im co2 Gesetz keine Abgabe pro Kind ? Mehr Menschennsind das Hauptproblem der Umweltverschmutzung!,"Sentiment(polarity=0.0, subjectivity=0.5)"
@Ueli der M√∂nch Und wer bezahlt deine AHV?,"Sentiment(polarity=-1.0, subjectivity=0.0)"
Da demonstrieren die Jungen f√ºr die Umwelt und sind nicht bereit auch etwas faf√ºr zu tin. Die Ticketpreise m√ºssten min. 25% aufschlagen.,"Sentiment(polarity=0.0, subjectivity=0.0)"
@Kalender21 Diese im Bericht vorgestellten Typen demonstrieren sicher nicht f√ºr die Umwelt!,"Sentiment(polarity=0.7, subjectivity=0.0)"
Ich fliege jeden Monat mindestens 1x irgendwo hin und will nicht mehr zahlen. Nein zum co2 Gesetz,"Sentiment(polarity=0.0, subjectivity=0.5)"
Etwas weniger Egoismus und mehr Klimaschutz w√ºnsche ich mir von allen. Nicht nur den Jungen. Aber wir m√ºssen endlich handeln!,"Sentiment(polarity=0.0, subjectivity=0.3333333333333333)"
"Ich frage mich wie unser Liebes Geld die Welt retten sollte. Am Meisten Co2 spart Mann indem einfach weniger gebraucht wird. z.B. - Kinder Spielzeug aus Holz und nicht auch Plastik von China - Wohnung nicht auf 24 C Heizen, 20C sind ausreichend ansonsten Pullover anziehen. usw. usw. Weniger ist mehr auch bei den Gr√ºnen Gesetzen und Verordnungen.","Sentiment(polarity=0.35, subjectivity=0.25)"
Gibt es Klimakonferenzen ohne den Einsatz von Flugzeugen?,"Sentiment(polarity=0.0, subjectivity=0.0)"
Der denkt doch voll er ist Gr√ºn weil das Haus seiner Mietwohnung ein Solardach hat-),"Sentiment(polarity=0.0, subjectivity=0.0)"
@MisterSpock Auf jeden Fall umweltbewusster.,"Sentiment(polarity=0.0, subjectivity=0.0)"
"Noch mehr Zweitklassengesellschaft? Nein danke. So lange Politiker mit dem Privatflieger an die Klimakonferenzen fliegen und es keine 1-2 Kind-Politik gibt, kann es nicht so schlimm sein. Ich werde weiterhin 6-7 mal pro Jahr nach Tokio fliegen.","Sentiment(polarity=-0.25, subjectivity=0.25)"
"@KaLel wow!! ja klar, 6 bis 7 mal pro Jahr ein Langstreckenflug!! da w√ºrde 1 mal pro Jahr schon sehr viel ausmachen!! genau Leute wie Sie m√ºssten extrem zur Kasse gebeten werden, und nicht die Autofahrer die f√ºrs Gesch√§ft und Arbeit auf das Auto angewiesen sind, aber dadurch als Umwelts√ºnder blossgestellt werden!!","Sentiment(polarity=0.6, subjectivity=0.0)"
"@KaLel Ist zwar eine sture Haltung, aber bez√ºglich der unumg√§nglichen Geburtenregelung, vor der sich alle Politiker feige dr√ºcken, muss ich Dir Recht geben.","Sentiment(polarity=0.0, subjectivity=0.0)"
@KaLel Wieso 1-2 Kinderpolitik? Wieso nicht medizinische Versorgung ab 77ig Jahren einstellen sowie zwangsabgabe von Einfamilienh√§usern an j√ºngere Generationen?,"Sentiment(polarity=0.0, subjectivity=0.0)"
@KaLel 1-2 Kinder Politik? Und wer bezahlt deine Rente zuk√ºnftig? Wieso nicht einfach die medizinische Versorgung ab 75ig einstellen?,"Sentiment(polarity=-0.45, subjectivity=0.0)"
"@KaLel , das ist okay, solange Sie bereit sind, einen ehrlichen Preis zu bezahlen. Es gibt auch Menschen, die einen Rolls Royce fahren. Ich kann mir nur einen VW leisten üòâ","Sentiment(polarity=0.0, subjectivity=0.0)"
Junge Raser wehren sich gegen Busse ‚Äûich fahre gerne schnell und geniesse es‚Äú,"Sentiment(polarity=-0.15000000000000002, subjectivity=0.0)"
Benzin- und Kerosinpreise steigen= Flugtickets werden teurer. Benzinpreise sinken=Tickets bleiben gleich tuer,"Sentiment(polarity=0.0, subjectivity=0.0)"
Bis jetzt ging es auch ohne Teuerung oder ? Dann lasst es sein üôÑ,"Sentiment(polarity=0.0, subjectivity=0.0)"
Ich fliege √ºberhaupt nicht und werde Nein stimmen. So wie wahrscheinlich viele Durchschnittb√ºrger habe ich keinen Bock auf noch teureres Benzin. Die Schweiz ist eh zu klein um wirklich einen Unterschied f√ºrs Weltklima zu machen.,"Sentiment(polarity=0.3333333333333333, subjectivity=0.6)"
@Alpenfurz Ihre Stimme ist auch eh zu klein um wirklich einen Unterschied zu machen.,"Sentiment(polarity=1.0, subjectivity=0.0)"
"@Alpenfurz Wenn die Schweiz so klein ist, warum fahren alle wegen zwei Gipfeli mit dem Auto zum B√§cker???","Sentiment(polarity=0.0, subjectivity=0.0)"
@Alpenfurz Mit der heutige Generation kann man keine Welt retten ü§ó,"Sentiment(polarity=0.0, subjectivity=0.0)"
"Ich bezweifle, dass es diese Jungen effektiv gibt. Das ganze stinkt nach Meinungsbeeinflussung. Und zwar f√ºr das Gesetz. Man liest diese Aussagen, √§rgert sich, stimmt ja.","Sentiment(polarity=0.0, subjectivity=0.0)"
"@Zetooo ich stimme ganz klar nein, und zwar wekl ich nicht noch mehr f√ºrs Auto bezahlen will!! beim Fliegen w√§re es mir egal, bin sogar der Meinung dass da schon lange was passieren m√ºsste. Denn bis jetzt gild blse Autofahrer, unschuldige Vielflieger.... da stimmt doch was gwaltig nicht oder??","Sentiment(polarity=0.0, subjectivity=0.08333333333333333)"
"Fliegen einfach verteuern ist wirklich nur Abzocke, soll ja auch nur Mehreinnahmen bringen. Das Fliegen geh√∂rt rationiert, das trifft dann alle gleich. Und dann die schwammige Phrase, dass alles durch ""Erneuerbare Energien"" ersetzt werden soll, aber wo genau, in welchen Mengen und wann, da findet man in diesem Gesetz nichts. Habe also abgelehnt, obwohl kein Klimaleugner.","Sentiment(polarity=-0.037500000000000006, subjectivity=0.0)"
@Tell1 Air France ist im April mit Biotreibstoff nach Montr√©al geflogen. Es tut sich auch in der Fliegerei etwas...,"Sentiment(polarity=0.0, subjectivity=0.0)"
"Ich will billig fliegen, ich bin f√ºr Klimaschutz aber die anderen sollen daf√ºr sorgen.","Sentiment(polarity=0.85, subjectivity=0.0)"
"Wer auf ein Wunder hofft Der Aralsee wurde auch leergepumpt und solange weitergemacht bis er trocken war, obwohl ALLE wussten was passiert.","Sentiment(polarity=0.7, subjectivity=0.0)"
@Fnordi  Treffender Vergleich.,"Sentiment(polarity=0.0, subjectivity=0.0)"
"@ an Jana (21) Fachfrau Betreuung die f√ºr ‚Äûunfair ‚Äû findet dass andere mehr verdienen und st√§ndig fliegen.. Vielleicht h√§tte Jana einen finanziell attraktiveren Beruf erlernen sollen? Viel mehr und l√§nger lernen, vielleicht Matura und sinnvolles Studium w√ºrden da auch helfen? Anstatt Betreuung z.B Medizin studieren? Man sagt doch zu Recht von Nichts kommt Nichts.","Sentiment(polarity=0.27, subjectivity=0.3)"
"@Hazel20 naja, es haben nicht alle Menschen die selben voraussetzungen! einige mpssen sich Ihr Geld gleich nach der Schule selber verdienen, andere k√∂nnen jahrelang auf Kosten von Mami und papi einem Stdentendasein fr√∂hnen... na schonmal dar√ºber nachgedacht? dann gibt es halt Berufe wo mann keinen Informatikerlohn kriegt, obschon es der pers√∂nliche Traumjob ist.","Sentiment(polarity=0.0, subjectivity=0.0)"
@Hazel20 Wer wischt ihnen im Spital den A** ab?,"Sentiment(polarity=0.0, subjectivity=0.0)"
"@Hazel20 ist ja eh ein sinnloser job den die junge Dame hat. Sollen doch alle CEO werden, dann w√§re dass Problem gel√∂sst. Ironie off","Sentiment(polarity=0.0, subjectivity=0.0)"
"@Hazel20 Das war auch mein Gedanke! Jeder ist f√ºr sich selbst verantwortlich, also auch f√ºr seinen Beruf!","Sentiment(polarity=0.0, subjectivity=0.0)"
Die Flugticket sollten die Preise der 70er Jahre haben. Dann wird weniger geflogen. Die Abgaben im Gesetz sind zu tief.,"Sentiment(polarity=0.0, subjectivity=0.0)"
@Xari Da haben Sie v√∂llig recht.,"Sentiment(polarity=0.0, subjectivity=0.0)"
"@Xari zu tief f√ºr jemanden mit CH-Lohn? Was soll dann der Rest der Welt sagen? Wer auf dem hohen Ross sitzt, sollte ab und zu die Augen gen Boden richten. Gehen die Preise hoch, k√∂nnen Menschen aus anderen L√§ndern gar nicht mehr fliegen oder m√∂chtest du, dass ich meine Tickets in einem Land mit g√ºnstigen Abgaben buche?","Sentiment(polarity=0.12, subjectivity=0.09)"
"Wie man mittels Steuererh√∂hung den CO2 Ausstoss senken will ist mir schleierhaft. Kostet das Benzin mehr, dann spare ich bei anderen Dingen. Z.b. wieder mehr Fleisch von Brasilien als vom lokalen Bionauer. Ob dass der Sinn ist?","Sentiment(polarity=0.0, subjectivity=0.5)"
@Karl2000 Es werden keine Steuern erh√∂ht.,"Sentiment(polarity=0.5249999999999999, subjectivity=0.0)"
"@Karl2000 W√ºrde das Geld z.B. in Subventionszahlungen f√ºr den Umstieg von √ñlheizungen auf Erdsonden oder Bonuszahlungen beim Kauf eines e-Autos IN DER SCHWEIZ verwendet, w√ºrde dies einen grossen Einfluss auf UNSERE Co2-Bilanz haben. Aber ""innovative Projekte"" ist wischiwaschi und l√§sst uns auch nicht die M√∂glichkeit zu pr√ºfen, ob es Sinn macht. Zumal wir ja vom Bund nie informiert wurden, mit welchem ( positiven oder negativem ) Ergebnis unsere bisherigen Co2-Abgaben ver(sch)wendet wurden. Wegen dieser Intransparenz NEIN","Sentiment(polarity=0.425, subjectivity=0.0)"
"@Karl2000 Als wenn Sie aktuell ihr Fleisch wegen den tiefen Flugpreisen beim Biobauer beziehen w√ºrden, haha fast reingelegt haben Sie mich..","Sentiment(polarity=0.0, subjectivity=0.0)"
Die Welt zu retten ist nicht gerade mein Bier!,"Sentiment(polarity=0.0, subjectivity=0.0)"
@loribori Daf√ºr um so mehr davon zu profitieren.,"Sentiment(polarity=0.0, subjectivity=1.0)"
"Lernt zu erst einmal etwas Demut. Ich musste in jungen Jahren auch MRI. Geld zusammensparen da die Flugpreise damals sehr hoch waren. Also ging es nicht mehrmals im Jahr ins Ausland per Flugzeug, bzw. man sparte sich das Geld zusammen und leistete sich dann Ferien, die man auch bewusst genoss. Nicht wie heute. Sorry. Aber in dieser Hinsicht war es fr√ºher besser! Aber heute will jeder und jede mehrmals im Jahr fur Party ins Ausland, das kann man auch zu Hause machen. Dadurch verliert das au√üergew√∂hnliche seinen Reiz und es wird zur Selbstverst√§ndlichkeit- zu Lasten der Nachhaltigkeit. Der all inklusive billig Tourismus killt die Natur. Nicht das Fliegen per se. Aber ja, vielleicht m√ºssen wieder Preise wie fr√ºher her.... 500-1000.- pro Ticket....","Sentiment(polarity=0.12222222222222223, subjectivity=0.0)"
@Stadt Luzerner stimme dir ganz zu. In den 80 Jahren musste ich f√ºr einen 1.5 st√ºndigen Flug mit Swissair zwischen Z√ºrich und einer anderen Hauptstadt in Europa ca 600 Fr zahlen. Economy. Vor 40 Jahren!!! Wenn man Entwicklung der Teuerung ber√ºcksichtigt wie viel m√ºsste so ein Ticket heute kosten? Aber damals war Fliegen auch anders. Es war eintolles reisen. Und kein billiges Massentourismus. Wieso m√ºssen jetzt Krethi und Plethi X mal pro Jahr billig auf Mallorca oder Ibiza fliegen? Das einzige was daf√ºr spricht dass lieber Ballermann dort als bei uns.,"Sentiment(polarity=0.05, subjectivity=0.1)"
"@Stadt Luzerner tolle Idee! √úbrigens, als ich jung war gab es 50% der Menschen von heute, Auto war auch ein Luxusgut, Telefon gab es eins im Haushalt mit W√§hlscheibe. Gerne gehe ich zur√ºck in diese Zeit, aber dann mit allen Konsequenzen","Sentiment(polarity=0.3333333333333333, subjectivity=0.0)"
"So Leute, wieviele Erden verbraucht ihr so... Ungeschminkt, gibt genug Rechner da draussen. Bei mir ists 1.25x Erden. Nein ich hab definitiv kein schlechtes Gewissen mehr.","Sentiment(polarity=-0.05000000000000001, subjectivity=0.3333333333333333)"
"@Fnordi 1,25? Das glaubst Du ja selbst nicht. Da hast Du aber einige Faktoren ( bewusst? ) nicht ber√ºcksichtigt. Alleine schon Deine Anwesenheit in den elektronischen Medien beweist, dass Deine Berechnung nicht stimmt.","Sentiment(polarity=0.2, subjectivity=0.0)"
"Ich will reisen k√∂nnen, und ich will diese Freiheit nicht noch h√∂her bezahlen, als wir es eh schon tun. Mit dieser Abgabe sind eigentlich nur wir Schweizer betroffen. Dem Klima ist es wurscht- das betrifft jeden. Also Nein zur einseitigen Benachteiligung!","Sentiment(polarity=-0.25, subjectivity=0.0)"
@Johann B Reisen kann man auch ohne Flugis. Schon versucht?,"Sentiment(polarity=0.0, subjectivity=0.0)"
.. ein witz wenn jemand glaubt die umwelt und erde w√§re noch zu retten! das haben wir schon zu sehr zerst√∂rt und KEINER ist bereit sein lebensstil zu √§ndern,"Sentiment(polarity=0.0, subjectivity=0.0)"
@simsalabim Dann gehen Sie eben mit gutem Beispiel voran.,"Sentiment(polarity=1.0, subjectivity=0.0)"
@HugoM. Es spielt keine Rolle mehr.,"Sentiment(polarity=0.0, subjectivity=0.5)"
"@simsalabim Wer ist ""keiner""? WIR haben schon ziemlich viel ver√§ndert. Und das, ohne gross verzichten zu m√ºssen. Kleinstes Beispiel Wir haben s√§mtliche Beleuchtungen auf LED umgestellt. Wir kaufen keinen Spargel aus Spanien oder Florida, keine Erdbeeren aus anderen L√§ndern, kein Wasser in Flaschen, keine Getr√§nke in Alu-Dosen u.v.m.","Sentiment(polarity=-0.20999999999999996, subjectivity=0.2)"
"Es ist immer das gleiche! Es soll CO2 gespart werden, aber bei mir geht das nicht! So ein Quatsch. Dann geht man eben nicht laufend Verwandte besuchen. Man studiert oder arbeitet irgendwo auf der Welt und denkt das f√§llt dann nicht in die Waagschale. Geht‚Äòs noch. Denkt einfach mal weiter. So denken viele unsere Jugendlichen. Ich m√∂chte in England studieren und da muss ich am Wochenende nach Hause fliegen. Ich arbeite in Italien und muss zur√ºck zu meiner Familie. Das muss richtig und fair bezahlt werden. Es kostete ja vor Corona Fr. 50.- nach Mallorca, wenn man 10 Tickets kaufte. Da konnte locker mal ein Flug ausfallen. Eine Fahrt mit der Bahn von Z√ºrich nach Lausanne kostet mehr. Da stimmt doch was nicht. Die anderen aber nicht ICH!","Sentiment(polarity=0.0625, subjectivity=0.125)"
@Rennat Und genau die jammern immer noch √ºber die angeblich hohen Ticket-Kosten.,"Sentiment(polarity=-1.0, subjectivity=0.0)"
"Manche hier kriechen lieber der SVP auf den Leim, als dass sie sich mit der Initiative auseinandersetzen.","Sentiment(polarity=-0.7, subjectivity=0.0)"
@HugoM. Unser t√§glich SVP Bashin gib uns heute was? Wenn man sonst keine Argumente hat.,"Sentiment(polarity=0.0, subjectivity=0.0)"
"@HugoM. naja, die Leute wollen halt nicht immer und f√ºr alles nur mehr bezahlen, und weniger Leistung erhalten... ich hoffe das schweizer Volk erwacht, und schickt die ganzen Vorlagen Bachab!! wir m√ºssen ein Zeichen setzten und unseren Kasperlis im Bundeshaus zeigen dass wir uns nicht mehr verarschen lassen!!","Sentiment(polarity=-0.037500000000000006, subjectivity=0.25)"
"@Fnordi Nun ja, die SVP hat ja nicht wirklich brauchbares zu Tage gef√∂rdert. Trotzdem lehne ich die Initiative in der aktuellen Formulierung ab.","Sentiment(polarity=-0.25, subjectivity=0.0)"
"Snobismus, Selbstmitleid, Motzerei und Angeberei. Habt Ihr denn keine Normalos gefunden?","Sentiment(polarity=0.0, subjectivity=0.0)"
"@MisterSpock Was ist f√ºr Dich ein ""Normalo""?","Sentiment(polarity=0.0, subjectivity=0.0)"
"Interessant‚Ä¶.. man w√§hnt sich immer noch in der CO2 Illusion, anstatt komplexes denken und ‚ÄûZusammenh√§nge-Verstehen‚Äú walten zu lassen. Okay, dann lass uns mal die Welt retten, wir schaffen das.","Sentiment(polarity=0.0, subjectivity=0.0)"
"Da d√ºrfen sich die J√ºngeren gerne mal bei uns Alten bedanken, die diese ganze Infrastruktur auf kosten der Umwelt aufgebaut haben mit Billigfl√ºgen rund um die Welt beispielsweise. Jetzt, wo das Verlangen - und nicht nur bei diesen Jungen - geweckt wurde, stellt man fest, das es der Umwelt nicht bekommt. Und egal bei welchem Beispiel, es tut immer weh, wenn man das Rad zur√ºckdreht. Aber will man seinen Kinder eine lebenswerte Welt hinterlassen, f√ºhrt kein Weg drann vorbei, dieses unbedarfte Leben etwas einzuschr√§nken.","Sentiment(polarity=-0.25, subjectivity=0.0)"
@Hutzleputz grunds√§tzlich schon aber wie sollte das mit Geld gemacht werden? Die Leute m√ºssen lehren zu Verzichten das spart am Meisten.,"Sentiment(polarity=0.0, subjectivity=0.0)"
"Das Gesetz trifft einzelne Vielflieger, doch die Luftfahrt hat global nur einen Anteil von zwei Prozent an den gesamten CO2-Emissionen. wo er wohl diese Information her hat??? das glaubt er doch wohl selber nicht oder??","Sentiment(polarity=0.0, subjectivity=0.0)"
@arson Bin ja gespannt woher Sie die Zahl entnehmen.,"Sentiment(polarity=0.0, subjectivity=0.0)"
"Mir wurde auch Geld von Avenergy geboten, damit ich hier als Junger eine Aussage gegen das CO2-Gesetz mache. Habe dankend abgelehnt. Andere offensichtlich nicht.","Sentiment(polarity=0.0, subjectivity=0.0)"
@MaxMustermann - Und von wem sind Sie nun gesponsered? - Ich geh√∂re √ºbrigens zur √§lteren Generation. Und bin seit Jahren Nichtflieger (andere Gr√ºnde).,"Sentiment(polarity=0.0, subjectivity=0.0)"
"@MaxMustermann, leider‚Ä¶ sind auch Sie darauf reingefallen. Die Aussagen sind letztlich F√úR das Gesetz. Das Ziel wurde erreicht Wir enervieren uns √ºber diese Aussagen der Jungen, setzen uns mit der Vorlage auseinander, und tendieren dann zu einem Ja.","Sentiment(polarity=0.0, subjectivity=0.0)"
"@George_Doubs Ich kann selber denken, stellen sie sich das mal vor. Ich weiss, ist eine Seltenheit geworden, heutzutage...","Sentiment(polarity=0.0, subjectivity=0.0)"
"@Zetooo Netter Versuch, aber meine Stimmzettel sind schon lange auf der Gemeinde. Ich empfehle jedem, sich mit dem Gesetzestext auseinanderzusetzen. Das hilft ungemein bei der Entscheidungshilfe. Und nicht irgendwelche Aussagen in einem Artikel.","Sentiment(polarity=0.0, subjectivity=0.0)"
@MaxMustermann - Und trotzdem wollen Sie die Staatsquote (Staatsb√ºrokratie) noch mehr erh√∂hen ausweiten?,"Sentiment(polarity=1.0, subjectivity=0.0)"
"@George_Doubs Weil ich nicht bestechlich bin, will ich automatisch die Staatsb√ºrokratie erh√∂hen? Spannende Ansicht. Und irgendwie auch witzig, wenn man sich diese Aussage durch den Kopf gehen l√§sst.","Sentiment(polarity=0.7666666666666666, subjectivity=0.0)"
"Solange alle Coop, Migros, Aldi, Lidl usw. w√∂chentlich Magazine in Papierform versenden, und 100'000e Kassenzettel t√§glich ausdrucken die niemand braucht, mache ich mir auch kein schlechtes Gewissen mal in die Ferien zu fliegen.","Sentiment(polarity=0.0, subjectivity=0.0)"
"@chris_71 Das Klima und Abfall zwei verschiedene Themen sind, haben Sie wohl noch nicht begriffen.","Sentiment(polarity=-1.0, subjectivity=0.0)"
"Es ist unsinnig, verschiedene Verkehrsmittel gegeneinander auszuspielen (‚Äûheiliger St. Florian, verschone unser Haus vor Feuersbrunst, z√ºnd lieber andre an ...‚Äú). Sollten Benzin und Flugkerosin teurer werden, so werden die Bahnen noch so gerne ihre Tarife ebenfalls anheben, weil sie auch so konkurrenzf√§hig sind. Wird das CO2-Gesetz angenommen, so stehen die Gr√ºnen schon mit der n√§chsten, weiter gehenden Initiative in den Startl√∂chern. Mit guten Chancen, dass das geduldige Volk auch das durchwinkt. Salamitaktik gewinnt !","Sentiment(polarity=0.4, subjectivity=0.0)"
"@Klarseher ich hoffe doch sehr, dass das Volk cleverbist und sich nicht alles negmen l√§sst! oder dass all die, die 10000 oder mehr pro Monat verdienen, diese Kosten √ºbernehmen! Allen anderen reicht dann n√§mlich irgendwann das Geld nicht mehr.","Sentiment(polarity=0.2333333333333333, subjectivity=0.6666666666666666)"
"Das Grundproblem, die zunehmende √úberv√∂lkerung wird als zu heisse Kartoffel einfach aussen vorgelassen. Jedes Jahr 60'000 Nasen mehr in der Schweiz, wie soll da CO2 reduziert werden? Aber Hauptsache jeder entrichtet seinen Obolus bei diesem Ablasshandel. Abgesehen gibt es beim Fliegen schon genug Abgaben und Taxen, Flughafentaxe, Sicherheitstaxe, Kerosintaxe, etc., es reicht!","Sentiment(polarity=0.35, subjectivity=0.25)"
"@Blitzmerker ja genau. Und bitte sch√∂n nur noch mehr Kinder produzieren. Wozu muss ich 4 Kinder haben ? 1 oder 2 gen√ºgen einigen anscheinend nicht. Denkt mal dar√ºber nach bitte, was das alles mit sich bringt.","Sentiment(polarity=0.3333333333333333, subjectivity=0.06666666666666667)"
"Es ist wie immer mit solchen unausgegorenen Initiativen Man treibt mal Geld ein und √ºberlegt sich danach, was damit gemacht werden soll!! Die Abgaben bringen rein gar nichts, es wird kaum einer weniger Auto fahren oder weniger fliegen. Das verteuert wieder Lebensmittel etc., also bezahlen wir als Steuerzahler mal wieder doppelt. Ich frage mich auch, wieso zuerst Geld eingetrieben werden muss, welches danach wieder irgendwie verteilt werden soll - lasst es doch einfach. Das verteuert unsere Bundes-Administration weiter!","Sentiment(polarity=0.13999999999999999, subjectivity=0.18)"
@Freddie56 - Richtige gesamtheitliche Betrachtung. Die Staatsquote ist l√§ngst schon hoch genug. Also auch eine grunds√§tzliche politische Frage.,"Sentiment(polarity=0.2333333333333333, subjectivity=0.0)"
Da frage ich mich doch wirklich. So viel zu unserer Klima Jugend.,"Sentiment(polarity=0.5, subjectivity=0.5)"
"Das w√§ren keine Gr√ºnde dagegen, obwohl ich auch dagegen bin, denn vor 30 Jahren hat man schon mal den Benzinpreis um 8 Rappen erh√∂ht, damit die Autobahnen fertig gebaut werden k√∂nnen. Nein das Geld kam zur H√§lfte in den √∂ffentlichen Verkehr und die Autobahnen wurden damals nicht gebaut.","Sentiment(polarity=-0.07500000000000001, subjectivity=0.0)"
"Unglaublich welch Egoisten. Ich bin f√ºr die Rettung des Klimas aber nicht, wenn ich was unternehmen miss. Ich will mein Lofestyle behalten und 5mal an den Ballermann fliegen. Hallo liebe Leute, so wird das nix. Es ist 10 nach 12 mit unserer Bewahrung der Lebensgrundlage.","Sentiment(polarity=0.2, subjectivity=0.0)"
"@HansDampf99 einerseits hast du ja recht, andererseits; was wollen wir in der kleinen Schweiz schon ausrichten?? ivh finde wir machen hier bereits genug! sollen mal alle L√§nder der Welt unseren Standard erreichen, und dann schauen wir weiter!","Sentiment(polarity=0.2333333333333333, subjectivity=0.0)"
Die Armen haben in der Luft nichts zu suchen!,"Sentiment(polarity=0.0, subjectivity=0.0)"
Auf was basiert diese Umfrage? Ziemlich schwammiger Artikel ohne Grundlage.,"Sentiment(polarity=0.0, subjectivity=0.0)"
Ballermann geht auch am Schweizer See liebe Klimahirnis.,"Sentiment(polarity=1.0, subjectivity=0.0)"
Ausreden von Kindern Aber die anderen tun doch aaaaaaaaaaaaaaaaaaaaaauch!,"Sentiment(polarity=0.0, subjectivity=0.0)"
"Glaubt ihr wirklich die Jungen, welche sich hier wehren sind dieselben, die an die Klimastreiks gehen? Die die sich hier weher sind wohl eher die, die in Louis Vuitto Klamotten rumlaufen und m√∂glichst viele Posts auf ihren Social Media Kan√§len brauchen.","Sentiment(polarity=0.0, subjectivity=0.5)"
"@Olaff Doch, zum Teil die selben. Ich habe mal rin Interview mit einigen ‚Äûfreitagsstreikenden‚Äú gesehen. Sie gaben zu dass sie weiterhin fliegen werden weil sie es gern tun. Noch Fragen?","Sentiment(polarity=0.0, subjectivity=0.0)"
"Solange man mit dem Finger auf andere zeigen kann, streikt es sich prima. Sobald der Urlaub auf Malle aber in Gefahr ist, scheint das Klima und die Zukunft unserer Erde nicht mehr 1. Priorit√§t zu sein.","Sentiment(polarity=0.3333333333333333, subjectivity=0.3333333333333333)"
"@Hitsch Doe Das Problem an den Klimastreiks sind die unterst√ºtzenden Schulen. Man gibt den Sch√ºlern die Wahl streiken zu gehen oder in die Schule sitzen. Wozu h√§tten sie sich in ihren Jugendjahren entschieden? Ich mich definitiv f√ºrs streiken, egal f√ºr was. Genau das ist das Problem. Man kann man die Jungen streiken lassen wozu man will, es geht denen nur um schulfrei und nicht ums Thema.","Sentiment(polarity=0.16666666666666666, subjectivity=0.0)"
Grund mehr die Initiative anzunehmen.,"Sentiment(polarity=0.0, subjectivity=1.0)"
"Gerade junge Leute werden vermehrt lernen m√ºssen, dass man nicht mehr einfach nach dem Lustprinzip durchs Leben gehen kann. In einer Zeit der wachsenden Belastungen von Luft, Erde und Wasser und der Schm√§lerung pers√∂nlicher Entfaltungsr√§ume wird es mehr Solidarit√§t und Selbstbeschr√§nkung brauchen. Nur wollen die Parteien aus purem Eigeninteresse dar√ºber nicht sprechen.","Sentiment(polarity=-0.05833333333333333, subjectivity=0.3333333333333333)"
@Thomsi ZB die SP spricht dar√ºber.,"Sentiment(polarity=0.0, subjectivity=0.0)"
"H√∂rt auf zu Jammern! Wer sich den Aufpreis nicht leisten kann, hat in einem Flieger sowieso nichts zu suchen! Jeder muss seinen Beitrag leisten und auf pers√∂nliche Begehrlichkeiten verzichten, sonst kriegen wir das nicht mehr gebacken. Und wenn es schon nicht ohne geht, dann bezahlt wenigstens daf√ºr. Wacht auf, die Zeit f√ºr Ego-Trips ist vorbei.","Sentiment(polarity=-0.4, subjectivity=0.2)"
"@WakeupCall ich w√ºrde sagen, einmal im Jahr fliegen geht ovne CO2 Abgaben. wer mehr fliegt, zahlt mehr! ganz einfach! sobistves ja auch mit dem Auto. wwr mehr f√§hrt bezahlt ja auch mehr Abgaben mit dem Benzinpreis! es w√§re eigentlich sooo einfach...","Sentiment(polarity=0.17777777777777778, subjectivity=0.27777777777777773)"
"Bei einer ja abstimmung, wer zahlt mir das benzin, heiz√∂l, und das flugticket??? Wir sind eine 4 k√∂pfige familie, wen die flugtickets um 120fr steigen, wie will ich mit meiner familie nach einem stressigen arbeits und schuljahr noch zusa√§tzlich 500fr bezahlen und mein urlaub erleben und stress abbauen, das f√ºhrt doch nur noch zu mehr anspannungen in der familie... heiz√∂l schon jetzt zahlen wir dumm d√§mmlich f√ºr etwas die jetzt schon √ºberteuert ist, benzin ja danke dan kann ich nicht mal mit meinem kinder ausw√§rts spazieren gehen, ZUG ist zu √ºberteuert um mit der ganzen familie zu reisen, deshalb bleibt nur alternative das auto, wen das noch zu teuer wird, wie will ich den kindern beibringen und zeigen wo die sch√∂ne pl√§tze der schweiz liegt, schon jetzt sind z.B die museen oder zoos √ºberteuert dan w√ºrde mir ein ausflug schnell mal das budget spr√§ngen... NEIN danke, f√ºr etwas auf das wir nicht mal einfluss haben....","Sentiment(polarity=-0.08333333333333336, subjectivity=0.08333333333333333)"
"@AliK Erstens hast du dir irgendwelche finanzielle Gedanken gemacht bevor du diese 2 Kinder gezeugt hast, oder? Wenn du dir dir 4-k√∂pfige Familie leisten kannst, kannst du auch noch CO2 - Abgabe f√ºr Flugtickets zahlen. Sonst f√§hrst du mit dem Auto halt. Zu fliegen ist kein Grundmenschenrecht. Zweitens 1 Kind bedeutet eine Emission von 58,6 Tonnen CO2 pro Jahr. Ein Verzicht auf Fliegen spart 1.6 Tonnen Im Jahr. Ich bin such gegen CO2 Gesetz aber mit dir h√§lt sich mein Mitleid wirklich im Grenzen.","Sentiment(polarity=0.14285714285714285, subjectivity=0.0)"
"@AliK. Velotour mit den Kindern? Habe ich gemacht. Absolut toll! Waren die besten Ferien, nebst Bergtouren.","Sentiment(polarity=0.2, subjectivity=0.0)"
"Ich habe eine Frage man zahlt Geld f√ºrs CO2, dieses Geld fliesst dann in die Krankenkasse. Wie rettet die Krankenkasse das Klima?","Sentiment(polarity=0.0, subjectivity=0.0)"
"@Repter die h√§lfte geht in den Klimafond (Klimaschutz), die andere in die Pr√§mien der Krankenkassen. Das soll eine Geldumverteilung von reich zu arm sein. Reiche fliegen √∂fter und weiter, zahlen daher viel ein. Eine Arme Familie die sowieso nicht fliegen kann, erh√§lt dann Krankenkassen verg√ºnstigt. Wenigflieger (12mal innerhalb von Europa) erhalten durch die Pr√§mien das Geld zur√ºck, dass sie in die Flugtickets mehr investiert haben. Arme bekommen Geld, untere Mittelschicht zahlt garnichts, obere Mittelschicht zahlt ein bisschen, reiche zahlen viel.","Sentiment(polarity=-0.35833333333333334, subjectivity=0.3333333333333333)"
"@Repter ach das sind doch nur Ausreden, damit das Volk denkt es zahlt dann weniger Krankenkassenpr√§mien. passieren wird aber nie etwas, wie schon so oft! wir werden nur verarscht, merkt ihr dass nicht?? L√∂sung nie das w√§hlen was der Bundesrat empfielt!!","Sentiment(polarity=0.0, subjectivity=0.0)"
√Ñrmere Familie fliegt mehrmals pro Jahr in USA.,"Sentiment(polarity=0.0, subjectivity=0.0)"
"Dieses Wochende R√ºckflug aus Rhodos. Gef√ºhlt 80% unter 30. Covid hat den Leuten eben gezeigt, was ihnen fehlt, wenn es gr√ºne Reiseverbote gibt. Oder man fordert den Verzicht von anderen. Daher 5 x Nein.","Sentiment(polarity=0.0, subjectivity=0.0)"
"@Luigi Bollisti Gr√ºne Reiseverbote? Das sehr moderate CO2-Gesetz tr√§gt die Handschrift der ""b√ºrgerlichen"" Mehrheiten in den eidg. R√§ten ...","Sentiment(polarity=0.0, subjectivity=0.0)"
"Was ist mit denn Kreuzfahrtschiffen, die unsere Meere aufs gr√∂bste verschmutzen. Ach ja, schon vergessen die Schweiz hat ja gar kein Meer. Wir sind eine Vielfliegernation, also holt man das Geld dort wo man am meisten bekommt.","Sentiment(polarity=-0.11666666666666665, subjectivity=0.13333333333333333)"
"@Erkl√§rer Noch sch√∂ner es gibt rund 300 Kreuzfahrtschiffe, darauf zeigen alle sch√∂n mit dem Finger. Gleichzeitig bestellt man aber bei Aliexpress, Wish und anderen Chinalabels ganz billige Mode, isst Avocados aus S√ºdamerika, etc. welche mit rund 40'000 Containerschiffen um die Welt geschifft werden.","Sentiment(polarity=1.0, subjectivity=0.0)"
@Erkl√§rer Ausserdem sind 30% der Hochseeschiffe √ñltanker...,"Sentiment(polarity=0.0, subjectivity=0.0)"
Hier sieht man doch einfach die Doppelmoral Klimastreiks aber Ausreden bringen f√ºr das pers√∂nliche fliegen und warum man auf keinen Fall mehr zahlen kann. Herrlich.,"Sentiment(polarity=0.675, subjectivity=0.25)"
"@Fnordi - Das ist eher ein Nebenfeld, denn schlussendlich entscheidet der Souver√§n, und nicht irgendwelche Funktion√§re. So ist Demokratie.","Sentiment(polarity=0.5, subjectivity=0.0)"
"@Fnordi Ich glaube kaum, dass dies die selben Jugendlichen sind, welche an diesen Demos teil nehmen. Diese Jungen gehen arbeiten und liegen nicht dem Papi und dem Staat auf der Tasche!","Sentiment(polarity=0.0, subjectivity=0.5)"
"Die Grundlage dieses CO2-Gesetzes steht auf einem sandigen Fundament. Klimaerw√§rmung durch anthropogenes CO2 (ca. 3-4 % des Gesamtanteiles) ist eine reine Hypothese. Es gibt auch andere Hypothesen. Die Politik bevorzugt aber die CO2-Hypothese, weil sich damit Steuern generieren lassen. Reine Finanzpolitik eben. CO2-Kreisl√§ufe sind lebensnotwendig!","Sentiment(polarity=0.3071428571428571, subjectivity=0.0)"
"Wir haben nun ein Jahr praktisch ohne Fliegen und Fahren mit fossilen Brennstoffen hinter uns. Durch Corona wurden wir von all den Daten √ºber den Umweltschutz abgelenkt. Und siehe da, es hat sich nicht in Bezug auf ein besseres Klima, oder Umwelt ge√§ndert. Komisch, oder.","Sentiment(polarity=0.425, subjectivity=0.0)"
"@disco-volante doch, die Luft in den St√§dten ist besser geworden. Aber global gesehen gebe ich dir recht, das Klima hat sich, trotz weniger Ausstoss, nicht verbessert weil das Klima seinen eigenen Weg geht und das seit Millionen von Jahren","Sentiment(polarity=-0.175, subjectivity=0.0)"
"@disco-volante, ich war im Oktober in Venedig. Sie Stadt und das Wasser war seit 50 Jahren nicht mehr so sauber‚Ä¶","Sentiment(polarity=0.0, subjectivity=0.5)"
"@disco-volante das Klima hat sich gebessert. In Indien und China, aber auch bei uns ist die Luftverschmutzung auf ein Minimum gegange, dass wir so nie gesehen haben seit √ºber 50 Jahren! Das Klimasystem ist riesig und l√§sst sich nicht durch 1 Jahr pause √§ndern. Es geht langsam so wie die Klimaerw√§rmung die Arktis nicht in 1 Jahr zum schmelzen bringt sondern langsam √ºber viele Jahre. Geh zum Morteratsch Gletscher. Traurig wie viel kleiner der geworden ist in meinen 21Jahren leben! Komisch oder?","Sentiment(polarity=0.004761904761904777, subjectivity=0.11904761904761904)"
"Es ist nicht vom Alter sondern vom Einkommen abh√§ngig, wen das Gesetz trifft. Nat√ºrlich verdienen j√ºngere Menschen meist weniger als √§ltere. Im Grunde sind die einzigen, die es nicht wirklich st√∂rt, jene die mehr als genug Geld haben, sich auch so eine Reise leisten zu k√∂nnen. All die Business und First Flieger.","Sentiment(polarity=-0.05833333333333335, subjectivity=0.08333333333333333)"
@Blon Jeder der sich mehrmals pro Jahr ins Flugzeug setzt geh√∂rt zu den ‚ÄûReichen‚Äú!,"Sentiment(polarity=0.0, subjectivity=0.0)"
die Klimajugend ist eben DOCH in der Minderheit. entgegen allen Medienberichten. jetzt haben wir es. jetzt haben wir euch!,"Sentiment(polarity=0.0, subjectivity=0.0)"
"Dieses Co2 Gesetz ist nichts anderes als an das Geld der B√ºrger zu kommen, denn mit Abgaben wird die Welt nicht besser, und wurde es bis jetzt auch nicht. Der Dreck wurde nur in andere L√§nder verlagert, damit wir uns hier in Europa als Sauberm√§nner halten k√∂nnen. E-Mobilit√§t und ihre Folgen. Industrie in Entwicklungsl√§nder verlagert. Trinkwasser den fremden Kulturen genommen, um nur einiges zu nennen.","Sentiment(polarity=-0.2, subjectivity=0.0)"
"...eigentlich war es ganz sch√∂n und einfach zu Lockdown-Zeiten - Luft und Wasser konnten sich erholen, kein Gedr√§nge am Quai bei sch√∂nem Wetter... jetzt f√§ngt der ganze Sch... wieder an..!","Sentiment(polarity=0.9, subjectivity=0.0)"
"@Innerschwyz muss nicht zwingend sein, wenn du z.B. nicht an Quai gehst, ist es schon nicht mehr so voll. Man kann auch selbst ein Teil der L√∂sung sein","Sentiment(polarity=0.0, subjectivity=0.5)"
"Wenn man f√ºr ein Weekend nach London reisen will muss man fliegen .Aber muss das sein! Ich bin 70 und schon viel gereist aber nur in den Ferien ich √ºberlegte mir immer gut welches Verkehrsmittel ich ben√ºtze.Innereurop√§isch ist vieles mit dem Zug erreichbar..Und grosse Reisen macht man auch nicht jedes Jahr .Reisen bildet aber das ist nicht m√∂glich wenn man zum shoppen nach London fliegt,√úbrigens ich lebe auch umweltbewusst .","Sentiment(polarity=0.3375, subjectivity=0.125)"
Ich probiere umwelt bewusst nach marokko zu gelangen habes es noch NIE geshaft ü§∑üèΩ‚Äç‚ôÇÔ∏è,"Sentiment(polarity=0.0, subjectivity=0.0)"
Was ist mit dem benzinpreis und der nutzlosen steuer?,"Sentiment(polarity=0.0, subjectivity=0.0)"
"Das sind die Leute, die glauben sie m√ºssen nur eine nikin Trinkflasche kaufen, um etwas f√ºr das Klima zu tun. Ich h√§tte auch vieles gerne, aber so funktioniert das nicht, wenn sich etwas √∂ndern soll.","Sentiment(polarity=-0.35, subjectivity=0.0)"
"Dieses Jahr wollte ich (27) eigentlich eine Japan Rundreise machen aber leider hat Corona meine Pl√§ne durchkreuzt. Egal, daf√ºr ist die Vorfreude um so gr√∂sser f√ºr 2022 oder 23. Das wird mein erster Flug seit f√ºnf oder sechs Jahren. Mit dem A380 von Emirates von Z√ºrich √ºber Dubai nach TokyoüòÄ","Sentiment(polarity=0.0, subjectivity=0.0)"
"Geniess es und lass es dir nicht von rotgr√ºn wegnehmen deshalb bitte ""nein zum co2 gesetz""","Sentiment(polarity=1.0, subjectivity=0.0)"
"Ich h√§tte ja nichts gegen die Abgabe, wenn die alle bezahlen m√ºssten. Touristen und Transitpassagiere m√ºssen diese jedoch nicht bezahlen. Es werden nur die eigenen Leute ""gemolken"". Darum werde auch ich ein Nein in die Urne legen.","Sentiment(polarity=-0.125, subjectivity=0.0)"
Auf den Wahlunterlagen steht Flugtickets werden nur 30-120 Franken teurer. Das ist nicht viel. Privatjets 500-3000 Franken teurer. Das nennt ihr nicht fair? Ihr k√∂nnt euch keine 30 Franken leisten um zum Ballerman zu fliegen? Sauf dort 6 Bier weniger fertig! Peinlich‚Ä¶,"Sentiment(polarity=-0.21428571428571427, subjectivity=0.14285714285714285)"
@Student der gerne reist Und nun meine Frage wie retten die 120 Franken (nehmen wir ja gleich mal das Maximum) die Umwelt indem es in die KK fliesst? Bin gespannt auf deine Antwort.,"Sentiment(polarity=0.0, subjectivity=0.0)"
Tja ich bin ein b√ºezer und kein bonzenstudent wie du was soll ich jetz machen? Mit der familie in die heimat zu gehen wird zu teuer -.-,"Sentiment(polarity=0.0, subjectivity=0.0)"
@Student der gerne reist schlussendlich geht es darum das die Abgabe dem Klima nichts bringt.,"Sentiment(polarity=0.0, subjectivity=0.0)"
"@Hitschix1 da hast du dich schlecht informiert die H√§lfte der Abgaben geht an den Klimafond um Solaranlagen etc zu f√∂rdern. Die andere H√§lfte geht in die Pr√§mien der Krankenkassen. Arme(wenigflieger) erhalten also Geld, untere Mittelschicht (1 Mal fliegen zahlt garnichts weil sie die Abgabe mit der Pr√§mienverbilligung zur√ºckerhaltet), obere Mittelschicht und Reiche zahlen drauf. So soll es sein","Sentiment(polarity=-0.07500000000000001, subjectivity=0.0)"
"Was ist mit den Mietwohnungen? Wenn das Gesetz angenommen wird, dann m√ºssen die alten Wohnungen saniert werden, und das kostet. Also steigen auch die Mieten, deshalb NEIN","Sentiment(polarity=0.0, subjectivity=0.0)"
"Wir m√ºssen die Welt retten. - Aber Einschr√§nkungen bitte keine f√ºr mich. Bravo, so schaffen wir es.","Sentiment(polarity=0.3333333333333333, subjectivity=0.0)"
"Mein Ehemann kommt aus S√ºdamerika und wir fliegen ein paar mal pro Jahr dahin. Wer nun glaubt mit etwas Mehrkosten werde die Luft sauber! Der tr√§umt. Die Linienfl√ºge gehen ob voll oder halb leer. Es wird einfach erneut ein Riesen Apparat aufgebaut beim Staat nur schon f√ºr die Umverteilung! Sonst m√ºssten ja die √ñV in der Schweiz auch reduzieren, die fahren ja zum Teil fast leer in der ganzen Schweiz herum. Ausnahme ist nur morgens und abends. In der Zwischenzeit k√∂nnte man jeden 2. streichen.","Sentiment(polarity=0.0875, subjectivity=0.0)"
"@MalaikaMitFl√ºgeln. Ich kann Dir versichern, wenn die Linienfl√ºge √ºber l√§ngere Zeit halb leer sind ... dann werden die nicht mehr fliegen. Fluggesellschaften sind kein √ñV, wo es keine Rolle spielt, ob eine Strecke wirtschaftlich rentabel ist oder nicht.","Sentiment(polarity=0.16666666666666666, subjectivity=0.16666666666666666)"
"F√ºr CHF 50 √ºbers Wochenende zum Ballermann und durchsaufen, eine Shoppigtour nach London oder Mailand, etc ist eine Wohlstandskrankgeit. Das hat mit Erholung und Ferien nichts zu tun, sonder ist einfach nur Unsinn. Die Menschheit sollte wieder lernen sich an kleinen Dingen zu freuen.","Sentiment(polarity=0.5666666666666667, subjectivity=0.0)"
"@Auchmaljung  Typische Propaganda der Gr√ºnen  Man greift einzelne untypische Extremf√§lle heraus und vergisst dabei, dass gef√ºhlte 98 % der Fl√ºge vern√ºnftige Motive haben Gesch√§ftsreisen, Ferien, Familienbesuche. Durch Strafzuschl√§ge f√ºr diese Leute die Welt retten zu wollen ist Augenwischerei.","Sentiment(polarity=-0.35, subjectivity=0.0)"
"@Auchmaljung Eigentlich habt ihr nicht das Recht anderen vorzuschreiben, wie wir unsere Freizeit zu gestalten haben, wie wir uns zu kleiden haben und was wir zu essen haben. Schaut zuerst zu euren Hintern und gr√ºndet mit euren Gesinnungsgenossen eure eigene gr√ºne DDR woanders, zum Beispiel im Gebiet der Ex DDR.","Sentiment(polarity=0.5, subjectivity=0.0)"
"@Klarseher Das sehr moderate CO2-Gesetz tr√§gt aber die Handschrift der ""b√ºrgerlichen"" Mehrheiten in den eidg. R√§ten ...","Sentiment(polarity=0.0, subjectivity=0.0)"
"Die wahren Umwelts√ºnder kriegen Angst!! Unglaublich, der eine Typ fliegt 4 mal um Jahr nach Malle???","Sentiment(polarity=0.0, subjectivity=0.0)"
"@arson Sind wir mal ehrlich das Internet verursacht √ºber 3 mal mehr CO2 als die ganze Fliegerei. Aber dar√ºber wird einfach ein Deckm√§ntelchen des Schweigens gemacht. Das selbe mit der Schifffahrt man zeigt mit dem Finger auf die rund 300 Kreuzfahrtschiffe, w√§hrend man sich mit Billigg√ºtern aus Asien versorgt die mit √ºber 40'000 Containerschiffen um die Welt geschippert werden.","Sentiment(polarity=0.39999999999999997, subjectivity=0.16666666666666666)"
"@arson wenn das mein Kollege w√§re, h√§tte ich ihn darauf angesprochen. Was ist das f√ºr ein egoistisches Verhalten? Als w√§re er das Zentrum des Sonnensystems.","Sentiment(polarity=-0.3333333333333333, subjectivity=0.0)"
@Repter Einfach so zur Info 30% der Hochseeschiffe sind √ñltanker...,"Sentiment(polarity=0.7, subjectivity=0.0)"
"Ja er braucht das, weil er zu viel arbeitet und zu viel verdient. Vielleicht einmal aus dieser Perspektive es sehen.","Sentiment(polarity=0.0, subjectivity=0.5)"
"Ich bezweifle das es bei den Kostenerh√∂hungen prim√§r um den Klimaschutz geht, hierf√ºr k√∂nnte die Wirtschaft bereits heute vieles dazu beitragen, auch ohne das Kosten f√ºr die B√ºrger zwingend erh√∂ht werden m√ºssen. Sanktionen f√ºr Unternehmen oder Massentierhaltung werden ignoriert, obwohl diese effektiver w√§ren, sich doch dann die Kassen nicht mehr f√ºllen wie heute. Ganz im Sinne von ‚ÄûGeld regiert die Welt‚Äú wird hier nun noch unter dem Vorhand ‚ÄûKlimaschutz‚Äú Geld verdient, haben die B√ºrger doch in den letzten Monaten immer wieder stark betont, wie wichtig ihnen reisen ist. Wir als Schweiz k√∂nnten es besser, sinnvoller und Sogar mit Kostenersparnis f√ºr B√ºrger. Ein Nein eher gegen die Vorgehensweise dieses Landes und sie dazu ermutigen, wirklich etwas f√ºr den Klimaschutz zu tun.","Sentiment(polarity=0.78, subjectivity=0.1)"
"mein gott,habt ihr ein luxusproblem,es ist ja nicht normal,wenn man f√ºr ein paar franken fliegen kann,und dann die CO2 abgabe nicht bezahlen kann,will. bleibt zuhause","Sentiment(polarity=0.037500000000000006, subjectivity=0.0)"
"Unglaublich, wie sich augenscheinlich umweltbewusste junge Leute hier selbst disqualifizieren. Umweltschutz ist ok, solange es Solarzellen auf dem Dach sind. Aber wenn mehrmals j√§hrlich in die Ferien fliegen gef√§hrdet ist, dann ist die rote Linie √ºberschritten. Folgen des CO2-Gesetzes f√ºr Unternehmen spielen in der komplett Ich-bezogenen Argumentation √ºberhaupt keine Rolle.","Sentiment(polarity=-0.5, subjectivity=0.0)"
Teure Preise bestrafen nur die √§rmeren.,"Sentiment(polarity=-1.0, subjectivity=0.0)"
@Zemer Die √§rmern k√∂nnen sich sowieso keinen Flug leisten. Und f√ºr den Rest sind dies Peanuts,"Sentiment(polarity=0.0, subjectivity=0.0)"
"Man w√ºrde besser bei der Schifffahrt mal ansetzten! Der Dreck, der bei Kreuzfahrtschiffen und Frachtern verbrennt wird, hat den Namen ""Brennstoff"" nicht verdient! Das ist teils Schwer√∂lschlacke, Abfall der Benzinproduktion. Da w√§re technisch einiges m√∂glich. Die Lufftfahrt ist technisch auf Sparsamkeit orientiert, die k√∂nnen gar nicht anders, da sie aus Prinzip auf Leichtigkeit, also wenig Sprit, ausgerichtet ist!","Sentiment(polarity=0.03333333333333333, subjectivity=0.12)"
@Ibizaness Info 30% der Hochseeschiffe sind √ñltanker. Quelle Statistik der UNCTAD,"Sentiment(polarity=0.0, subjectivity=0.0)"
"Achtung, der Aufpreis f√ºr Flugtickets w√§re h√∂chstens ein Nebenschauplatz. Viel einschneidender w√§ren die Vorschriften im Geb√§udesektor mit den angeordneten Zwangssanierungen. Die k√∂nnten f√ºr alle richtig ins Geld gehen, f√ºr Mieter und Vermieter. Das ist gar kein gutes Gesetz, zumal es dem Klima nicht wirklich hilft.","Sentiment(polarity=-0.04375, subjectivity=0.1)"
@Hubert Weise Verantwortungsbewusste Hausbesitzer h√§ufen R√ºckstellungen genau f√ºr solche F√§lle an.,"Sentiment(polarity=1.0, subjectivity=0.0)"
"Was sind das denn f√ºr Argumente? Um etwas mehr Geld kurzfristig zu haben, zerst√∂ren wir die Umwelt, trinken Wasser mit Pestiziden, essen Fleisch mit Antibiotika usw. H√∂rt bei Geld die Moral auf? L√§ngerfristig wird die Umweltzerst√∂rung viel mehr kosten.","Sentiment(polarity=0.0, subjectivity=0.5)"
"Ich bin f√ºr den Klimaschutz, aber Bestrafung √ºbers Portemonnaie trifft immer die falschen. Flugkontingente und VerbilligungF√∂rderung umweltfreundlicher Technologien w√§ren der Bessere Ansatz. Das CO2 Gesetz ist f√ºr mich bloss moderner Ablasshandel. Daher ein NEIN von mir.","Sentiment(polarity=-0.25, subjectivity=0.0)"
"Ich bin in meinem Leben (50 Jahre) 7 mal geflogen und ich lebe noch. Stellt euch das mal vor, ganz ohne Ballermann und mit einem 100% Job. Ich war auch noch nie in London oder Dubai zum Schoppen. Ich habe sehr grosses Verst√§ndnis f√ºr die Jugend und ihre Anliegen, aber diese Argumente finde ich sehr unpassend.","Sentiment(polarity=-0.037500000000000006, subjectivity=0.0)"
"@Zimmi71 Genau! Und als wir so alt waren wie diese S√ºrmel mussten wir √ºber einen Monatslohn hinbl√§ttern f√ºr einen Flug. Und wir haben es √ºberlebt, wie du sagst.","Sentiment(polarity=0.0, subjectivity=0.0)"
@Zimmi71 und nur weil sie nicht fliegen wollten oder konnten sollen es jetzt alle anderen nicht tun? Die CO2 Abgaben bestrafen die falschen Leute,"Sentiment(polarity=-0.5, subjectivity=0.0)"
"Viele m√∂gen Vielflieger sein. Haben aber doch ein geringerer √∂kologischen Fussabdruck als manchen anderen, indem sie zum Beispiel nicht Auto fahren, und selbst wenig im √ñV herumfahren, kein Fleisch und Milchprodukte konsumieren und in einer WG in einem Altbau wohnen. √ñkologie und somit den CO2 Theater ist auf den Einzelnen so was von relativ und fiktiv. Es geht nur um eine Ersatzreligion Namens Anthroposophie und √ñkofaschismus einzuf√ºhren.","Sentiment(polarity=0.0, subjectivity=0.25)"
"@Nationless77 Oekofaschismus? Das sehr moderate CO2-Gesetz tr√§gt aber die Handschrift der ""b√ºrgerlichen"" Mehrheiten in den eidg. R√§ten ...","Sentiment(polarity=0.0, subjectivity=0.0)"
"Man braucht nicht Vielflieger zu sein. Das CO2-Gesetz bestraft alle, weil alles teurer w√ºrde, nicht nur Fliegen und Autofahren. Alles was wir kaufen muss irgendwie transportiert werden. Auch wenn die h√∂heren Transportkosten vielleicht nur Vorwand sind f√ºr Preiserh√∂hungen. Zudem werden die Leute trotz Zuschl√§gen reisen, so dass die Gr√ºnen schon bald nach Erh√∂hung der Zuschl√§ge rufen werden. Darum  Wehret den Anf√§ngen !","Sentiment(polarity=-0.2833333333333333, subjectivity=0.0)"
"es fevlt noch eine Option Ich fliege nur alle paar Jahre einmal, wenn √ºberhaupt. mann sollte bei diesem CO2 Gesetz nur die Fliegerei verteuren! die Autos bezahlen bereits genug, und so w√ºrden die wahren Umwelts√ºnder zur Kasse gebeten!!","Sentiment(polarity=0.05833333333333333, subjectivity=0.2)"
"@arson Sind wir ehrlich, arson, der Autoverkehr ist doch am schlimmsten. √úberall, wo fossile Treibstoffe genutzt werden, m√ºsste eine Abgabe bezahlt werden. Und das sagt ein nicht-Grossverdiener, der nicht der Klima- und Litteringjugend angeh√∂rt!","Sentiment(polarity=0.0, subjectivity=0.0)"
Wie soll China weniger co2 ausstossen wenn es nicht mal ein 1. Welt Land wie die schweiz schafft?,"Sentiment(polarity=-0.35, subjectivity=0.0)"
"@Johannes78  Ich habe Verwandte in S√ºdostasien. Unglaublich, wie dort nur innerhalb eines Jahres der Verkehr (vor allem Schwertverkehr !) richtiggehend explodiert. Der Staat kommt kaum nach mit dem Bau neuer Strassen, Br√ºcken , Autobahnen, Flugpl√§tzen. Erz√§hlt man dort den Leuten, dass bei uns Strassen k√ºnstlich verengt werden und mit allen m√∂glichen Schikanen der Autoverkehr behindert wird, dann lachen sie uns aus. Elektroautos haben dort keine Chance, weil viel zu teuer. F√ºr jede Tonne CO2 die wir m√ºhsam sparen werden dort -zig Tonnen zus√§tzlich herausgelassen. Also brauchen wir uns kein Gewissen zu machen.","Sentiment(polarity=0.125, subjectivity=0.25)"
@Klarseher In S√ºdostasien ist nur der Pazifik; ein Blick auf die Koordinaten gen√ºgt.,"Sentiment(polarity=0.0, subjectivity=0.0)"
"Sorry. Leute welche st√§ndig Wochenendtrips machen, sollten gleich mehr bezahlen. Das hat garnichts miz Lifestyle zu tun und wenn man Mal auf Dubai will, tut man dies mindestens f√ºr eine bis zwei Wochen. Dubai f√ºr 2-3 Tage? Da habe ich kein Mitleid.","Sentiment(polarity=-0.2, subjectivity=0.0)"
"haha ballermann als argument? echt jetzt? aber so sehe ich die klimajugend. unsere natur und umwelt muss man sch√ºtzen, aber sorry, viermal zum ballermann fliegen muss sein. wie schizophren istdas denn?","Sentiment(polarity=0.33999999999999997, subjectivity=0.0)"
"@seppli27 Das ist eben nicht die Klimajugend, sondern wohlstandsverwahrloste Konsums√ºrmel.","Sentiment(polarity=0.0, subjectivity=0.0)"
"Genau gut-situierte Vielflieger sollen zuerst zur Kasse gebeten werden, anstatt dass Alle draufzahlen m√ºssen. Daf√ºr sollen pers√∂nliche Flugkontingente her welche bisherige Vielflieger ber√ºcksichtigt und Ihrer Meilensammlerei abrechnet. Dass sowas hier nicht m√∂glich ist, weil das zuviel Aufwand bedeuten w√ºrde und in Richtung √ñkokommunismus ginge, soll man an andere Mechanismen denken, welche den Flugverkehr bremsen. Das w√§re endlich vom Gedanken des Wirtschaftswachstums wegzukommen, Fluggesellschaften und Tourismus, √ñl, Fleisch und Zementindustrie nicht mit Subventionen f√∂rdern, sondern L√∂hne und Gewinne aus diesen Branchen mit 10% zu besteuern.","Sentiment(polarity=0.425, subjectivity=0.0)"
Die welt geht lange nach mir fl√∂ten. Von mir aus kann alles bleiben wie es soll. 5x nein ist in der Urne. Beziehungsweise 25x,"Sentiment(polarity=0.0, subjectivity=0.0)"
@Johannes78 nach mir die sinflutüí™üò†,"Sentiment(polarity=0.0, subjectivity=0.0)"
"je mehr vorschriften und geldsegen f√ºr den staat, desto mehr probleme und noch mehr beamtenstast und kontrolle. das volk wird ausgeblutet. nut 5x NEIN bringt die klima turbos zur vernunft. 5x NEIN!","Sentiment(polarity=0.0, subjectivity=0.25)"
Versteckte Erh√∂hung der Mineral√∂lsteuer. Autos brauchen weniger Treibstoff. Mehr Elektrofahrzeuge. Weniger Geld in der Bundeskasse. L√∂sung CO2 Gesetz und die Schweiz rettet die Welt!,"Sentiment(polarity=-0.13999999999999999, subjectivity=0.2)"
Jeder soll sich fragen wo kann ich etwas f√ºr die CO2 Reduktion beitragen. Wer Ballermann braucht... okay... dann halt. Aber 30 Fr mehr bezahlen geht nicht? Sich einsetzen f√ºr Klimaschutz aber mich bitte nicht belasten? Genau damit schadet Ihr dem Anliegen am meisten. Wir (50+) haben das ganze verbockt und sollten gerade stehen daf√ºr. Aber eine Klimasteuer f√ºr √§ltere Menschen gibts nicht. Und wer so oft rumfliegt kann sich nicht zur Klimajugend z√§hlen und bringt alles in Verruf was diese aufgebaut hat. Und danach wohl SVP w√§hlen und losjammern wenn alles um uns herum vor die Hunde geht... aber bei sich anfangen? Fehlanzeige.,"Sentiment(polarity=-0.25, subjectivity=0.0)"
Mit diesen Einstellungen und Argumenten kann man das Klima vergessen. Die alte Leier ‚ÄûWenn ich fliege macht das ja nicht so viel aus.‚Äú Fliegen ist der absolute Klima-Killer!,"Sentiment(polarity=-0.175, subjectivity=0.25)"
"Was f√ºr traurige konsumgeile Jugendliche. Fliegen ist kein Grundrecht sondern ein Luxusgut. es darf einfach nicht mehr sein, dass Fliegen so billig ist. Genau dadurch geht dieses Masslose weiter. 4x im Jahr in die USA? 4x zum Ballermann? Dann halt doppelt so lange dort bleiben und nur noch 2x im Jahr. Nochmals Fliegen ist kein Grundrecht sondern Luxus. Nicht jeder soll sich Luxus leisten k√∂nnen.","Sentiment(polarity=0.06296296296296296, subjectivity=0.037037037037037035)"
"auch wenn die ticketsbenzin teurer werden, geflogengefahren wird dann genau gleich viel, also √§ndern wird sich nichts nur dass der normal b√ºrger mehr um sein geld gemolken wird.","Sentiment(polarity=0.2333333333333333, subjectivity=0.6666666666666666)"
"Klima oder nicht, es gibt einfache zu viele Menschen auf dieser Erde.","Sentiment(polarity=0.0, subjectivity=1.0)"
"Aha, wider mal die ‚ÄûICH ICH ICH‚Äú FacebookInstagram Generation‚Ä¶","Sentiment(polarity=0.0, subjectivity=0.0)"
ich wohne in einem √ºber 200j√§hrigen bauernhaus im dorfkern. an der geb√§udeh√ºlle l√§sst sich nichts machen. das dach ist f√ºr solar nicht gut ausgerichtet. pellets m√ºssten platzbedingt 2x j√§hrlich anstelle von 1x mit √∂l geliefert werden. abgesehen davon bin ich altersbedingt bei den banken nicht mehr kreditw√ºrdig. somit ist f√ºr mich das gesetz gut gemeint aber schlecht gemacht,"Sentiment(polarity=-0.08333333333333333, subjectivity=0.16666666666666666)"
@Meine-Meinung oha da m√ºsste 2x im jahr pellets geliefert werden. Musst du sie denn selber 10km Weit tragen? Sieht etwas gesucht aus,"Sentiment(polarity=0.3333333333333333, subjectivity=0.0)"
"@Meine-Meinung Nun, vielleicht f√ºr Sie pers√∂nlich schlecht. Aber f√ºr die anderen? Nat√ºrlich m√ºsste ich auch mehr bezahlen. Aber wenn das auch nur ein wenig hilft, bin ich gerne bereit, noch mehr Abstriche zu machen. alles eine Frage der Einstellung und der Priorit√§ten.","Sentiment(polarity=-0.19499999999999998, subjectivity=0.1)"
"Mi mi mi mi ""ich will alles haben, aber nirgendwo auf etwas verzichten. Und so jammern wir, dass wir uns den Urlaub nicht mehr leisten k√∂nnen, wenn wir 30 oder 50 CHF mehr f√ºr das Fliegen bezahlen m√ºssen. Als ob es ein Menschenrecht auf's Fliegen g√§be. Fr√ºher galt wenn du dir etwas nicht leisten kannst, dann reduziere es, spare daf√ºr oder lass es.","Sentiment(polarity=-0.125, subjectivity=0.125)"
"Die ewig gleiche Platte Gross f√ºrs Klima sein, aber es darf ja nix kosten. Das ist pure Heuchelei!","Sentiment(polarity=0.35, subjectivity=0.0)"
Als √§lterer Nichtflieger wehre ich mich auch gegen dieses CO2-Gesetz. Es entspricht dem Ablasshandel aus dem Mittelalter.,"Sentiment(polarity=0.0, subjectivity=0.0)"
"HAHAHA die Welt retten wollen, aber auf nichts verzichten m√ºssen. Gerade die Kurzstreckenfl√ºge sollten doppelt oder dreimal so teuer werden. Nicht nur f√ºr den Klimaschutz, aber es kann nicht sein das ich mit dem Flugzeug g√ºnstiger nach z.B. Hamburg komme als mit dem Zug.","Sentiment(polarity=0.2333333333333333, subjectivity=0.0)"
Es geht nicht um junge oder alte Vielflieger. Das ganze Gesetz ist ein unversch√§mter Griff ins Portemonnaie aller Steuerzahler unter dem Deckmantel Klima. Packt endlich die richtigen Klimas√ºnder von Kreuzfahrtschiffen bis China.,"Sentiment(polarity=0.3333333333333333, subjectivity=0.0)"
"Falls jemand eine Definition f√ºr das Wort Hypokrit sucht, hilft dieser Artikel. Offenbar realisiert die Klimajugend langsam, dass Klimaschutz nur mit pers√∂nlichen Einschr√§nkungen funktioniert. Und das ist halt √§s bizeli unangenehm.","Sentiment(polarity=-0.5666666666666667, subjectivity=0.0)"
Lasst uns mal die pers√∂nliche CO2 Bilanz dieser Personen errechnen‚Ä¶.!,"Sentiment(polarity=0.0, subjectivity=0.0)"
@innerschwiizer 125 Erden bei mir und ich fahr sogar einen Kleinwagen und meine Flugferien 1x im Jahr. Man muss halt nicht gleich immer Markenklamotten kaufen und Schuhe halt mal l√§nger tragen als zum n√§chsten Trend. D,"Sentiment(polarity=-0.2333333333333333, subjectivity=0.0)"
"Typisch Mensch. Immer fordern, betrift es einem selbst ist man dagegen! Bei den Agrarinitiativen auch so, oder warum werden weniger als 11% Bio gekauft? Weil Bio etwas kostet!","Sentiment(polarity=-0.175, subjectivity=0.0)"
Ach - √ºberrascht das irgendjemanden ?? Sobald es eigene Einschr√§nkungen bedeutet ist das Klima nicht mehr so wichtig. Interessant sind die kreativen Begr√ºndungen oder besser Ausreden die aufgef√ºhrt werden.,"Sentiment(polarity=0.27499999999999997, subjectivity=0.0)"
"Dann gehts halt mit dem Auto durch Europa. Wird hald die arbeitende Bev√∂lkerung mehr gestresst, dank Verkehr, ist das besser? Man die Leute, vor allem die Jungen lange genug eingesperrt. Denkt ihr ernsthaft, dass die das mit sich weiter so machen lassen? Das Fliegen ist sehr g√ºnstig, aber nicht wegen dem Klima, sondern wegen dem billig Lohn und Wartungen werden bereits jetzt gestrichen. Wenn teurer, dann bitte aus den richtigen Motiven.","Sentiment(polarity=0.375, subjectivity=0.0)"
"@Dalia28 Meine Kinder kauften sich Interrail und fuhren mit √∂V durch Europa. Oder machten grosse Velotouren. Geschadet hat es ihnen nicht, im Gegenteil, sie havben keine so √ºberdrehte Anspr√ºche.","Sentiment(polarity=-0.2833333333333333, subjectivity=0.0)"
"Das einzig sinvolle ist es Wasserstoffmotoren zu bauen. Aber das merkt mann dann erst in 20-30 jahren wenn man merkt oder zugibt das die Heratellung von Baterien gleich sch√§dlich sind. Aber ja, hauptsach man macht ja etwas das die Leuge beruhigt sind","Sentiment(polarity=0.3333333333333333, subjectivity=0.0)"
"@Danieluwzwz Wasserstoff ist wenig effizient. Aber wenn Wasserstoff durch Energie√ºberschuss produziert wird, dann schon.","Sentiment(polarity=0.25, subjectivity=0.0)"
"Ja so ist das eben mit dem KlimaUmweltschutz, sobald es an die eigene Brieftasche geht ist fertig lustig. Die eingeschr√§nkte Reiset√§tigkeit hat aber gezeigt, dass es eben genau daran liegt. In vielen Regionen auf der Welt hat sich gezeigt, dass die touristische √úberlastung die Umwelt massiv sch√§digt und sich Fauna und Flora kurzfristig durch das wegbleiben der Touristen wieder erholen konnten.","Sentiment(polarity=0.3333333333333333, subjectivity=0.1111111111111111)"
"3.1% tr√§gt die Luftfahrt bei betreffend CO2 Ausstoss. Fliegen ist am Pranger, das zeigt doch wie wir manipuliert werden! Richtlinien wie weltweites Homeoffice und Heizen im Winter auf max. 22 Grad w√ºrden Billionen Mal mehr bringen als sich um die b√∂sen 3.1% zu k√ºmmern!","Sentiment(polarity=0.175, subjectivity=0.0)"
"Als ich in deren Alter war, war Fliegen teuer. Meine erste Flugreise konnte ich mir erst mit 24 leisten! Da hat auch keiner gemotzt, aber heutzutage geht es nur um einen selber und man kann bzw. will sich nicht einschr√§nken! Abgabe auf‚Äòs Fliegen ist absolut ok.","Sentiment(polarity=0.175, subjectivity=0.0)"
"So, so, der arme Robin muss zum Entspannen und Feiern nach Malle fliegen, um zu entspannen. Das kompensiert er durch M√ºlltrennung und ein paar Solarzellen auf dem Dach. Dazu dann noch jeden Tag Fleisch ? Billigklamotten von H&M eventuell auch noch? Ich f√ºrchte, dass wir das CO2 Gesetz eben wegen der Generation Party ganz dringend ben√∂tigen, um irgendwann auf einen gr√ºnen Zweig zu kommen.","Sentiment(polarity=0.16999999999999998, subjectivity=0.0)"
"typisch, genau f√ºr solche beispiele sollten insbesondere flugtickets teurer werden. f√ºrs klima streiken, aber x-mal mit dem flieger in die ferien fliegen.","Sentiment(polarity=0.0, subjectivity=0.0)"
@Spyy83 ich wette keiner von dehnen geht an die demos,"Sentiment(polarity=0.0, subjectivity=0.0)"
"@Spyy83 und du und die Genau dr√ºcker sind dann die ersten die motzen, wenn ihr das Ticket nicht mehr leisten k√∂nnt und motzt dann wieder √ºber die Reichen. Ab und zu sollte man vorher √ºberlegen und nicht erst im Nachhinein.","Sentiment(polarity=0.35, subjectivity=0.5)"
@Spyy83 DIES sind nicht Leute der Klimajugend die echt was tun. Ich kenne einige und was diese leisten beeindruckt mich. Diese Beispiele hier k√∂nnen nicht dazu gez√§hlt werden. Leider,"Sentiment(polarity=0.25, subjectivity=0.0)"
"@Dalia28 Also von mir aus k√∂nnte man die Flugpreise verdreifachen, ich w√ºrde nie motzen. Weil ich nicht fliege.","Sentiment(polarity=0.0, subjectivity=0.0)"
"Alle wollen Klimaschutz, aber ja nicht bei sich selbst anfangen!","Sentiment(polarity=0.0, subjectivity=0.0)"
"@Zuttre Also ich will keinen, da ich gute Artikel dar√ºber gelesen habe, dass 95% der CO2 Ausstosse vom Planeten selbst kommen ;)","Sentiment(polarity=1.0, subjectivity=0.0)"
@Dalia28 Vom Planeten ist relativ. Lies einmal die ernsthaften Artikel von der ETH oder UNIBE z.B. Weiterbildung hilft.,"Sentiment(polarity=0.35, subjectivity=0.0)"
"Man ist immer so lange f√ºr die Umwelt, solange das eigene Portemonnaie nicht belastet wird. Die andern sollen... Und das Sch√∂nreden ist ja der Hammer. Fakt ist, alles l√§uft √ºber das Geld undnur wenns svhmerzt, wird der Kopf eingeschaltet, was die Argumnte der hier Jungen unterstreicht, sie k√∂nnen es sich nicht mehr leisten, heisst, erf√ºllt und Ziel erreicht. Deshalb 5x Ja..","Sentiment(polarity=-0.125, subjectivity=0.25)"
Klimaschutz und Vielfliegerei passt nicht zusammen!!! F√ºr etwas m√ºsst ihr euch entscheiden!!ü§∑üèª‚Äç‚ôÄÔ∏è,"Sentiment(polarity=0.0, subjectivity=0.0)"
Ich verstehe nur Ich kann nicht mehr 4-5 Mal im Jahr in die Ferien fliegen mimimimi... Weil 120.- mehr kostet? Come on! Ferien sind Luxus und kein Grundbed√ºrfnis. Entweder ihr k√∂nnt es euch leisten oder ihr sucht euch ein anderes Hobby. Fr√ºher war Fliegen viel teuerer.,"Sentiment(polarity=0.0, subjectivity=0.4)"
@Stirling Ferien sind ein Grundrecht. ABER In die Ferien fliegen nicht! Das ist der Unterschied!,"Sentiment(polarity=0.0, subjectivity=0.0)"
