"Der Artikel enth√§lt einen Fehler Mieteinnahmen, Zinsertr√§ge und Dividenden werden heute gleich wie √ºbriges Einkommen versteuert. Nur wer 10% der Aktien an einem Unternehmen hat (typischerweise sind das KMU-Patrons) kommt er in den Genuss einer privilegierten Besteuerung (je nach Kanton, mind. aber 50%)","Sentiment(polarity=0.0, subjectivity=0.0)"
Das betrifft genau die mit kleinen L√∂hne. Diese bezahlen wieder mehr Hauszienz ect. Diese Abstimmung schadet nur denen die jeden Monat den Franken drehen m√ºssen und am Ende noch noch den Job verlieren wegen dieser jdee von der SP. Nur ein nein kann richtig sein.,"Sentiment(polarity=-0.08750000000000002, subjectivity=0.125)"
"Bevor man etwas zum Anlegen hat, muss man erst hart arbeiten und lange sparen. Und die Steuern sind l√§ngst bezahlt. Da hat man das Recht auch mal etwas ohne Schweiss zu verdienen. Und nicht jeder hat das Recht sich daran zu beteiligen.","Sentiment(polarity=0.5, subjectivity=0.0)"
"Der Titel dieser Abstimmung ist wieder einmal so verlogen, und suggeriert etwas ganz anderes als erreicht werden soll. Die Linken werden immer mehr zur Gefahr f√ºr den Wohlstand dieses Landes.","Sentiment(polarity=-0.175, subjectivity=0.25)"
@UeliP. Evtl. die Zeilen selbst als nur zwischen den Zeilen lesen.,"Sentiment(polarity=0.0, subjectivity=0.0)"
"Ich habe normalerweise mit den hyperventilierenden links-gr√ºnen Parteien, die Gendern als Rettung vor dem Weltuntergang betrachten, nichts am Hut. Aber diese Initiative unterst√ºtze ich. ""Faule"" Ertr√§ge aus Kapital tiefer zu besteuern als ""harte"" Ertr√§ge aus Arbeit ist komplett daneben, die Initiative w√ºrde diese Ungerechtigkeit endlich beenden. Und dies sage ich als Wohnungseigent√ºmer und Vermieter, der nach Annahme der Initiative mehr Steuern bezahlen m√ºsste!","Sentiment(polarity=-0.07500000000000001, subjectivity=0.0)"
"Ich kann die negative Einstellung nicht ganz nachvollziehe, evt. kann mir das jemand erkl√§ren? Ich gehe davon aus, dass ein Bruchteil der Bev√∂lkerung j√§hrlich √ºber CHF 100'000.00 Kapitaleink√ºnfte hat. Daher w√§re es f√ºr den Grossteil sinnvoll, diese Initiative anzunehmen? Zudem ist es doch Fakt, dass die Reichsten immer und immer reicher werden - w√§re es da also nicht sinnvoll, dass Geld umzuverteilen? Soviel ich weiss ist ein wesenlticher Aspekt des Kapitalismus, dass die Reichen zunehmend verm√∂gender und die armen √§rmer werden? Einige Antworten f√ºr mein Verst√§ndnis w√ºrden mich freuen!","Sentiment(polarity=0.2785714285714286, subjectivity=0.0)"
"Schaut euch die Welt an ,die Gier der Reichsten auf das Geld steigt ins Unermessliche! Es ist nicht nur das Geld ,sondern die dazugeh√∂rige Macht, die mir Sorgen macht. Die Initiative sicher zu extrem aber wenigstens einen Ansatz ,den so kann es nicht weiter gehen.","Sentiment(polarity=0.4666666666666666, subjectivity=0.0)"
"Fixt das Geldsystem indem es wieder knapp ist (z.b. durch Gold- oder Bitcoin-Deckung), danach schaut zu, wie sich ein Problem nach dem anderen l√∂st...","Sentiment(polarity=0.0, subjectivity=0.0)"
"Die SVP-W√§hler verstehen mal wieder das Konzept nicht. Bitte macht uns normalen Leuten einen Gefallen Versucht (!) doch einmal in eurem Leben ein bisschen zu denken und am Leben teilzunehmen,","Sentiment(polarity=0.2333333333333333, subjectivity=0.0)"
"@FelineX Es spielt nicht mal eine Rolle ob man selbst mehr Zahlen m√ºsste oder nicht. Sobald etwas Geld kostet, wird es grunds√§tzlich abgelehnt. Selbst wenn 99% davon profitieren w√ºrden und nur das reichste 1% etwas zahlen muss. SVP(ler) halt. Das Reiche wegziehen und Jobs fehlen w√ºrden ist die typische ewiggestrige b√ºrgerliche Angstmacherei welche uns seit Jahren von gesellschaftlichem Fortschritt bewahrt.","Sentiment(polarity=0.13999999999999999, subjectivity=0.2)"
"Zitat Ueli Maurer ... ¬´denn wir wollen Kapital, wir wollen Arbeitspl√§tze¬ª Immer diese typische Angstverbreitung! Unglaublich! - Klar wir wollen alle Arbeiten! Dann gebt uns Arbeit! Aber zu anst√§ndigen L√∂hnen und nicht nur bis zum 50. Altersjahr! Wer will schon zu einem Hungerslohn das ganze Leben lang arbeiten und dann noch mit gek√ºrzter Rente und reduziertem PK Umwandlungssatz das Rest-Leben in der Pensionierung (sofern man das Pensionsalter noch erreicht, bevor es um weitere Jahre erh√∂ht wird) verbringen!","Sentiment(polarity=0.2833333333333333, subjectivity=0.0)"
"Die Reichen werden einen Weg finden, diese Steuer zu umgehen, sei es mit Auswandern. Am Schluss haben wir nur noch sozial Schwache und Sozialhilfeempf√§nger in der CH, weil alle anderen √ºbelst ausgenommen werden. Ist das das Ziel der Juso?","Sentiment(polarity=0.4666666666666666, subjectivity=0.0)"
mein JA habt ihr,"Sentiment(polarity=0.0, subjectivity=0.0)"
"Immer will man das Geld von den reichen einkassieren. Das Geld, welches ich anlege habe ich selbst verdient und in diesem Sinne bereits versteuert! Jeder kann Geld anlegen, im Kleinen oder im Grossen. Das Risiko ist meine private Sache. Oder wird mir dann was gutgeschrieben wenn ich Verlust mache? Wohl kaum. Genau so wenig bin ich bereit mein Geld welches ich selber angelegt habe noch mehr versteuern zu lassen.","Sentiment(polarity=0.0, subjectivity=0.2857142857142857)"
"Juso hat sich zum Ziel gemacht, das Geld der anderen zu verteilen. Das geht auf die Dauer nicht. Versucht mal, selber was zu arbeiten, damit Ihr Eurer Leben selber bezahlen k√∂nnt.","Sentiment(polarity=-0.3333333333333333, subjectivity=0.0)"
"Warum werden soviele hier ""nein"" stimmen? 99,9999% von euch werden nie und nimmer zu den 1% Reichen geh√∂ren. Und auch wenn, dann k√∂nnt ihr euch die Mehrabgabe locker leisten. Ich verdiene doppelt soviel wie der schweizer Durchschnitt und ich werde JA stimmen, denn die Initiative wird mich sicherlich nicht treffen.","Sentiment(polarity=0.175, subjectivity=0.0)"
liebe Juso...geht arbeiten und √ºberlast das Politisieren den Erwachsenen..,"Sentiment(polarity=1.0, subjectivity=0.0)"
"Feststellung Viele verstehen die Besteuerung falsch (ging mir auch so bis ich den Initiativtext gelesen habe, Vorurteile gegen Juso-Initativen halt...) Ziel ist folgendes Der aktuelle Steuersatz auf Dividenden ist 100% (des kantonalen Steuersatzes, z.B. 3%). Die Initiative will dies f√ºr Dividendeneink√ºnfte > 100kCHF auf 150% setzen. Heisst, wenn ich also Aktien der Firma A habe und Dividenden im Ausmass von CHF 200k erhalte, bezahle ich darauf 3% (6000 CHF) Steuern, wenn die Initiative angenommen w√ºrde, w√§ren es 3% auf 100k und 4.5% auf die n√§chsten 100k, also 7500 CHF. Niemand der mehr als 100k gespart hat oder einen h√∂heren Lohn wird auch nur einen Rappen extra bezahlen, solche Dividenden erforden bereits ein Aktienportfolio von mehreren Millionen. Das wird von den kommentierenden hier kaum einer haben.","Sentiment(polarity=-0.33999999999999997, subjectivity=0.4)"
"@Badener Bei den meisten hier ist die Meinung halt schon gemacht als Sie Juso gelesen haben. Sind wahrscheinlich dieselben welche sich nicht Impfen lassen und sich dar√ºber beschweren, dass viele Menschen welche sich impfen liessen, teilweise negative Meinungen √ºber solche Leute pflegen. Ich verstehe die Ablehnung ebenfalls nicht und die 100k stehen nicht im Initiativtext sondern waren nur ein erster Vorschlag.","Sentiment(polarity=-0.03333333333333334, subjectivity=0.1111111111111111)"
@Alu-Baba Genau wie die Ablehnung wenn SVP Vorschl√§ge machen.,"Sentiment(polarity=0.0, subjectivity=0.0)"
Hat der SP-Schulleiter aus Z√ºrich seine Abgangsentsch√§digung eigentlich zur√ºckbezahlt?,"Sentiment(polarity=0.0, subjectivity=0.0)"
"@Taner Wer von der SP ein Abzocker ist, ist ein gerechter Abzocker. Nur die anderen haben KEINE Moral.","Sentiment(polarity=0.0, subjectivity=0.0)"
Falls Dividenden h√∂her besteuert werden sie halt einfach nicht mehr ausbezahlt. Kursgewinne sind steuerfrei..,"Sentiment(polarity=0.175, subjectivity=0.25)"
"@Breitwienix Selbes hab ich mir auch gedacht, dass wird so nie funktionieren. Neid ohne √∂konomisches Verst√§ndnis √ºber die wirklichen Folgen, w√§re das Ergebnis wirklich positiv , war noch nie ein guter Ratgeber. Dann kauft man einfach Aktien die keine Dividende bezahlen und dieses Geld reinvestieren. Und da g√§be es noch unz√§hlige M√∂glichkeiten mehr, diese Steuer zu vermeiden. Wie bei der KVI, es z√§hlt nicht allein die ""bessere"" Moral, sondern welches Ergebnis am Ende steht. Dies w√§re der n√§chste Schuss ins eigen Knie.","Sentiment(polarity=0.16944444444444443, subjectivity=0.16666666666666666)"
"Es kommt nicht oft vor, dass ich JUSO-Ideen unterst√ºtze, doch dieses Mal erhalten sie mein klares JA daf√ºr. All diese B√∂rsen-, Immobilien- und sonstigen Spe(c)kulanten werden immer reicher und gieriger, w√§hrend dem der untere Mittelstand verarmt. Nat√ºrlich ist das Parlament (fast) geschlossen dagegen, weil sie ebenfalls zu den Absahnern geh√∂ren.","Sentiment(polarity=0.2333333333333333, subjectivity=0.0)"
@masquerade Sie unterst√ºtzen die Juso immer !,"Sentiment(polarity=0.7, subjectivity=0.0)"
"Die Kommentare machen deutlich, dass das Gros den Inhalt nicht verstanden hat.","Sentiment(polarity=0.0, subjectivity=0.0)"
JuSo Jung SOZIALISTEN und eine weitere kommunistische Umverteilungsidee. Umverteilung vom wertsch√∂pfenden Mittelstand zur konsumierenden und √ºberbordenden Sozialindustrie.,"Sentiment(polarity=0.5, subjectivity=0.0)"
Lieber Steurn runter f√ºr die einfachen Leute und daf√ºr einen schlankeren Staat. Aber das begreifen die Linken nie. Mein NEIN ist sicher.,"Sentiment(polarity=0.2833333333333333, subjectivity=0.0)"
"Man sollte diesen jungen Menschen, eine sinnvolle Arbeit zuweisen. So das Sie bereits am Mittag √ºberm√ºdet sind.","Sentiment(polarity=0.5, subjectivity=0.0)"
@Tino1991 Was f√ºr eine denn ?,"Sentiment(polarity=0.0, subjectivity=0.0)"
"Zitat ‚ÄûWer von seinem Verm√∂gen lebt, soll mehr Steuern zahlen als jene, die jeden Tag aufstehen und arbeiten gehen.‚Äú - Das klingt doch v√∂llig logisch, menschlich und fair. Es w√ºrde mich brennend interessieren, aus welchen Gr√ºnden man da nur dagegen sein soll? Die meisten Menschen scheinen noch immer die Hoffnung zu haben, eines Tages zu den 1% zu geh√∂ren. Man wird nicht reich durch harte Arbeit oder wann hat jemand zuletzt einen reichen Bauarbeiter gesehen?","Sentiment(polarity=0.3770833333333333, subjectivity=0.0)"
"@Alu-Baba .... richtig, durch harte arbeit kann man nicht reich werden, sondern nur das leben verk√ºrtzen","Sentiment(polarity=0.85, subjectivity=0.0)"
"@Alu-Baba ja bringt nichts wenn man erst mit 20 Jahren sich m√ºhe gibt. H√§tten sie doch nur mehr hart geb√ºffelt, wie die sogenannten ,,Streber‚Äò‚Äò, m√ºssten sie jetzt nicht √ºber sie herziehen.","Sentiment(polarity=0.0, subjectivity=0.0)"
"@Alu-Baba In Franken gerechnet zahlen die Reichen schon viel mehr Steuern als Sie denken. Diese Prozentrechnerei schafft nur Verwirrung und Spaltung. 1 Prozent von einer Million sind CHF 10'000.00. 1 Prozent von 8000 sind CHF 80.00. Ohne die Reichen w√ºrde unser Sozialsystem nicht funktionieren. Also, provoziert bitte die Reichen nicht, sonst gehen Sie ins Ausland. Das will ja die SP Die Schweiz verarmen lassen, damit die SP mehr Macht hat √ºber die Gesellschaft. Denn arme Leute kann man leichter steuern. Ein sich einschleichender Kommunismus ist hier in der Schweiz nicht mehrheitsf√§hig. Also, √ºberlegen bevor man schreibt, Alu-Baba. Ich bin √ºbrigens nicht reich, habe aber trotzdem lieber ein direktdemokratisches kapitalistisches System, als ein Kommunistisches.","Sentiment(polarity=-0.04772727272727272, subjectivity=0.045454545454545456)"
"@Sipli Verh√§ltnism√§ssigkeit und Realit√§tssinn scheinen nicht Ihre St√§rken zu sein. Bei einer Million bleiben mit 990'000 immer noch fast eine Million √ºbrig, der Million√§r bleibt Million√§r und wird im n√§chsten Jahr, ohne einen Finger krumm gemacht zu haben, 1,5 Mal mehr Verm√∂gen haben. Bei demjenigen der 80.- bezahlt, wird im n√§chsten Jahr weniger bezahlen m√ºssen, weil er einen Teil seiner Anlage ver√§ussern musste, um andere Lebenshaltungskosten damit finanzieren zu k√∂nnen. Ist bei Ihnen nun der Groschen gefallen?","Sentiment(polarity=-0.25, subjectivity=0.25)"
"Die Antworten der Meisten √ºberrascht mich hier. Ist es den B√ºrgerlichen so egal, dass die 1% der reichsten bald das halbe Land besitzen? Klingeln da nirgends die Alarmglocken? 99% der Leute m√ºssen doch nicht Angst um das Geld der Superreichen haben, oder? Ich finde es stossend, dass Kapitalgewinne zu einem geringeren Prozentsatz besteuert werden als Lohn aus Arbeit. W√ºrden wir h√∂here Kapitalgewinn- oder Transaktionssteuern erheben, h√§tten wir l√§ngst unsere Infrastruktur- oder AHV- L√∂cher gestopft. Wahrscheinlich ist die Ablehnung so hoch, weil auch der hinterletzte Tschumpel denkt, dass er noch Milliard√§r wird und seine Aktie beim Dorfk√§ser davon betroffen sein k√∂nnte. Dabei betrifft diese Initiative nur eine kleine, aber √§usserst wohlhabende Gruppe. Bitte denkt daran, liebe Schweizer, lasst euch nicht blenden von UM und der Finanzindustrie.","Sentiment(polarity=0.23888888888888887, subjectivity=0.0)"
"Wenn die Schere zwischen arm und reich immer gr√∂sser wird, dann braucht es eben solche Hammer-Forderungen. Die reiche Elite soll endlich mal wach ger√ºttelt werden und entweder anst√§ndige und sehr, sehr viel h√∂here L√∂hne bezahlen oder dann ihren Obolus zum Gemeinwohl abgeben. Das Leben besteht nicht nur aus Nehmen, es braucht auch das Geben! Die Reichen, die das nicht checken, m√ºssen sich nicht wundern, wenn es auf anderem Weg eingefordert wird. - Sonst bin ich ja nicht so, aber in diesem Punkt unterst√ºtze ich die Forderungen der JUSO. - Weiter so!","Sentiment(polarity=-0.04166666666666668, subjectivity=0.05555555555555555)"
"Typisch f√ºr die Jungsozialisten, die keine Ahnung vom Alltagsleben haben. ""Arbeiten sollen die andern, wir lassen uns aushalten"" ... bis +30 zuhause bei Mama wohnen und Kunstgeschichte studieren. Aber Anspr√ºche haben wie die Grossen! Geht so nicht.","Sentiment(polarity=0.175, subjectivity=0.0)"
"Die Linke will immer mehr besteuern und immer mehr davon profitieren. Ein Blick in den Nationalrat best√§tigt schaut mal wie viele Linke beim Staat angestellt sind oder sonst wie F√∂rdergelder beziehen. Immer fordern, wenig beitragen!","Sentiment(polarity=0.11666666666666665, subjectivity=0.8333333333333334)"
"Ja, klar f√ºr den √ñV sorry aber der wird schon genug subventioniert. Da fliesen schon die ganzen Parkplatzgelder hin, sehe nicht ein das der Vorstand noch mehr bekommt,zudem kommt noch das die Superreichen die Schweiz verlassen k√∂nnen denn sie sind nicht angewiesen auf uns, zum Schluss kommt eine kleine enderung und schon darf der Mittelstand daf√ºr aufkommen. Wie w√§re es mal mit sparen und nicht immer so viel ins Ausland zu verschenken, statt immer mehr zu verlangen, genug ist genug die Politik die momentan gebracht wird kostet und schadet nur der Bev√∂lkerung wird mal zeit das sich dort oben was endert und nicht mit Erh√∂hungen noch mehr in die Armut st√ºrzen zu lassen.","Sentiment(polarity=0.13809523809523808, subjectivity=0.30952380952380953)"
JUSO Geht einfach nur arbeiten und macht was sinnvolles!,"Sentiment(polarity=0.7, subjectivity=0.0)"
"@Stony70 Obwohl ich bin zwar kein Juso W√§hler aber ich finde es gut, dass Menschen versuchen die Gesellschaft zu verbessern (auch wenn man nicht immer einer Meinung ist). Das schlimmste sind meiner Meinung nach die ganzen Nichtw√§hler.","Sentiment(polarity=0.425, subjectivity=0.0)"
@Stony70 das werden wir nie erleben‚Ä¶ die sind f√ºr nichts zu gebrauchen,"Sentiment(polarity=0.0, subjectivity=0.0)"
"@Stony70  Woher weisst du, dass sie nicht arbeiten?","Sentiment(polarity=0.0, subjectivity=0.0)"
"@Nexa k√∂nnen sie mir bitte etwas gutes das von der juso kam nennen? ich sehe immer nur extreme ressourcen und geld verschwendung mit den initiativen die eh nicht angenommen werden, da sie viel zu extrem sind.... aber klar, macht weiter so und es werden immer wie mehr alles ablehnen das aus ihren m√§ulern kommt, da man sie nicht mehr f√ºr ganz nimmt","Sentiment(polarity=0.5, subjectivity=0.3333333333333333)"
"@Nexa Die Juso will die Gesellschaft nicht verbessern. Das sind alles junge Machtmenschen, die nur auf Ihre eigene Karriere achten.","Sentiment(polarity=0.325, subjectivity=0.0)"
"@Stony70 Einfach in den Roboter-Modus und machen was die Schweiz schon seit 100 Jahren macht? Finde ich nicht. ""Macht etwas sinnvolles"" lese ich andauernd. Schonmal dar√ºber nachgedacht, dass sie bereits Sinnvolles machen;)? Aber klar, wenn Herr K√∂ppel, Herr Glarner und Frau Blocher sagen, dass das v√∂lliger Unsinn ist, das muss das wohl stimmen....","Sentiment(polarity=0.33999999999999997, subjectivity=0.0)"
Geh mal arbeiten jsnsen als so stumpfsinnige initative zu lancieren.Die jansen muss sich immer wichtig machen dabri gehen alle ihre initiativen das loch ab!,"Sentiment(polarity=-0.15000000000000002, subjectivity=0.0)"
Ein Kommentar ist eigentlich √ºberfl√ºssig. Jusos und Linke geht arbeiten oder liegt ihr noch im warmen Nest? 0600 ist es gewesen.,"Sentiment(polarity=0.0, subjectivity=0.0)"
Ich denke die Juso's sollten es auch einmal mit regul√§rer Arbeit versuchen. Gilt auch f√ºr die Linken.,"Sentiment(polarity=0.15000000000000002, subjectivity=0.0)"
@Opa01 Wir Linken gehen ja arbeiten. Wer meinst du wer die ganzen Rechten subventioniert? Ausserdem muss ja auch jemand die SVP-W√§hler auf den Sozial√§mtern und in den gesch√ºtzten Einrichtungen betreuen.,"Sentiment(polarity=-0.2333333333333333, subjectivity=0.0)"
Lasst doch einfach die JUSO noch bis zum 26. September tr√§umen - dann wird das Volk klar entscheiden und eine weitere Initiative dieser Art wird mit mindestens zwei Dritteln abgelehnt.,"Sentiment(polarity=0.85, subjectivity=0.0)"
"Also wenn man die 300 Reichsten in der Schweiz st√§rker besteuern will, ist die Grenze von 100'000 aber sehr tief! Das soll glauben wer will, dass diese Initiative nur das reichste 1 Prozent treffen soll!","Sentiment(polarity=0.0, subjectivity=0.0)"
Faszinierend wie viele Menschen das Gef√ºhl haben sie w√ºrden eines Tages ausschliesslich mit Sparen zu den 1% geh√∂ren.,"Sentiment(polarity=0.35, subjectivity=0.5)"
"JUSO, Rot-Gr√ºn, Links & Konsortien = nee, nee, never ever!!!","Sentiment(polarity=0.0, subjectivity=0.0)"
Hi Jusos gr√ºndet eure eigene Firma und verteilt die Gewinne an alle. So einfach ist es ja angeblich,"Sentiment(polarity=-0.07500000000000001, subjectivity=0.0)"
Juso geht gar nicht.,"Sentiment(polarity=0.0, subjectivity=0.8)"
"Liebe Jusos. Wie w√§re es, wenn ihr endlich mal einen Beitrag in Form von Wertsch√∂pfung der Gesellschaft zukommen lassen w√ºrdet und nicht bei irgendwelchen staatsfinanzierten NGOs Kaffee trinken und √ºber die ungerechte Welt monieren w√ºrdet. Wetten, ihr bekommt auf einmal einen ganz anderen Blick darauf, was der Begriff ""Arbeit"" heisst. Liebe Gr√ºsse, ein bodenst√§ndiger Unternehmer.","Sentiment(polarity=0.25, subjectivity=0.0)"
"@SherlockHolmes Arbeit ist gut und recht, sofern die dazugeh√∂renden Steuern f√ºr ALLE entsprechend ihrer ""Wertsch√∂pfung"" - wie Sie's nennen - gelten. Nur allzuoft erhalten Reiche und Superreiche noch entsprechende Steuergeschenkli, von denen der Normalverdiener nur tr√§umen kann. Abgesehen von den immer mehr steigenden, durchschnittlichen Lebenshaltungskosten.","Sentiment(polarity=0.2833333333333333, subjectivity=0.3333333333333333)"
"Die Freigrenze ist so hoch angesetzt, dass nur wenige Leute mehr belastet werden. Viele der Nein-Sager werden bei einem Ja gar nie mehr Steuern bezahlen m√ºssen! Ich bin auch Aktienbesitzer und kassiere ziemlich Dividenden. Ich r√ºhre daf√ºr keinen Finger sondern schaue nur im Wirtschaftsteil wie sich das Ganze entwickelt. Am Ende zahle ich f√ºr mein so erzieltes Einkommen wesentlich weniger Steuern als die Arbeitenden auf dem Bau, im Spital, in der Migros usw.. Ehrlich und objektiv betrachtet, ist das ungerecht. Darum werde ich ein klares ""JA"" in die Urne legen.","Sentiment(polarity=-0.0961309523809524, subjectivity=0.11190476190476191)"
"@HelgaLand sie erz√§hlen schon eher viel quatsch am st√ºck. zb kk wird auch teurer da ihr kapital in die jusosteuer f√§llt. ergo kk pr√§mie steigt. steigerung wird abgefedert. pr√§mie sinkt. im gegenzug kann man in der steuererkl√§rung weniger kk pr√§mie abziehen. keine abz√ºge heisst h√∂here steuerlast. im klartext heisst das, dass jeder b√ºrger mit lohnsteuern noch drauf zahlt obwohl angeblich was zur√ºckkommt. die rechnung geht nicht auf.üò°","Sentiment(polarity=-0.1111111111111111, subjectivity=0.1111111111111111)"
@HelgaLand Ironie ist anders.,"Sentiment(polarity=-1.0, subjectivity=0.0)"
"@HelgaLand Als aktiver Investor und Trader kann ich mit Garantie sagen, dass Sie entweder keine Aktien besitzen oder diese sicher nicht selbst verwalten. Man schaut nicht einfach schnell in den Wirtschaftsteil und macht 10% pro Jahr auf sein Verm√∂gen (sonst w√§ren wir alle Million√§re). Aktien k√∂nnen entgegen der Meinung der Juso auch sinken. Wenn der Kurs der Aktie um 10% sinkt, n√ºtzt mir meine 4% Dividende (was sehr hoch w√§re) auch nicht viel.","Sentiment(polarity=0.2125, subjectivity=0.125)"
@HelgaLand Und wie kalkulieren sie das Risiko des Aktienverlustes? Dann sollen Verluste von Einkommen abziehbar sein? Mann kann ja nicht nur vom Gewinn was nehmen aber den Verlust ignorieren.,"Sentiment(polarity=-0.2333333333333333, subjectivity=0.0)"
"@HelgaLand Die Aussage, dass Sie auf Dividenden weniger Steuern zahlen, als auf Arbeitseinkommen, ist schlicht und ergreifend falsch. Sie bezahlen haargenau gleich viel Einkommenssteuern wie auf Arbeitseinkommen. Auch im Bericht wird das falschdargestellt. lediglich wenn Sie mehr als 10% eine Firma besitzen, werden Dividenden tiefer besteuert. Das betrifft in der Schweiz meistens KMU Inhaber. Der Grund daf√ºr ist, dass bevor Dividenden ausbezahlt werden, ja bereits der Gewinn der Firma versteuert wurde und so die Doppelbesteuerung, vor allem f√ºr Kleinunternehmen, gemildert werden soll.","Sentiment(polarity=-0.13888888888888887, subjectivity=0.25)"
"@HelgaLand Einkommen aus Dividenden werden nur reduziert besteuert, wenn man mind. 10% aller Anteile h√§lt. Schwer zu glauben, dass Du an verschiedenen - offensichtlich b√∂rsenkotierten - Gesellschaften jeweils mindestens 10% h√§ltst. Wenn es aber weniger sein sollte, dann bezahlst Du auf diesen Einkommen genau gleich viel wie der B√ºezer auf dem Bau. Im √ºbrigen ist nirgendwo die Rede davon, dass gewisse Personen ""dank"" der Initiative gar nicht mehr besteuert werden. So ein kleines bisschen Plausibilit√§t h√§tte Deinem Beitrag schon gut getan!","Sentiment(polarity=-0.025000000000000005, subjectivity=0.31666666666666665)"
"@HelgaLand Ich glaube Ihnen nicht, dass Sie Aktien besitzen. Die Nein-Sager sind nicht dumm, die wissen, dass diese Initiative sie nicht direkt betrifft. Es geht um den Wirtschaftsstandort Schweiz. Ohne die Reichen k√∂nnen unsere Sozialwerke gar nicht bezahlt werden. Die Reichen bezahlen in Franken gerechnet viel mehr an Steuern als der Mittelstand. Darum ein ganz klares Nein zur schleichenden Einf√ºhrung des Kommunismus.","Sentiment(polarity=-0.08750000000000001, subjectivity=0.044444444444444446)"
"@HelgaLand und das Risiko mit Aktien und Investiment ist inbegriffen? Siete Jahr 1929 und 2008. Viele Investoren sind "" Dalle stelle alle stalle "" gegangen. Es wird sicher wieder in Zukunft ein Neuer Crash geben.","Sentiment(polarity=0.175, subjectivity=0.25)"
"Die verschwenderischen Juso wollen mal wieder die Sparsamen Menschen bestrafen! Die meisten Juso leben vom Staat und generieren keine Wertsch√∂pfung! Sie geben das Geld lieber f√ºr Ferien, Sorry Bildungsreisen oder im Ausgang, Sorry soziale Kommunikation sus, statt zu sparen und so zu Reichtum zu kommen! Hatte das letzte mal 1999 mehr als 1 Woche Ferien pro Jahr und genau uns wollen diese Juso Ferientechniker und von der √∂ffentlichen Hand lebende uns arbeitende bestrafen! Diese angehenden Akademiker wissen gar nicht was arbeiten heisst!","Sentiment(polarity=-0.16, subjectivity=0.26)"
"@BigBerg Sie m√ºssen nicht ‚Äûsorry‚Äú sage, ist doch alles wahr‚Ä¶","Sentiment(polarity=0.0, subjectivity=0.0)"
"@BigBerg Sie m√ºssen nicht ‚Äûsorry‚Äú sage, ist doch alles wahr‚Ä¶","Sentiment(polarity=0.0, subjectivity=0.0)"
"@BigBerg, prima, ich g√∂nne es Ihnen, BigBerg, dass Sie aus Ihren Aktien- und Immobilienanlagen √ºber 100'000 Dividenden etc im Jahr erhalten, ohne einen Finger zu kr√ºmmen. Wenn es weniger ist, wird Ihnen auch nichts weggenommen.","Sentiment(polarity=0.0, subjectivity=0.0)"
"@BigBerg Manchmal ist es unfassbar wieviele Vorurteile und Unsinn einige Menschen in ein Kommentar packen k√∂nnen. Es geht hier nicht um sparsame Menschen, es geht um Leute die heute schon ihr nur noch ihr Geld arbeiten lassen und darauf wesentlich weniger Steuern zahlen als die arbeitende Bev√∂lkerung. Ihr Vermieter zum Beispiel, hatte vieleicht das Gl√ºck vor 30 Jahren auf g√ºnstigen oder vererbtem Land zu bauen und lebt heute davon, dass er sie mit einer hohen Miete jeden Monat schr√∂pfen kann und daf√ºr bezahlt er im Vergleich zu ihnen wesentlich weniger Steuern.","Sentiment(polarity=-0.1111111111111111, subjectivity=0.0)"
@BigBerg  Du anscheinend auch nicht...,"Sentiment(polarity=0.0, subjectivity=0.0)"
"@BigBerg und du glaubst, dass du irgendwann ein Aktienportfolio von mehreren Millionen hast und deshalb von der Initiative betroffen w√§rst? Ich bin ja auch kein Fan der Juso, aber das hier schadet keinem einzigen normalem Arbeiter","Sentiment(polarity=-0.425, subjectivity=0.0)"
"ok.Was hat die werte dame mit ihren bald 27 Jahren bis jetzt erwirtschaftet oder generiert?? Ach ja,Studentin und bei der Juso.","Sentiment(polarity=0.0, subjectivity=0.0)"
"@m√§rtl76 die Frage ist wohl eher wieviel sie jemals Steuern bezahlt hat (oder jemals bezahlen wird)‚Ä¶, wird sich wahrscheinlich auch nicht dramatisch √§ndern wenn sie 50zig ist!!! Aber dann mit 65 der Allgemeinheit auf dem Portmonee liegen‚Ä¶","Sentiment(polarity=-0.38125000000000003, subjectivity=0.0)"
"Kapitaleink√ºnfte >100'000 ? Also, das bedeutet zum Beispiel, dass ich ~2.8 Mio CHF in Aktien eines Basler Multis investiert habe, um eine solche Dividende zu erhalten. Ist schon ne Menge Geld. Neben den Investitionen in Familie, Eigenheim etc. Mit einem ""normalen"" Lohn geht das nicht. Traurig ist, dass Gesetze immer der Realit√§t hinterherhinken und die Superreichen genug Geld f√ºr Spezialisten haben, die wissen, wie man die Gesetze umgehen kann. Traurig ist auch, dass viele Leute meinen sie w√ºrden es schaffen, einen solchen Reichtum anzuh√§ufen und ihnen dann etwas weggenommen wird, falls sie es den schaffen.","Sentiment(polarity=0.007142857142857133, subjectivity=0.07142857142857142)"
@DrMichi Es heisst das 280'000 Schweizer √ºber die PK 10.- investiert haben. Das geht sehr wohl.,"Sentiment(polarity=0.0, subjectivity=0.0)"
"@DrMichi Wunderbar das es auch no ein anderer so sieht. Diese Newsseite ist voll von Leuten die alle daran glauben irgendwann im Lotto zu gewinnen und somit von der 99% Initiative betroffen zu sein. Die Chance das nur einer davon im Lotte gewinnt ist verschwindend klein, aber nun ja die Hoffnung stirbt ja bekanntlich zuletzt und lieber vorauschauend schon mal Nein stimmen, es k√∂nnte einen ja betreffen.","Sentiment(polarity=1.0, subjectivity=0.0)"
Wieso spekulieren die Juso nicht an der B√∂rse wenn man da so einfach Geld abholen kann?,"Sentiment(polarity=0.7, subjectivity=0.0)"
Geld arbeitet nicht. Juso auch nicht.,"Sentiment(polarity=0.0, subjectivity=0.0)"
Wo JUSO drauf steht steckt Kommunismus drin!,"Sentiment(polarity=0.0, subjectivity=0.0)"
@F-Type  Wieso?,"Sentiment(polarity=0.0, subjectivity=0.0)"
"Wieder einmal zeigt sich wie ""kleinkariert"" hier manche Menschen denken und den Sinn dieser Volkabstimmung nicht kapieren. Wahrscheinlich sind es genau diese W√§hler die schon folgende Abstimmungen missverstanden und diese Wahlen bergab geschickt haben und lieber weiterzahlen - Medienabgabe - mehr Urlaub - Grundlohn - weniger Krankenkassenpr√§mien - Familienausgleich - h√∂here Steuerfreibetr√§ge - niedrigere Treibstoffsteuer Alle diese Abstimmungen wurden vom berechtigten Stimmvolk bergab geschickt. Das sind Ausgaben in 1000er Frankenbereich und mehr pro Jahr die jeder B√ºrger in der Schweiz gespart h√§tte ohne das diese an anderer Stelle wieder erh√∂ht werden konnten. Oh man das ist so peinlich. Nun gut, logidches Denken wird ja schon gesetzeswegen nicht vermittelt. Wahrscheinlich war es auch eine Volksabstimmung und die schweizer Stimmberechtigten waren dagegen ... ) ) )","Sentiment(polarity=0.15, subjectivity=0.125)"
"@Oxi, was Sie abstimmen, ist nach diesem Kommentar auch klar und jedes weitere Wort w√§re schade und unn√ºtz.","Sentiment(polarity=-0.3333333333333333, subjectivity=0.0)"
@Oxi bist ossi? Denkste falsch und glaubst deine kake noch selber.,"Sentiment(polarity=-0.5, subjectivity=0.0)"
"@Oxi, Interessant ist, dass viele Schreiberlinge gar nie in ihrem Leben von einem solchen Gesetz tangiert werden, weil sie einfach nie so viel Geld durch legale Arbeit zusammenkriegen. Viele Kommentare schiessen auf die JUSO und es geht nicht um Argumente. Denken ausgeschaltet. Trurig.","Sentiment(polarity=0.08499999999999999, subjectivity=0.39)"
Das nein lager wird hoch sein!,"Sentiment(polarity=0.7, subjectivity=0.0)"
"Was genau haben die Mitglieder der Juso selbst schon zum Steuersubstrat beigesteuert? Dir Bilanz wird wohl so aussehen, dass sie sich lediglich davon bedienen.","Sentiment(polarity=0.0, subjectivity=0.0)"
"@Weihnachtshase, wahrscheinlich hat die JUSO nicht viel dazu beigesteuert. Bei dieser Abstimmung geht es jedoch nicht darum. Oder?","Sentiment(polarity=0.0, subjectivity=0.3333333333333333)"
deshalb lieben wir doch die jusos. wieder 10 mio fr an steuergeldern f√ºr eine unn√ºtze abstimmung verschleudert.,"Sentiment(polarity=0.5, subjectivity=0.0)"
@tsch√ºrpel Wie das Referendum bei Ehe f√ºr Alle oder das Referendum f√ºr Covid Gesetz. ),"Sentiment(polarity=0.0, subjectivity=0.0)"
"Wieso nicht mal eine sinnvolle Initiative? Zb eine wo nur noch max. 1 Monatslohn Steuern gezahlt wird? Ich zahle mit 5000.- Lohn 14‚Äò000fr Steuern, da stimmt schon lange nichts mehr.","Sentiment(polarity=-0.012499999999999983, subjectivity=0.125)"
"@JonPietro Also wenn du mit 5'000.- Lohn 14'000.- Steuern zahlst wohnst du nicht in der Schweiz, weisst nicht wie man ne Steuererkl√§rung ausf√ºllt oder hast diese Zahlen frei erfunden...","Sentiment(polarity=-0.7, subjectivity=0.0)"
"@JonPietro frag such, was versteuert eine Rentnerin mit nur AHV. Wirst mit 50zig verarscht. Hast mit 65 nix mehr. Wissen nur die, die eine katastropfe erleben, bis zum ungewollten soz. Selber wieder in die arbeitswelt zur√ºvk gearbeitet.","Sentiment(polarity=-0.13999999999999999, subjectivity=0.2)"
"@JonPietro Raten sie mal weshalb sie Steuern zahlen und andere nicht? Weil irgendwoher nun mal das Geld kommen muss und wenn sie eben als einer dieser 1% Gruppe sehr tief besteuert werden, dann muss folgerichtig die andere Gruppe mehr bezahlen. Wenn ich mir vor 10 Jahren noch G√ºnstig ein Haus gekauft habe, 2 Kinder auf die Welt gestellt habe, dann zahle ich aufgrund Hyposchulden unter Abz√ºge durch die Kinder praktisch keine Steuern. Aber irgendwer muss ja bezahlen, am ende die Kinderlosen Mieter die mehr als 100k im Jahr verdienen.","Sentiment(polarity=-0.234375, subjectivity=0.125)"
@JonPietro M√ºssten dann aber eher 5000.- pro Woche sein und nicht im Monat -) Da kann etwas wirklich nicht stimmen. Schon mal an einen Steuerberater gedacht?,"Sentiment(polarity=-0.25, subjectivity=0.0)"
@JonPietro  und woher soll das Geld sonst kommen? Diese Initiative macht immerhin einen Vorschlag...,"Sentiment(polarity=0.0, subjectivity=0.0)"
"@JonPietro Wo lebst du denn? Das kann nicht sein, als ich 5'000 verdient habe, habe ich maximal so um die 6'000 Steuern bezahlt. (dazumals keine Kinder, kein Eigenheim, keine Aktien etc., sprich 0815 Steuer). Du bezahlst garantiert keine 14'000 Steuern, das ist einfach gelogen.","Sentiment(polarity=-0.08333333333333333, subjectivity=0.0)"
Es wird sowieso nicht angenommen.,"Sentiment(polarity=0.0, subjectivity=0.0)"
Die Juso will selber nicht arbeiten und nur abkassieren.,"Sentiment(polarity=0.0, subjectivity=0.0)"
@bernost  Wie kommst du auf so eine Behauptung?,"Sentiment(polarity=0.0, subjectivity=0.0)"
"Was erlaubt sich die Juso, es darf doch nicht sein, dass Dividenden zu 100 Prozent versteuert werden m√ºssen. Es ist doch nicht wie Lohn der erarbeitet wird. Wer schon genug hat, der will noch viel mehr","Sentiment(polarity=0.3333333333333333, subjectivity=0.3333333333333333)"
"@Aargi Dividenden werden bereits zu 100% versteuert, ausser Sie besitzen mehr als 10% der Firma.","Sentiment(polarity=0.0, subjectivity=1.0)"
"""...die Initiative sei sch√§dlich f√ºr den Wirtschaftsstandort..."", ja aus Sicht von den 1% mag das ja stimmen. Wobei ich anderer Meinung bin. Wenn 99% der Bev√∂lkerung am Ende vom Tag mehr in der Tasche h√§tte, w√ºrde auch die Wirtchaft profitieren. Leider wird die Initiative keine Chance haben, weil der grosse Teil der Bev√∂lkerung eh immer das stimmt, was der Bundesrat vorgibt. Schade, dass der grosse Teil der Bev√∂lkerung keine eigene Meinung hat und sich von den Reichen einsch√ºchtern l√§sst. Wenn die Vorlage die Mieteinnahmen nicht in der Vorlage h√§tte, h√§tte die Initiative vielleicht eine kleine Chance. Aber ich finde es eine gute Idee das Thema ""Verm√∂gensschere"" mal wieder zu thematisieren.","Sentiment(polarity=0.3238095238095238, subjectivity=0.14285714285714285)"
"@Notes713 Wenn Du den Initiativtext liest und Dich ein kleines bisschen mit der Materie befassen w√ºrdest, k√∂nntest Du erkennen, dass praktisch jedes gut laufende KMU in der Schweiz davon negativ betroffen w√§re. Also mit hoher Wahrscheinlichkeit auch Dein Arbeitgeber.","Sentiment(polarity=0.11666666666666665, subjectivity=0.0)"
Wie kann man da dagegen sein lol,"Sentiment(polarity=0.0, subjectivity=0.0)"
Eigentlich ist die SP nur noch peinlich. Anstatt zufrieden zu sein mit dem erreichten AHV Pensionskassen Umverteilung kommen Sie immer wieder mit Postkommunistischen Initiativen damit man Sie nicht vergisst anstatt konstruktiv zu politisieren.,"Sentiment(polarity=-0.012499999999999956, subjectivity=0.0)"
"Maggie Thatcher hat es mal sch√∂n gesagt ""Das Problem am Sozialismus ist, dass einem irgendwann das Geld anderer Leute ausgeht"". -Die JuSos k√∂nnen wirklich nichts anderes, als Geld anderer Leute umverteilen. Das ist ziemlich schwach.","Sentiment(polarity=-0.06666666666666665, subjectivity=0.0)"
Werte Frau Jansen. Wie w√§re es zuerst einmal selber arbeiten und Geld verdienen bevor man anderen vorschreibt was sie m√ºssen. Wissen Sie dass wer viel Geld hat das auch sehr schnell abgezogen und ins Ausland transferiert hat. Aber aus dem Linken Lager kommen ja nur solche unsinnigen Vorschl√§ge.,"Sentiment(polarity=-0.0875, subjectivity=0.125)"
diese Kommentare muss man eigentlich gar nicht lesen. Die Nein Stimmer sind zum Gl√ºck in der √ºberweltiger Mehrheit. Danke.,"Sentiment(polarity=0.0, subjectivity=0.26666666666666666)"
@PilatusUri hoffe sehr,"Sentiment(polarity=0.7, subjectivity=0.0)"
Wen man eigenes geld anlegt geht man selber gewisse risiken ein. Dieses geld will die juso risikolos einkassieren? Typisch die glauben geld gibts umsonst.,"Sentiment(polarity=0.2333333333333333, subjectivity=0.0)"
"@Thobal, ne bei diesen w√§chst es auf den B√§umen. Genau da wo die auch leben.","Sentiment(polarity=0.0, subjectivity=0.0)"
"@Thobal Wenn die Rechnung fair gemacht wird, dann ist es eine Tatsache, dass f√ºr manche seit Generationen Verm√∂gen angeh√§uft werden konnten, f√ºr das Heerscharen von Menschen schufteten, die nur ihre Arbeitskraft verkaufen, und nicht mit Zins und Zinseszins von Kapital, f√ºr das sie selber nie einen Finger kr√ºmmten, zu Geld kamen, f√ºr die andere mehre hundert Jahre br√§uchten, und trotzdem nicht einen Bruchteil von diesem Geld sparen k√∂nnten.","Sentiment(polarity=1.0, subjectivity=0.0)"
"@Beobachter1 Das sind ganz ganz wenige Die meisten sind wie ich n√§mlich durch harte Arbeit, Studium, etc finanziell aus eigener Kraft etwas erreicht. Und nicht √ºber Generationen angeh√§uft.","Sentiment(polarity=0.175, subjectivity=0.25)"
Was von der JUSO kommt lehne ich sowieso ab!,"Sentiment(polarity=0.0, subjectivity=0.0)"
@Th√∂mi65 mir geht es bei der SVP such so.,"Sentiment(polarity=0.0, subjectivity=0.0)"
@Th√∂mi65  welch erwachsene Meinungsbildung...,"Sentiment(polarity=0.0, subjectivity=0.0)"
"@Th√∂mi65 normalerweise ja, aber in dem Fall... niemandem hier w√ºrde diese Initiative Schaden, es sei denn man h√§tte ein riesiges Aktienportfolio (mehrere Millionen)","Sentiment(polarity=-1.0, subjectivity=0.0)"
Diese Juso Frau kassiert 99 Prozent NEIN,"Sentiment(polarity=0.0, subjectivity=0.0)"
"@Neuernick Ja genau, jetzt auf der Frau rumbashen. Die intelligenten und attraktiven findet man bei der Juso nicht bei den B√ºrgerlichen.","Sentiment(polarity=0.5, subjectivity=0.0)"
"Voll daneben. Einmal mehr sollen die gemolken werden, die sparen und etwas aus ihrem Geld machen, sprich Wertsch√∂pfung generieren. Und √ºbrigens, auch die Pensionskassen m√ºssten mehr versteuern.","Sentiment(polarity=0.0, subjectivity=0.6666666666666666)"
"@Jago2 sparen k√∂nnen, ist ein Privileg. Das vergessen die Sparer, die oft nur dank Erbschaften, √ºberhaupt sparen k√∂nnen, und die bereits bei Versicherungsleistungen und anderem, keine solidarischen und Einkommensabh√§ngigen Beitr√§ge bezahlen. Ohne mehr Fairness verlieren mittel- und langfristig auch die wohlhabenderen Steuerzahler. Was leider zuwenig beachtet wird.","Sentiment(polarity=-0.22916666666666666, subjectivity=0.19166666666666665)"
@Beobachter die sparer slaren weil sie da geld nicht aus dem fenster werfen!!,"Sentiment(polarity=0.0, subjectivity=0.0)"
"@Jago2 Ohne das ""Geld, das manche (Zitat) zum Fenster heraus werfen, w√§re das Kohle scheffeln anderer, schlicht unm√∂glich. Doch so weit denkt der Rappenspalter nicht. Ohne illegale und unmoralische Einnahmen, w√§re die ""saubere"" Weissgeldstrategie"" l√§ngstens Geschichte. Es ist 2021 und nicht 1951. H√∂fliche Frage. Sinngem√§ss etwas verstanden?","Sentiment(polarity=0.11666666666666665, subjectivity=0.0)"
@Beobachter1 Mit 40% Job oder mit einer Arbeit als Hundesitter k√∂nnte ich auch nicht leben. Auch lebenslange Studenten brauchen wir nicht.,"Sentiment(polarity=0.0, subjectivity=0.0)"
@Jago2  Was hat das mit Sparen zu tun? Es geht um Investieren (also aktives Arbeiten am Finanzmarkt). Offensichtlich ist das billiger als t√§glich in der Fabrik zu stehen,"Sentiment(polarity=0.6666666666666666, subjectivity=0.0)"
Wann wird endlich die Unterschriften Zahl mindestens verdoppelt f√ºr solche Initiativen die nur zum Schaden der Schweiz dienen.,"Sentiment(polarity=-1.0, subjectivity=0.0)"
"liebe juso. sogar auf mieten wollen sie diese steuer? sie wissen schon, dass die mieten steigen werden. und dann? aha. dann wird der umverteilungstopf angezapft damit die menschen einen ausgleich bekommen um die erh√∂hten mieten bezahlen zu k√∂nnen. das heisst im klartext folgendes mieten steigen wegen den steuern. √ºber das gesetz w√ºrde dann der mietaufschlag den mietern zur√ºckbezahlt damit der vermieter es gleich wieder mit miterh√∂hung absaahnt. somit bleibt dem b√ºrger 0 fr. krankenkasse ist ja schon jetzt das selbe system.","Sentiment(polarity=0.1111111111111111, subjectivity=0.0)"
@beatbachmann Bei der Umverteilung fallen sicher noch ein paar Verwaltungsjobs f√ºr die JUSO und Sympathisanten ab.,"Sentiment(polarity=0.7, subjectivity=0.0)"
Ronja die R√§ubertochter. Sie hat von Papa gut gelernt. Nimm den Reichen und behalte es f√ºr dich.,"Sentiment(polarity=0.5666666666666667, subjectivity=0.0)"
Klar jetzt sollen die zahlen die sich durch Jahren harter Arbeit und verzicht auf Freizeit aufgeopfert haben. Und wer soll den das Geld erhalten? Wenn m√∂glich solche die einwandern und auf kosten von uns allen leben. Ich freu mich echt hier ein Nein zu setzen.,"Sentiment(polarity=0.4625, subjectivity=0.0)"
"@VonIttenthal, die Meisten, die 100'000 CHF aus Dividenden und anderen Kapitalertr√§gen pro Jahr haben sind nicht die, die hart Arbeiten. Frag den B√ºetzer auf dem Bau oder die Kassiererin in deinem Lieblingsdicounter. Millionen verdienen durch harte Arbeit? Harte Arbeit ist scheinbar eine Sache der Definition.","Sentiment(polarity=0.5249999999999999, subjectivity=0.0)"
"@VonIttenthal Man m√ºsste eben mal ansatzweise den Initiativtext lesen und dann auch noch geistig in der Lage sein das dort geschriebene zu verstehen. Nein nicht die Leute die gepart haben werden hier mit Steuern belegt, denn soviel k√∂nnen sie gar nicht ansparen das sie betroffen sind. Es sind die Kindeskinder die ohne grosses zutun heute mehrere Immobilien besitzen (die sie vermieten) oder wertvolle Aktien die sie irrgendwann verrerbt bekommen haben.","Sentiment(polarity=-0.008333333333333323, subjectivity=0.13333333333333333)"
"@VonIttenthal ich verdiene gut genug - aber selbst wenn ich meinen ganzen Lohn mein ganzes Leben spare h√§tte ich nicht den Betrag den ich br√§cuhte um das entsprechnde Aktienportfolio (mehrere Millionen) zu kaufen, dass n√∂tig w√§re, dass mich die Initiative betrifft","Sentiment(polarity=0.0, subjectivity=0.0)"
"immer wieder jusos, √ºber geld reden zu dem sie keine beziehung haben.","Sentiment(polarity=0.0, subjectivity=0.0)"
"@tsch√ºrpel ...., JA dazu meine Frage WER bezahlt den Menschen Sal√§re‚Äî- diese JUSO oder ein Unternehmen . Und aus den Sal√§ren fliessen Steuergeld in die Gesellschaft","Sentiment(polarity=-0.5, subjectivity=0.0)"
"@tsch√ºrpel Stimmt so nicht ganz. Sie haben definitiv eine Beziehung zum Geld. Darum finden sie Wege, wie sie da rankommen k√∂nnten. Wegelagerer quasi.","Sentiment(polarity=0.0, subjectivity=0.0)"
"@tsch√ºrpel Die einzige Beziehung die sie haben ist, sie geben das Geld von anderen aus, f√ºr ihre eigenen pers√∂nlichen Interessen.","Sentiment(polarity=0.0, subjectivity=0.0)"
"Eine Erbschaftssteuer-Initiative h√§tte bessere Chancen, vor allem, wenn sie sinnvoll ausgearbeitet ist, z.B. mit einer Schwelle ab bspw. 5 Mio, wobei Erbmasse, das in Unternehmen steckt, erst dazuz√§hlt, wenn es aus den Unternehmen zur√ºckgezogen wird.","Sentiment(polarity=0.5, subjectivity=0.0)"
"@Roshe Leider wird bei Juso und SP alles immer gleich √ºbertrieben, ins Extreme getrieben und dazu noch schwammig formuliert. Wenn die von Reichen reden, soll immer gleich jeder Sparer oder Hausbesitzer auch noch ausgenommen werden. So werden die nie durch kommen, auch wenn gewisse Ver√§nderungen durchaus Sinn machen w√ºrden. Die ewigen √úbertreibungen hat man schon bei Erbschaftsintiative gesehen, 112, usw. Wird wohl so erfolgslos weiter gehen.","Sentiment(polarity=0.175, subjectivity=0.0)"
"Da sollen wir √ºber etwas abstimmen, das noch nicht geregelt ist und nur Vorschl√§ge enth√§lt? So naiv k√∂nnen nur die JUSO sein. Immerhin, der Unterhaltungswert stimmt.","Sentiment(polarity=-0.2333333333333333, subjectivity=0.0)"
@Denkpauseaber uns Stezerzahler kostet dies viel zu viel f√ºr nichts,"Sentiment(polarity=0.0, subjectivity=1.0)"
"Die Juso hat das gleiche Oroblem wie alle anderen Parteien. Initiativen werden seit Jahre so extrem formuliert, dass die Chance einer Annahme gegen Null sinkt. Der Bund Pakt regelm√§ssig zuviele Themen in eine Abstimmung und Initiativen sind zu extrem. Kommt doch wieder einmal in die N√§he von ins Normalen, dann wird es f√ºr alle einfacher.","Sentiment(polarity=0.0, subjectivity=0.25)"
"@Rina7 Genau, wie die 6 Wochen Ferien f√ºr alle statt mal 5 gesetzlich zu Verankern. W√§re bestimmt angenommen worden.","Sentiment(polarity=0.0, subjectivity=0.0)"
"@Rina7 Ganz genau so ist es. Immer gleich ins Extreme, und damit keine Chance.","Sentiment(polarity=0.0, subjectivity=0.0)"
"Ich weiss, die meisten heulen jetzt hier, weil die Initiative von der JUSO kommt. Aber Sie haben doch recht! Die Schere zwischen arm und reich wird immer gr√∂sser, und viele von uns sind auf der armen Seite. Die rechen, rechten Parteien schauen nur f√ºr sich. Aber ja, da das von der Juso kommt, hats eh keine Chance am Stammtisch.","Sentiment(polarity=-0.3333333333333333, subjectivity=0.06666666666666667)"
"@DominikReber nun, da gibt es andere M√∂glichkeiten wie eine Transaktionssteuer. Aber dies ist der Juso wohl zu kompliziert. Einfach die Hand aufmachen ist hald viel einfacher.","Sentiment(polarity=-0.11666666666666665, subjectivity=0.16666666666666666)"
"@DominikReber Hat nichts mit der Juso an sich zu tun sondern schlichtweg damit das der vorschlag, wie so viele von ihnen, schlecht ist.","Sentiment(polarity=-0.5, subjectivity=0.5)"
@DominikReber Die Schere zwischen faul und fleissig geht ja auch immer weiter auf!,"Sentiment(polarity=-0.15000000000000002, subjectivity=0.0)"
@DominikReber Das Problem bei der Juso und auch der SP ist die Definition von reich.,"Sentiment(polarity=0.7, subjectivity=0.0)"
"Die Verm√∂gensEinkommensschere geht nicht prim√§r in Boom-Zeiten auf, sondern in Krisenzeiten, weil Reiche mehr Instrumente zum Verm√∂gensschutz haben. Gleichzeitig sind reiche unabh√§ngiger, weil sie oftmals weniger risikoreich agieren; Zum Bsp. keine unn√∂tigen Schulden wie Leasingvertr√§ge anh√§ufen, H√§user zu 80% fremdfinanzieren um darin zu wohnen, Geld dort investieren wo sie sich auskennen etc. Und weil viele den Unterschied zwischen Investition und Konsum(schulden) nicht kennen","Sentiment(polarity=0.0, subjectivity=0.6666666666666666)"
"Eine Partei die sich mit harter Arbeit daf√ºr einsetzt, dass endlich mal die Reichen zur Kasse gebeten werden! Bravo, weiter so!","Sentiment(polarity=0.425, subjectivity=0.0)"
"Das ""endlich"" ist leider genauso sugestiv wie die ""gerechte Besteuerung"" im Initiativtext. Mit diesen Ausdr√ºcken, die letztlich einen sehr subjektiven Inhalt haben, wird dem Leser eine Scheinwahrheit suggeriert. Die ""Reichen"", auch dies ein sehr subjektiver Begriff, bezahlen schon heute √ºber alle Steuern, Abgaben und den Ausschluss von Unterst√ºtzungen einen Grossteil der Eink√ºnfte der Allgemeinheit. Was ist ""gerecht"" - ich muss sagen ich habe keine Ahnung. Die Juso nimmt f√ºr sich aber in Anspruch die absolute Wahrheit zu kennen. Letztendlich braucht man sich aber nur deren Parteiprogramm oder auch das der SP anzuschauen, es geht um die ""√úberwindung des Kapitalimus"" - solange also nicht alle gleichviel oder gleich wenig haben, werden sie weitermachen. Ich habe volles Vertrauen in das Stimmvolk, dass auch diese Initiative mit grossem Mehr abgelehnt wird.","Sentiment(polarity=-0.09047619047619047, subjectivity=0.0)"
"@Bruno Hofmann Die Schweiz braucht eine Sozialdemokratische Partei, die sich eher am Godesberger Programm statt am Murksismus orientiert. Eine √úberarbeitung des Parteiprogramms ist l√§ngst f√§llig. Echte Sozialdemokraten sind keine Sozialisten, sondern ein wichtiger Teil der Demokratie.","Sentiment(polarity=0.2833333333333333, subjectivity=0.0)"
Wenn ich erbrechen muss denke ich an die Jusos!ü§Æ,"Sentiment(polarity=0.0, subjectivity=0.0)"
"@Pr√§ttigauner Wow, was f√ºr ein Kommentar. ü§¶üèª‚Äç‚ôÄÔ∏è","Sentiment(polarity=0.0, subjectivity=0.0)"
JUSO = Junge Utopien sind originell. Aber leider weit weg von der Realit√§t...,"Sentiment(polarity=0.5, subjectivity=0.0)"
..die haben bei den erwachsenen nichts verloren..sollen im kindergarten spielen und lernen was erwachsene tun und handeln..,"Sentiment(polarity=0.0, subjectivity=0.0)"
"Geht endlich mal arbeiten, der ganze Kindergarten!","Sentiment(polarity=0.0, subjectivity=0.0)"
"sinnbildlich f√ºr die Juso. 99 Prozent , einfach nicht ganz Hundert.","Sentiment(polarity=0.35, subjectivity=0.0)"
"Immer wieder solche Schnapsideen von Leuten, welche noch nie wirklich gearbeitet haben...Toll !","Sentiment(polarity=0.25, subjectivity=0.0)"
√úbrigens kostet eine Initiative in der Schweiz ca.8 Mio Franken (Den Steuerzahler).Denke diese h√§tten besser angelegt werden k√∂nnen.Als Quiz  Wieviele gr√ºne braucht es um diese Steuersumme zu generieren ?,"Sentiment(polarity=0.0, subjectivity=0.0)"
"@S√∂ll, da w√§rst Du √ºberrascht. Das Durchschnittseinkommen der SP Mitglieder ist h√∂her als jenes der FDP Mitglieder. Das ist Fakt. Lehrer, Beamte, Uni-Professoren‚Ä¶. da arbeitet niemand f√ºr weniger als 100‚Äò000 im Jahr. Und zahlen tuns die anderen‚Ä¶","Sentiment(polarity=0.0, subjectivity=0.0)"
"@Zetooo Ja genau, als ob die FDP-Mitglieder ihr Einkommen offen legen w√ºrden, die legen ja nicht mal die Spendenherkunft offen. Und das bei der SP jemand arbeiten soll, habe ich hier im Forum noch nie geh√∂rt.","Sentiment(polarity=0.0, subjectivity=0.0)"
"@Re ne - Die Juso an die Macht, und dann sind alle gleich - arm.","Sentiment(polarity=-1.0, subjectivity=0.0)"
Wieser mal nur Luft.,"Sentiment(polarity=0.0, subjectivity=0.0)"
Es geht ausschliesslich um Neid. Um nichts weiter.,"Sentiment(polarity=0.0, subjectivity=0.0)"
Diese Initiative hat in der gierigen Geldschweiz NULL Chancen! Geld √ºber alles.,"Sentiment(polarity=0.0, subjectivity=0.0)"
@gangeli Was will denn die Juso? Genau - GELD!,"Sentiment(polarity=0.0, subjectivity=0.0)"
"Wie auch sonst immer, wird sich auch hier das Argument ""k√∂nnen wir uns nicht leisten"" durchsetzen. Das scheint irgendwie das Killerargument schlecht hin zu sein, bei uns, in der Schweiz... Da k√∂nnte man mal was gegen Ungerechtigkeit tun, und die mehrheit will nicht. Jammern das k√∂nnen wir, aber mal was riskieren um was zu verbessern, traut sich kaum jemand.","Sentiment(polarity=-0.225, subjectivity=0.0625)"
"@CPali Genau so ist es. Wie bei dem C02 Gesetz, dem Vaterschaftsurlaub, 6 Wochen Ferien etc. etc.","Sentiment(polarity=0.0, subjectivity=0.0)"
Ja die Juso üòÇüòÇüòÇ Ich frage mich die ganze Zeit was f√ºr Tr√§umer f√ºr so eine Initiative noch Ja in die Urne legen. Eine Vorstellung habe ich von diesen Typen und bin immer erstaunt wieviele Taugenichtse in diesem Land abstimmen gehen.,"Sentiment(polarity=0.0, subjectivity=0.0)"
@K√∂ng Ihr Text sagt alles √ºber Sie aus!,"Sentiment(polarity=0.0, subjectivity=0.0)"
"Die Juso will die Leute immer noch mehr schr√∂pfen. Der Mittelstand wird so ganz verschwinden. Da die ganz Reichen ihren Wohnsitz ganz einfach verlegen k√∂nnen und dann zahlt die Zeche der Mittelstand. Ich will die Juso ja nicht irgendwie angreifen. Aber ist einfach schon Tatsache das viele der Juso am studieren sind und einfach nicht wissen was es heisst wirklich zu Arbeiten und das schwer verdiente Geld an den Staat abgegeben werden muss, das tut in einigen Lohnklassen sehr weh. Ich will damit auch sagen das wenn jemand im Studium ist sehr wenig Steuern zahlt und somit einfach nicht weiss was es heisst. Von mir gibt es sicher ein Nein.","Sentiment(polarity=0.13928571428571426, subjectivity=0.16666666666666669)"
Frau Jansen gehen Sie mal so richtig arbeiten..... vielleicht hilft Ihnen das beim Umdenken,"Sentiment(polarity=0.85, subjectivity=0.0)"
Rein Optisch gesehen gewinnt die Ronja zu 99% gegen die Magdalena!,"Sentiment(polarity=1.0, subjectivity=0.0)"
@Alfonso de Geilo - Was heisst das f√ºr die berufliche Laufbahn? - Ein 99% Topmodell werden ...,"Sentiment(polarity=0.0, subjectivity=0.0)"
@Alfonso de Geilo Spielt das hier irgend eine Rolle?,"Sentiment(polarity=0.0, subjectivity=0.0)"
"@Zicky - Wer mehr Einkommen hat, zahlt auch progressiv mehr Steuern. In meiner Jugend war ich auch noch progressiv (aber mehr liberal-libert√§r, als links). Nun eher wertkonservativ.","Sentiment(polarity=-0.16666666666666666, subjectivity=0.5)"
und was genau soll der Sinn der Sache sein?,"Sentiment(polarity=0.0, subjectivity=0.0)"
"@Re ne. Ganz einfach. Einige mehr welche keinen Beitrag f√ºr den Staatshaushalt leisten wollen, nicht nur die juso und SP. Eigenverantwortung, v√∂lliges Fremdwort.","Sentiment(polarity=0.175, subjectivity=0.25)"
"@Re ne - Die Juso an die Macht, und dann sind alle gleich - arm.","Sentiment(polarity=-1.0, subjectivity=0.0)"
"Die sollen sich mal fragen wer in der CH noch Steuern bezahlt. Schlachze nie die Kuh, die dich ern√§hrt","Sentiment(polarity=-0.35, subjectivity=0.0)"
@Alfabia Die Reichen sind es nicht,"Sentiment(polarity=0.7, subjectivity=0.0)"
@Alfabia In welcher Welt leben Sie?,"Sentiment(polarity=0.0, subjectivity=0.0)"
Kann diese Partei beim besten Willen nicht ernst nehmen.,"Sentiment(polarity=0.0, subjectivity=0.0)"
@Federv√∂geli Ich andere Parteien auch nicht. )),"Sentiment(polarity=0.0, subjectivity=0.0)"
Sie hat bis jetzt noch nie gearbeitet und wird eine Berufspolitikerin. Freude herrscht !,"Sentiment(polarity=0.0, subjectivity=0.0)"
@Heiniluzern Nicht nur sie. Leider. In der linken Politik simnd ewige Studenten und Studienabbrecher hoch gefragt.,"Sentiment(polarity=0.0, subjectivity=0.0)"
"Mein Doppel-NEIN ist so sicher, wie das Amen in der Kirche!","Sentiment(polarity=0.7, subjectivity=0.0)"
"Ob das von den jusos kommt, oder von wem auch immer (interessanterweise eben nur von ihnen, leider). Es geht um machtschr√§nkungen, kein Wunder sind zu erwartende Parteien und Verb√§nde dagegen. Und werden sich aufgrund ihrer machtf√ºlle durchsetzen. Demgegen√ºber analysiert man die zahlenFakten m√ºsste es eigentlich jedem augenscheinlich werden, dass hier ein ohnehin schon lange bestehendes Ungleichgewicht zu einer sozialen abrisskante wird. Mit kaum absch√§tzbaren folgen. Themen wie Solidarit√§t, Ethik, altruismus, Moral und Co. Lassen wir an dieser Stelle mal...","Sentiment(polarity=0.09999999999999999, subjectivity=0.14285714285714285)"
@Newthink - Und wo bleibt die Moral der Jusos?,"Sentiment(polarity=0.0, subjectivity=0.0)"
"Um das Problem der aufgehenden Schere (nicht Sonne) zu l√∂sen, w√§re es wichtig das unendliche Geld das in allen Zentralbanken weltweit (!!) gedruckt wird der armen Bev√∂lkerung zukommen zulassen, anstatt damit Aktien und Anleihen zu kaufen und die Aktien- und Immobilienbesitzer noch reicher zu machen als sie es schon sind. Also endlich die ""Working Poor"" unterst√ºtzen und ihnen die Einkommensteuern erlassen. Sie k√∂nnen ja das Geldloch, welches dadurch entsteht wieder ""zudrucken"" mit dem frischen Geld, welches ja sowieso gedruckt wird, wie wenn es kein Morgen g√§be. Gedruckt wird zwar nichts mehr, da ja alles digital ist, aber man nennt es halt ""Drucken"" ... nur so f√ºr die ganz ""Kleveren"" da draussen. Druckt das Geld endlich f√ºr die arbeitende Bev√∂lkerung und nicht f√ºr die Oberschicht! Alles andere wurde schon ausprobiert und hat nichts gebracht.","Sentiment(polarity=0.16666666666666666, subjectivity=0.14285714285714285)"
@inotx - Und wenn man alles Geld gleichm√§ssig auf alle verteilen w√ºrde. Schon √úbermorgen w√§re der Stand wieder anders. - Sie denken wohl noch in statischen Dimensionen?,"Sentiment(polarity=-0.5666666666666667, subjectivity=0.0)"
"@Alain_de_Nilperthuis wer lesen kann, ist klar im Vorteil. In welchem Satzteil habe ich denn gesagt, dass man alles gleichm√§ssig verteilen soll? Es geht nur darum, dass die ""Working Poor"", also jemand der 100% arbeitet und auf keinen gr√ºnen Zweig kommt, auch mal etwas bekommt vom ganz grossen Kuchen. Es w√ºrde, oh Wunder (!!), sogar noch die Wirtschaft ankurbeln, da endlich der ""Kleine"" etwas abbekommt und er w√ºrde es sicher in etwas sinnvolleres investieren als in Luxuskarrossen, Yachten, √ºberteuerte Immobilien, Antiquit√§ten, usw... die Liste ist unertr√§glich lange....","Sentiment(polarity=0.30999999999999994, subjectivity=0.0)"
"@inotx uiii das ist an so vielen Orten falsch 1. Das Geld bekommen die Staaten, durch Anleihen, wie dies funktioniert mot zins und kurs lesen sie bitte selbst nach. Diese m√ºssten wieder getilgt werden in... Haha wers glaubt.. Die staaten bauen mit diesem geld Infrastruktur usw. Nehmen durch Wirtschaftswachstum mehr Steuern ein und tilgen die Schuld. Es ist ja nicht das Problem das die Schere auseinander geht, dir armen werden nicht √§rmer,sie reichen qeeden winfach schneller reicher als die Armen. Also die l√∂sung ist simpel wer auch nur ein bisschen finanziell gebildet ist, versteht das die meisten reichen durch Aktien immwr reicher werden, kauft auch Aktien und die Schere ost √ºberwunden. So einfach ist es. Wer meint jeffff bezzos, musk und co. Werden schnell reich, kauft soch winfach ihre Aktien, dann werdet ihr den gleichen verm√∂genszuwachs hBen wie sie. Die 99% Initiative hindert uns nur daran mit aktien verm√∂gen aufzubauen. Und sie schadet der Schweiz.","Sentiment(polarity=-0.15, subjectivity=0.045454545454545456)"
"@Alain_de_Nilperthuis ich habe nichts gesagt von gleichm√§ssig verteilen. Unterst√ºtzt die ""Working Poor"" habe ich geschrieben, also die arbeitende Bev√∂lkerung! Gleichm√§ssige Verteilung sieht anders aus. Es w√ºrde genauso Reiche geben, aber die Superreichen w√ºrden vielleicht etwas weniger. Aber ich verlange nicht, dass das Prinzip jeder versteht.","Sentiment(polarity=0.07999999999999999, subjectivity=0.0)"
"@inotx Gebt das Geld den Armen, dann wird mehr konsumiert. Wenigstens k√∂nnen wir dann die Klimaziele beerdigen.","Sentiment(polarity=0.0, subjectivity=0.5)"
"@Garoldos Die Initiative interessiert mich nicht die Bohne. Fangen sie bitte nicht mit 1. an wenn dann kein 2. 3. usw. folgt, das ist unprofessionell, aber wahrscheinlich muss man als dicker Aktienbesitzer auch nichts mehr k√∂nnen die Profis arbeiten ja f√ºr einen. Ich w√ºnsche Ihnen jedenfalls, dass sie in einer Welt leben, wo 1 ‚Ä∞ der Weltbev√∂lkerung 99.99% des Verm√∂gens der Welt besitzt. Sie sollen aber bitte auf der Seite leben, welchen die 0.01% geh√∂ren, dann klingelst vielleicht mal, dass eben nicht jeder Aktien kaufen kann, wie er gerade so will.","Sentiment(polarity=0.32999999999999996, subjectivity=0.1)"
"Es wird ein 65% Nein geben, zu eines solchen Initiative die der Schweiz schadet weil Geld kennt keine Grenzen, B√∂rsengesch√§fte k√∂nnen ohne Problem im Ausland ausgef√ºhrt werden. Mein Vorschlag an die Juso geht arbeiten und macht etwas vern√ºnftiges das der Allgemeinheit zugute kommt.","Sentiment(polarity=-0.5, subjectivity=0.0)"
Wer hier verdient eigentlich einfach so 100000 CHF im Jahr aus Kapital raus? Geht ja nur um das und nicht um den Arbeitslohn.,"Sentiment(polarity=0.35, subjectivity=0.0)"
@Weltallschnitzel. Eigenmietwert ist auch aus Kapital^^. Da kommen schnell mal 50k zusammen.,"Sentiment(polarity=0.2333333333333333, subjectivity=0.0)"
"@Leser-li H√§ schon fies, wenn man soviel EigentumGeld besitzt...ist man doch wieder arm, so wie das klingt....Und die andere 50k? L√§ppisch durch das 1 Mio Verm√∂gen mit 5% Zinsen ""gratis"" jedes Jahr erhalten? Es gibt Familien, die Leben von 50k EINKOMMEN, erwirtschaftet durch harte Arbeit, nicht durch Kapitalgewinn aus Divesenhandel und noch bisschen Eigentum","Sentiment(polarity=0.18333333333333332, subjectivity=0.0)"
"@Weltallschnitzel 2Mio * 5%, schon bist Du dabei.","Sentiment(polarity=0.0, subjectivity=0.0)"
@Weltallschnitzel Stimmt eben nicht. Du solltest den (schwammigen) Initiativtext lesen. Erst dann kommentieren.,"Sentiment(polarity=0.0, subjectivity=0.0)"
"dann tut was gegen steigende krankenkassenpr√§mien. aber nicht solche initiativen. es hat auch jeder selbst in der hand, wohlstand zu erreichen. von nix, kommt nix.","Sentiment(polarity=0.0, subjectivity=0.0)"
"@Spyy83 - Das ist eine glatte L√ºge. Wohlstand wird heute in der Regel vererbt und nicht erarbeitet! Dar√ºber hinaus g√§be es selbst ohne diesen Fakt keine Chancengleichheit, da die Unterschiede bereits im Kindsalter nach dem sozialen Umfeld und Wohnort den Start erschweren oder vereinfachen. Nehmen wir ein Kind das an der Z√ºricher Goldk√ºste aufw√§chst, die Chance auf eine Abitur ist mehr als doppelt so hoch wie in weniger gut betuchten Gemeinden.","Sentiment(polarity=0.31666666666666665, subjectivity=0.08333333333333333)"
"Die Besteuerung ist absolut zentral. Die Schere zwischen Arm und Reich wird immer gr√∂sser. Das Problem dabei ist, dass die Kaufkraft der Bev√∂lkerung verloren geht. Damit das Ausgeglichen werden m√ºssen Firmen billigere Arbeiter besch√§ftigen oder ins Ausland auslagern was die Situation weiter verschlimmert. Weiter fehlen dem Staat immer mehr auch Mittel f√ºr Infrastruktur und innere Sicherheit.","Sentiment(polarity=0.10999999999999999, subjectivity=0.2)"
"Herr BR Ueli Maurer, wir m√ºssen nicht die Wirtschaft retten, sondern die Menschen! Es ist zwingend notwendig f√ºr eine Umverteilung des Kapitals. Jeder Bewohner sollte gleich viel haben am Monatsende (Gerechtensinn).","Sentiment(polarity=0.0, subjectivity=0.0)"
"@Tristan21 gehen sie ins Kibbuz, da haben sie ein echtes soziales Leben ! Jedem das Selbe ?","Sentiment(polarity=0.5, subjectivity=0.0)"
"@Heiniluzern Wieso sind die 160 Arbeitsstunden einer Putzfrau nicht dasselbe Werte wie die 160 Arbeitsstunden des CS-B√§nkers? Ist doch schon irgendwie ungerecht, finden Sie nicht? Oder anders formuliert Warum sollen ihre Arbeitsstunden mehr Wert sein, als die einer anderen Person? Sind sie ""besser""?","Sentiment(polarity=-0.375, subjectivity=0.125)"
@Tristan21 ihr Gedanke erinnert mich stark an den Komunismuss in den Anf√§ngen üòí,"Sentiment(polarity=0.7, subjectivity=0.0)"
"@Heiniluzern, die sch√∂nen Zeiten sind auch vorbei. War Anfang der 70ziger Jahre da. Es war wunderbar aber das war einmal.","Sentiment(polarity=0.3333333333333333, subjectivity=0.0)"
"Die Initiative ist sehr gut und ein Schritt in die richtige Richtung. W√ºnschenswert w√§re eine Besteuerung von 100%, statt der 60%. Es ist klar wer davon profitiert, die Reichsten w√§hrend die √Ñrmeren und der Mittelstand immer gr√∂ssere Ausgaben haben. Genau diese Ungleichheit von 60% Besteuerung zu 100% Besteuerung auf Lohneinkommen ist der Grund, warum die Scherre zwischen Arm und Reich immer gr√∂sser wird, und dem ist entgegensteuern. Wie immer wird die Keule der Angst ausgepackt, man verliere Jobs blabla, aber wisst ihr was, diese Initiative vermindert halt den Gewinn der Reicheren und dann ist logisch das alle Register gezogen werden.","Sentiment(polarity=0.4, subjectivity=0.0)"
"Mit der Juso ist es immer das Gleiche ""Alles, was die Sozialisten vom Geld verstehen, ist die Tatsache, dass sie es von anderen haben wollen""; Konrad Adenauer, 1. Bundeskanzler der BRD, inkl. Wirtschaftswunder.","Sentiment(polarity=0.0, subjectivity=0.0)"
Gut gemeint wird aber ein klares NEIN geben!,"Sentiment(polarity=1.0, subjectivity=0.0)"
"Der Staat soll zuerst mal anfangen, mit dem vielen Geld das er jetzt schon bekommt, haush√§lterisch umzugehen, dann k√∂nnte man tats√§chlich die Steuern f√ºr untere und mittlere Einkommen senken!","Sentiment(polarity=-0.35, subjectivity=0.5)"
"Hey Jusos, liest mal die Meinungen hier, danach habt ihr sicher einen zufriedenen Abend. Also ich br√§uchte eher ein Antidepressiva wenn ich zu denen geh√∂ren w√ºrde.","Sentiment(polarity=0.425, subjectivity=0.0)"
"Faustregel Sobald ich ""Juso"" und ""Initiative"" in einem Satz lese, gibt es sofort und ohne Z√∂gerung ein NEIN von mir...","Sentiment(polarity=0.0, subjectivity=0.0)"
@Eidgenosse_Bratan.8406 Das ist eine sehr kindische Herangehensweise ü§∑,"Sentiment(polarity=-0.7, subjectivity=0.0)"
"@Eidgenosse_Bratan.8406 Sie sollten definitiv nicht abstimmen d√ºrfen, so versiert wie sie beurteilen k√∂nnen. M√ºndige Personen lesen sich den Text durch, machen sich Gedanken dazu, wie z.B. inwiefern man selbst betroffen ist, wenn seine 100'000 Franken Kapitalgewinn etwas mehr versteuert wird, inwiefern das sozialer w√§re, auch wenn man nicht davon profitiert, inwiefern es f√ºr den StaatBund von Vorteil w√§re usw.","Sentiment(polarity=0.675, subjectivity=0.25)"
Immer noch mehr versteuern. Typisch JusoSP,"Sentiment(polarity=0.0, subjectivity=0.5)"
"Lustig, wie die Leute sich hier dagegen str√§uben, wenn man ihnen helfen will ;)","Sentiment(polarity=0.2333333333333333, subjectivity=0.0)"
"@Bledar Sollen wir etwa nicht von allen sozialistischen L√§ndern die hungern etwa lernen? Der Sozialismus t√∂nt vielleicht sehr attraktiv, funktioniert aber √ºberhaupt nicht! Im Gegenteil!","Sentiment(polarity=-0.16666666666666666, subjectivity=0.13333333333333333)"
"@Conservative Kapitalismus funktioniert auch nicht, siehe USA wo die Working-Poors 2-3 Jobs haben m√ºssen, um zu √ºberleben, w√§hrend die Firmen sie aussaugen. Ist hier in der Schweiz noch etwas besser, aber trotzdem gibt es solche, die arbeiten sich f√ºr einen Hungerslohn zu Tode und m√ºssen dann von der SVP sich anh√∂ren lassen, dass die SVP (war mal die ArbeiterBauern-Partei, jetzt nur noch afd Abklatsch) gegen eine Besteuerung von KAPITALGEWINN √ºber 100'000 ist. Welcher ""normale"" arbeitende Mensch verdient √úBER HUNDERTAUSEND CHF mit DevisenZinsen pro Jahr? Sicher nicht der klassische SVP-W√§hler. Und genau die sind dagegen, wahahahaha, epic fail. Scheuklappen aufsetzen und SVP w√§hlen, lol","Sentiment(polarity=0.2333333333333333, subjectivity=0.0)"
Endlich macht die Juso was richtig!,"Sentiment(polarity=1.0, subjectivity=0.0)"
@Bledar Wieso? L√∂sen die sich etwa auf?,"Sentiment(polarity=0.0, subjectivity=0.0)"
"Das geht nicht, beI den Reichen und M√§chtigen kommt die Initiative keinen Millimeter weit.","Sentiment(polarity=0.7, subjectivity=0.0)"
@DarthSchneider was genau ist reich?,"Sentiment(polarity=0.7, subjectivity=0.0)"
Der Diktator im sozialistischen Venezuela w√ºrde die gerne anstellen!,"Sentiment(polarity=0.0, subjectivity=0.0)"
@Conservative und wenig zum Leben !,"Sentiment(polarity=0.0, subjectivity=1.0)"
Wollten die nicht das das Geld zur Gratis-√ñV geht?!,"Sentiment(polarity=0.0, subjectivity=0.0)"
Schon wenn ich JUSO h√∂re gibts ein NEIN!,"Sentiment(polarity=0.0, subjectivity=0.0)"
@Chris2000 Sehr differenzierte Haltung... Einstein es gibt zwei Dinge die unendlich sind. Das Universum und die menschliche Dummheit. Beim Universum bin ich nicht sicher.,"Sentiment(polarity=0.21666666666666667, subjectivity=0.0)"
"Gerechtigkeit w√§re, wenn solche Abstimmungen durch die Initianden bezahlt werden m√ºsste. Solche l√§cherlichen Abstimmungen kosten dem Steuerzahler jedesmal viel Geld.","Sentiment(polarity=-0.75, subjectivity=0.25)"
@Schellenursli So ist es in diesem Fall nicht - es w√ºrde mehr Steuersubstrat generiert.,"Sentiment(polarity=0.0, subjectivity=1.0)"
Kann ich bitte schon jetzt den Stimmzettel haben und vor-ausf√ºllen? Mein Nein ist sicher‚Ä¶,"Sentiment(polarity=0.0, subjectivity=0.0)"
@AndreasWeber mein NEIN ebenfalls Bombensicher !!,"Sentiment(polarity=0.35, subjectivity=0.0)"
@Rhabarber66 Sie wollten sicher auch keine 6 Wochen Ferien. Zu viel Schnaps im Fondue beim Stimmzettel ausf√ºllen oder was? ü§¶üèª‚Äç‚ôÄÔ∏è,"Sentiment(polarity=0.2333333333333333, subjectivity=0.3333333333333333)"
"Liebe JUSO Ihr bringts ja nicht mal fertig, einen klaren und vern√ºnftigen Initiativtext zu formulieren. Und die Aussage von den 10 Milliarden die davon generiert werden sind auch nicht hieb und stichfest, solange der Initiativtext so offen ist. Aber Hauptsache mal wieder mit der Kochkelle schwingen und nix dahinter. Geht einfach mal arbeiten. Vielleicht bringt das Euch auf andere Gedanken oder ihr erkennt mal die echten Probleme die vorhanden sind.","Sentiment(polarity=0.13999999999999999, subjectivity=0.0)"
"@Newton Jung, ideologisch durchtr√§nkt, pubertierendes Gedankengut, lebensunerfahren, sozial abgefedert, feminin gepr√§gt, vom Elternhaus verw√∂hnt, da kann man locker solche Initiative zeigen. Spr√ºcheklopfer hat‚Äòs immer schon gegeben, aber dass sie es auf die politische B√ºhne schaffen zeigt unsere Wohlstandsdekadenz.","Sentiment(polarity=0.11666666666666665, subjectivity=0.0)"
@Newton Und die w√§ren? Soziale Ungerechtigkeiten ist eines der grundlegenden Probleme unserer Gesellschaft. Es ist mMn eine Diskussion wert. Wieso ist da nichts dahinter? Es wird klassisch umverteilt - wie wir es von so vielen Steuern und Lenkungsabgaben bereits kennen. Hieb und stichfest war noch keine Initiative - darum geht es erst im Gesetz - die Initiative soll die Absicht definieren.,"Sentiment(polarity=-0.05000000000000001, subjectivity=0.0)"
@Newton haben sie von den Juso etwas anderes erwartet,"Sentiment(polarity=0.0, subjectivity=0.0)"
"@Susanna Bertallinallo Die Jungen haben genau so das Recht, sich zu √§ussern, wie alle anderen auch. Punkt.","Sentiment(polarity=0.5, subjectivity=0.0)"
Sozialismus hat ja schon immer ganz toll funktioniert. Sucht euch lieber einen Job!,"Sentiment(polarity=1.0, subjectivity=0.0)"
@Denkentutnichtweh JA! Geht mal in Nord Korea bei Eurem Kuschel-Kim √ºben!,"Sentiment(polarity=0.0, subjectivity=0.0)"
...schwieriges Thema und der Vorschlag d√ºrfte M√§ngel haben. Aber ohne mehr Umverteilung um damit eine steigende Kaufkraft der Mittelschicht zu erreichen wird es auf l√§ngere Sicht wohl nicht gehen - egal wie das erreicht wird. Sonst wird's bald zappenduster mit der breiten Zufriedenheit.,"Sentiment(polarity=0.0, subjectivity=0.3333333333333333)"
Dem Kapitalismus wohnt ein Laster inne Die ungleiche Verteilung der G√ºter. Dem Sozialismus hingegen wohnt eine Tugend inne Die gleichm√§√üige Verteilung des Elends. Churchill,"Sentiment(polarity=0.0, subjectivity=0.0)"
"Wenn ich diese Jansen nur schon sehe, wird mir schlecht. NEIN!","Sentiment(polarity=-0.5, subjectivity=0.0)"
@Oldypeter meine Worte.,"Sentiment(polarity=0.0, subjectivity=0.0)"
"@Oldypeter Jep, das ist ein Kommentar, wie er eines aufgekl√§rten, gebildeten (Stimm-?!?)B√ºrgers w√ºrdig ist. Vielen Dank f√ºr den wichtigen Beitrag zu dieser Abstimmungsdebatte!","Sentiment(polarity=0.3499999999999999, subjectivity=0.16666666666666666)"
Freue mich auf 65-70% Nein,"Sentiment(polarity=0.0, subjectivity=0.0)"
@Brauchtesnicht Ich tippe auf 75% Nein-Stimmen,"Sentiment(polarity=0.0, subjectivity=0.0)"
@Brauchtesnicht Am sch√∂nsten w√§ren ja 99% Nein Stimmen ü§£ü§£ü§£,"Sentiment(polarity=0.0, subjectivity=0.0)"
@Brauchtesnicht eher 70% plus,"Sentiment(polarity=0.0, subjectivity=0.0)"
"Eine Initiative von jenen, die noch nie Steuern bezahlt haben und es auch nie wollen, alles soll geschenkt werden...","Sentiment(polarity=-0.325, subjectivity=0.0)"
Frage Was k√∂nnen diese Typen eigentlich ausser nur auf das Geld der andern scharf sein. Selber was bieten. Nichts nur Geldgier. So nicht.,"Sentiment(polarity=0.0, subjectivity=0.0)"
"Klar, Dividenden 1.5 fach besteuern. Geld das bereits mindestens einmal versteuert wurde. Juso -Logik halt.","Sentiment(polarity=0.3333333333333333, subjectivity=0.0)"
Diese JUSO Leute sollen mal arbeiten gehen!,"Sentiment(polarity=0.0, subjectivity=0.0)"
"3 punkte, 1. ist an und f√ºr sich kein schlechter gedanke 2. ronja denkt auch sie h√§tte die weisheit mit dem l√∂ffel gegessen 3. fdp ist nicht b√ºrgerlich","Sentiment(polarity=0.5, subjectivity=0.0)"
"F√ºr einmal eine Juso-Initiative, wo ich nicht nach 5 Sekunden weiss, dass ich nein stimme. Die 100'000-Franken-Grenze verhindert, dass Kleinsparer (wie ich) bestraft werden, wenn sie ihr Geld anlegen.","Sentiment(polarity=-0.5, subjectivity=0.0)"
"@Sumpfhuen Stimmt, bei mir hats 2 Sekunden gedauert...","Sentiment(polarity=0.0, subjectivity=0.0)"
"@Sumpfhuen Kleinsparer? Sie bezeichnen sich als Kleinsparer, wenn sie mehr als 100'000 Franken KAPITALGEWINN haben? Sie erhalten 100k Gewinn, wenn sie 2 Mio zu 5% verzinsen k√∂nnten...So mal 2 Mio zu besitzen, klassischer Kleinsparer? Ich glaube sie haben da was falsch verstanden, oder zumindest eher Grosssparer gemeint.","Sentiment(polarity=-0.25, subjectivity=0.25)"
Die Que(e)rdenker wieder...was war sonst zu erwarten?,"Sentiment(polarity=0.0, subjectivity=0.0)"
Kampf dem Kapitalismus und der B√∂rsenspekulation,"Sentiment(polarity=0.0, subjectivity=0.0)"
@Gesundermenschenverstand Kampf den Braunen (Rote und Gr√ºne)!,"Sentiment(polarity=0.0, subjectivity=0.0)"
@el_perro haha der war gut üòÇ,"Sentiment(polarity=1.0, subjectivity=0.0)"
"@Gesundermenschenverstand , wenn man ihn hat, dann ist man als ersten gegen Linke Sozial und Planwirtschaft und dann erst gegen den Kapitalismus.","Sentiment(polarity=0.7, subjectivity=0.0)"
Kampf dem Kapitalismus und der B√∂rsenspekulation,"Sentiment(polarity=0.0, subjectivity=0.0)"
"Eine weitere Enteignung. Kurzgesagt Wenn man die Reichen plagt, welche meist auch gutausgebildetes Fachpersonal ist, dann werden sie einen Ort suchen wo die Arbeit lukrativer ist. Wir haben in der Schweiz die besten Fachleute weil wir es ihnen hier relativ angenehm machen. Wenn die L√∂hne und das Netto sinkt, werden die besten Fachpersonen als erstes gehen. Die Schweiz muss ein lukrativer Wirtschaftsstandort bleiben. Das schulden wir unseren Grosseltern welche hart f√ºr unser Wohlergehen und unseren Wohlstand gek√§mpft und gearbeitet haben.","Sentiment(polarity=0.11666666666666665, subjectivity=0.0)"
@B Real es geht wie ichs verstehe nicht um die L√∂hne?,"Sentiment(polarity=1.0, subjectivity=0.0)"
"@B Real hast du dich auch nur 5 Minuten mit der Initiative befasst? Finde das meiste der Juso Quatsch, aber hier haben sie mal einen vern√ºnftigen Vorschlag.","Sentiment(polarity=1.0, subjectivity=0.0)"
@Leserin frag mal due Juso ob sie es ok finden dass ich 20k im Monat verdiene.,"Sentiment(polarity=0.0, subjectivity=0.0)"
"@Sumpfhuen Mietzinse, Dividenden und Zinseszinse sind der ‚ÄöLohn‚Äò der Mittel und Oberschicht. Das Geld w√ºrde in lukrativere Anlageklassen fliessen und die Wirtschaft schw√§chen. Ergo w√ºrden die L√∂hne bestimmt nicht steigen, aber die Preise. Das sind Inflationshebel und wenn diese nicht lukrativ sind, wird man andere wege finden. Momentan wird so viel Geld gedruckt von den Zentralbanken wie noch nie zuvor. H√∂here Preise bei gleichbleibendem Lohn = versteckte Steuer (Inflation).","Sentiment(polarity=-0.19999999999999998, subjectivity=0.16666666666666666)"
@B Real Es geht eben NICHT um die L√∂hne!,"Sentiment(polarity=1.0, subjectivity=0.0)"
"@B Real Sie haben wohl nicht verstanden, dass es um die obersten 1% geht welche sicher nicht f√ºr ihr Geld arbeiten. Aber von der SVP und co. wird ihnen eingetrichtert, jeder ein wenig mehr verdient hat wird Zahlen m√ºssen. Es geht nicht um Zehn oder Hunderttausende mehr an einkommen, sondern um Millionen und Milliarden. Das ist Falsch. Aber wenn die SVP dem Schweizer mit der ""Wirtschaft"" droht, dann gibt er sofort klein bei und hinterfragt nichts. Und ist die Wirtschaftslage besser Profitiert das Fussvolk wohl kaum, du bekommst Zehn Franken mehr, und irgendwelche Hedgefonds-Manager Zehn Millionen mehr. Und wer hat gearbeitet?","Sentiment(polarity=-0.125, subjectivity=0.3125)"
"@julschmi Ich f√ºrchte, Du hast nicht verstanden, dass hier wesentlich mehr Personen als nur das reichste 1% negativ betroffen w√§ren. Einmal mehr hat die JUSOSP als einziges Rezept nur Steuererh√∂hungen als L√∂sung, irgendwelche anderen konstruktiven Beitr√§ge gibt es bei denen leider nicht.","Sentiment(polarity=0.25, subjectivity=0.25)"
"das finde ich, zum ersten mal bei der juso eine sinnvolle idee um der sozialen ungleichheit entgegenzuwirken. klar dass der BR dad nicht will ;)","Sentiment(polarity=0.925, subjectivity=0.0)"
steuern oder service public...ich weiss wchon jetzt das alles ins linke fass ohne boden wandert und der b√ºrger nie eine steuererleichterung sieht. oder wchafft die billag ab. aber auch das wunschdenken.,"Sentiment(polarity=-0.2333333333333333, subjectivity=0.0)"
"Klingt gut. Gem. einer k√ºrzlichen Studie sind noch immer die meisten Reichen auch reich geboren, sprich haben es nur geerbt. Somit brauchen die Leute hier nicht zu jammern, dass ihnen ihr sauer verdientes Geld gestolen wird. Die welche n√§mlich wirklich daf√ºr arbeiten betrifft es am wenigsten.","Sentiment(polarity=0.33999999999999997, subjectivity=0.0)"
"@Mike101 haha der reiche Schweizer will anderen etwas von unfairen Verm√∂gensverteilung lehren. Ihren ,,hart verdienten Wohlstand‚Äò‚Äò basiert auch nur darauf das wir als Europ√§er das Gl√ºck hatten hier geboren zu sein. Auch sie wurden reich geboren, wenn sie das noch nicht wahrgenommen haben leben sie in einer Blase. Wenn sie es unfair finden dass Andere leichter Wohlstand gewinnen k√∂nnen, sollten sie den ersten Schritt wagen. Aber nein, dass wollen sie nat√ºrlich nicht, also warum sollten Reiche auf ihr Erbe verzichten?","Sentiment(polarity=0.5016666666666666, subjectivity=0.0)"
"@Hklzt Oft wird ja Eigentum ver-geerbt. Eigentum auf einem St√ºck Land. Dass man ein St√ºck Land besitzen kann, ist ja schon per se irrsinnig, das sollten Allen bzw der Natur geh√∂ren. Nur weil mal ein Spassvogel alles in Zonen aufgeteilt hat und das Personen erworben haben, bedeutet das doch nichts. Land kann man nicht besitzen meiner Meinung nach. Und der Gipfel davon ist, dass man das St√ºck Land seinem Nachwuchs weitergeben kann, der √ºberhaupt nichts dazu beigetragen hatte, weder mit der Geldbeschaffung noch Anderem, um den Eigentum zu erwirtschaftenbauen. Somit bleiben Reiche reich, w√§hrend Arme arm bleiben. Es besteht keine gerechte Ausgangslage f√ºr alle Menschen, nicht einmal in der Schweiz.","Sentiment(polarity=-0.20625, subjectivity=0.1)"
"Sie sollten sich die Neidpartei nennen, nicht die JUSO. Wenn wir immer allen die zu beneiden sind alles Weggenommen h√§tten, w√ºrden wir noch in H√∂hlen leben. Genauso wie jede sozialistische Gesellschaft sich in Steinzeitalter zur√ºck entwickelt. Ja alles haben gleich viel, aber alle haben nichts am Schluss. Wo kein Anreiz, da keine Entwicklung.","Sentiment(polarity=-0.2, subjectivity=0.2)"
"Mann soll statt dieses den gewinn der grossfirmen nicht nur besteuern in das land wo die sitzung haben, aber in das land wo das gewinn realisiert ist. So solltle den pahr 100 millionen (oder was dan auch) gewinn das Apple oder Google in der CH macht, in der CH besteuert werden.","Sentiment(polarity=0.0, subjectivity=0.0)"
"@UweSchreiner Ich ahne, was Du sagen willst und bin daf√ºr.","Sentiment(polarity=0.0, subjectivity=0.0)"
"@UweSchreiner das w√§re aber sehr schlecht f√ºr die Schweiz und ihre vielen Pharmafirmen, die dann in der Schweiz massiv weniger Steuern zahlen m√ºssten!!","Sentiment(polarity=-0.3375, subjectivity=0.125)"
Schon wieder eine Initiative die √ºberladen ist‚Ä¶ chancenlos‚Ä¶ man k√∂nnte ja mal mit den Kapitalgewinnen anfangen,"Sentiment(polarity=0.0, subjectivity=0.0)"
"@Grosi70 ne, das w√ºrde zu viele Eltern der JUSO treffen","Sentiment(polarity=0.0, subjectivity=1.0)"
@Grosi70. So wie in √ñsterreich. Bei Aktiengewinnen wird abkassiert und bei Verlust nicht zur√ºckbezahlt. Alle Risiken beim Aktion√§r und der Staatsangestellte lacht sich ins f√§ustchen.,"Sentiment(polarity=0.25, subjectivity=0.0)"
"Da die lieben Jusos ja noch nie gearbeitet und eigenes Geld verdient haben, machen sie halt das was sie am besten k√∂nnen andere arbeiten und Steuern zahlen lassen, und sich durchf√ºttern lassen","Sentiment(polarity=0.15000000000000002, subjectivity=0.0)"
Die Juso will die fleissigen und sparsamem die ihr Geld gut investieren um z.B f√ºr die pension gut vorbereitet zu sein bestrafen und die faulen verschwenderischen belohnen. Unfassbar,"Sentiment(polarity=0.27, subjectivity=0.0)"
@Malican also sich selbst belohnen,"Sentiment(polarity=1.0, subjectivity=0.0)"
@Malican also sich selbst belohnen,"Sentiment(polarity=1.0, subjectivity=0.0)"
"Die Juso- Leute sollen einmal selber Arbeiten, damit sie selber merken, wie man √ºberhaupt Geld verdienen kann. Aber so k√∂nnt ihr alles vergessen. Das Wort ""Arbeit"" ist und bleibt f√ºr euch ein Fremdwort.","Sentiment(polarity=-0.2333333333333333, subjectivity=0.26666666666666666)"
JUSO = NEIN punkt,"Sentiment(polarity=0.0, subjectivity=0.0)"
Haben Diese Juso eigentlich auch einen Leistungsausweis? Oder nur einfach Juso sein?,"Sentiment(polarity=0.35, subjectivity=0.0)"
"@Neuernick Kurze Antwort Nein, haben sie nicht","Sentiment(polarity=0.0, subjectivity=0.0)"
"@Neuernick. Politiker kann sich jeder nennen. Sit nicht gesch√ºtzt und braucht weder Kenntnise, Lehre, noch Schul schluss.","Sentiment(polarity=-0.11666666666666665, subjectivity=0.0)"
"Langsam wird's unertr√§glich. Diese elende ich-ich-ich-Philosophie. Die Besserverdiener sind nicht automatisch einfach reich. Sie arbeiten meist hart daf√ºr, zahlen eine langj√§hrige Ausbildung bis nach 30, bauen oder kaufen ein Haus und m√ºssen das dann gleich doppelt bezahlen, denn man muss den Eigenmietwert versteuern. Das nur ein Beispiel. Wir finanzieren die sozial Schw√§cheren eh schon mit Sozialamt, Erg√§nzungsleistungen, Krankenkassenpr√§mien, h√∂heren Steuern und und und. Hab' keine Lust, hier alles aufzuz√§hlen. Soweit so gut, aber es sind immer Dieselben, die immer nur mehr wollen, wollen und fordern, aber selber nix bringen.","Sentiment(polarity=-0.14166666666666666, subjectivity=0.0625)"
"@Loxx und denkt nicht, dass wenn einige mehr zahlen, ihr dann weniger zahlt","Sentiment(polarity=0.0, subjectivity=1.0)"
"Erst mal den RentenbetrugDiebstahl bei doppelt verdienenden Ehepaaren abschaffen. Bis dahin NEIN zu allen Vorlagen. Ich habe die Nase voll davon, immer f√ºr andere zu bezahlen und am Schluss der Gelackmaierte zu sein.","Sentiment(polarity=-0.3333333333333333, subjectivity=0.0)"
@Marten und die Ehepaarsteuer auch,"Sentiment(polarity=0.0, subjectivity=0.0)"
"@Grosi70 und die h√∂here Progression auch, und den Eigenmietwert auch, und‚Ä¶","Sentiment(polarity=0.0, subjectivity=0.0)"
"Bin absolut daf√ºr, aber da von der Juso NEIN","Sentiment(polarity=0.7, subjectivity=0.0)"
"@Bronsohn. Das Stimmverhalten auf den Parteinamen zu beschr√§nken, ist beschr√§nkt. Leider ist aus der SP Ecke bereits seit etlichen Jahren nichts sinnvolles gekommen, und von den Juso mag ich mich nicht an etwas erinnern.","Sentiment(polarity=-0.05000000000000001, subjectivity=0.0)"
Nimmt die JUSO eigentlich irgend jemand ernst?,"Sentiment(polarity=0.0, subjectivity=0.0)"
"Bundesrat ist dagegen... Ok...nehme an... Fertig lustig... ""Ha ke Luscht"" me uf solche Regierung...nun wird immer Gegenteil abgestimmt.","Sentiment(polarity=0.5, subjectivity=0.0)"
@FreeWorld Wie erwachsen!,"Sentiment(polarity=0.0, subjectivity=0.0)"
Die JUSO will wohl jede Pensionskasse bodigen?,"Sentiment(polarity=0.0, subjectivity=0.0)"
@Samas Es geht bei der Initiative nur um nat√ºrliche Personen. Die Pensionskasse ist also davon gar nicht betroffen.,"Sentiment(polarity=0.0, subjectivity=0.4)"
"@Hoel Weisst Du eigentlich, wem das Geld der Pensionskassen geh√∂rt ( welches f√ºr exorbitante Geh√§lter verschwendet wird ) ?","Sentiment(polarity=0.0, subjectivity=0.0)"
@Samas eines muss man den Sozis lassen ohne sie g√§be es √ºberhaupt keine Pensionskasse.,"Sentiment(polarity=0.0, subjectivity=0.8)"
Alles sch√∂n und gut aber die Auswirkungen auf die Wirtschaft und den SMI w√§ren zu gross‚Ä¶ Bitte Nicht Juso,"Sentiment(polarity=1.0, subjectivity=0.0)"
was f√ºr eine weltfremde partei!,"Sentiment(polarity=0.0, subjectivity=0.0)"
"Initiative von der Juso, da muss ich nichtmal den Initiativtext lesen um mir eine Meinung zu bilden. Die sollen zuerst mal arbeiten und nicht weiter unsere Steuergelder abkassieren.","Sentiment(polarity=0.0, subjectivity=0.0)"
"@Apy Grunds√§tzlich bin ich der Meinung, dass man mit dem Stimmrecht auch eine Verantwortung hat und nicht etwas annehmen oder ablehnen sollte, weil es von einer bestimmten Partei kommt. Allerdings kann ich mich an keine Vorlage der Juso erinnern, bei der ich mir nicht an den Kopf fassen musste.","Sentiment(polarity=-0.425, subjectivity=0.0)"
@el_perro. Meine Worte. Danke.,"Sentiment(polarity=0.0, subjectivity=0.0)"
"Ich denke, dass ich nicht daf√ºr bin.","Sentiment(polarity=0.0, subjectivity=0.0)"
Was von der juso kommt ist generell abzulehnen.,"Sentiment(polarity=0.0, subjectivity=0.0)"
"Wie bei jeder Initiative, SVP sagt Wohlstand ist bedroht und alle "" Oh Nein Hilfe, ich muss sofort tun was die SVP will"". Jedes mal das gleiche, ist sowohl lustig wie auch traurig zum anschauen.","Sentiment(polarity=0.0, subjectivity=0.0)"
Ich empfehle die B√∂rsengewinn und Kryptow√§hrungssteuer!! Das sind gerechte Steuern! ü§î,"Sentiment(polarity=-0.2333333333333333, subjectivity=0.0)"
"Klartext bei 20 min wie immer unerw√ºnscht, es lebt sich eben gut ‚ÄûVan den anderen.‚Äú","Sentiment(polarity=0.15000000000000002, subjectivity=0.0)"
"Seit Covid-Massnahmen werde ich JEDE Abstimmung wie folgt abhandeln Schauen was Bundesrat will, dann das Gegenteil einwerfen. Wird so bleiben bis Massnahmen fallen.","Sentiment(polarity=0.35, subjectivity=0.0)"
"In der aktuellen Fassung leider nicht brauchbar und extrem Wirtschaftssch√§dlich. Gerade gegen√ºber Startups und Enterpreneuren, was in der Regel diejenigen sind die der etablierten Ordnung der Superreichen ans Bein pinkeln und wirtschaftliche wie gesellschaftliche Ver√§nderungen vorantreiben. Der Freibetrag ist viel zu niedrig und wiederinvestierte Einnahmen sollten davon ausgenommen werden. Es ist jetzt schon ein Risenchrampf in der CH ein Startup zu gr√ºnden und zum Erfolg zu bringen. Kommt jetzt diese Sozisteuer noch dazu, wird es ganz und gar unatraktiv.","Sentiment(polarity=-0.2, subjectivity=0.16)"
"Da braucht es keine Kampagne, die JUSO nimmt keiner ernst. Zumindest keiner der denken kann.","Sentiment(polarity=0.0, subjectivity=0.0)"
Initiativen von der Juso m√ºssen jederzeit abgelehnt werden. Jemand muss in der CH noch arbeiten und Unternehmerin sein.,"Sentiment(polarity=-0.5, subjectivity=0.0)"
"Na ja, wenn ich mal ganz einfache Hirnzellen aktiviere stelle ich fest, Dass jeder einzelne in diesem Land von wohlhabenden profitiert. 1. Sie schaffen Arbeitspl√§tze und geben uns Jobs 2. Sie bezahlen den gr√∂ssten Teil der Steuern 3. Viele unterst√ºtzen freiwillig div. Institutionen 4. Das Gros der verm√∂genden sind stille Schaffer, die, wie erw√§hnt einem grossen Teil unserer Gesellschaft Arbeitspl√§tze zur Verf√ºgung stellen. 5. W√ºrde man das gesamte Verm√∂gen auf alle Menschen aufteilen, was w√ºrde passieren? Viele w√ºrde damit nicht umgehen k√∂nnen, das Geld selbsts√ºchtig und egoistisch verprassen. Einige gingen vern√ºnftig damit um. Einige gingen klever damit um und w√ºrden Firmen gr√ºnden, Arbeitspl√§tze schaffen und mehr aus ihrem Grld machen - Quintessenz in einigen Jahren ist alles beim Alten. Habt ihr was bemerkt!!!?? Und wir gesagt, es ist eine mehr als einfache Regel. Also es gibt nichts d√ºmmeres als die Hand zu beissen","Sentiment(polarity=-0.0011111111111110998, subjectivity=0.12222222222222222)"
Heutzutage kommt man sowieso nur noch dank der geringen Kapitalgewinnsteuern aus der Armutsspirale raus. Ansonsten ist fast jeder von uns in 1-4 Jahren Arbeitslosigkeit bankrott. Als junge Person werde ich mir die Dekaden von Zinseszinsen beziehungsweise kumulativen Wachstum nicht nehmen lassen.,"Sentiment(polarity=-0.4666666666666666, subjectivity=0.0)"
"Ich hab mich extra registriert um euch zu bitten ein JA einzuwerfen. Bitte nicht immer nachplappern was der Bundesrat m√∂chte. Wir, das Volk, m√ºssen auch mal auf uns schauen, und uns gehts definitiv besser wenn die Initiative angenommen wird. Klar wird jetzt Angst gemacht, aber schaut mal von wem, genau von den Reichen und M√§chtigen. Zeigt dem Bundesrat dass genug ist und endlich Fair besteuert werden soll. Es kann ja nicht sein dass man als Mittelst√§ndiger kaum das Geld f√ºr die Steuern zusammen kriegt, und andere sich 5 Jachten kaufen.","Sentiment(polarity=0.513888888888889, subjectivity=0.05555555555555555)"
@CPali wenn sie ungl√ºcklich sind mit ihrem beruf und ihrer stelle sollten sie schauen wie sie ihre situation verbessern k√∂nnten. vielleicht mit einem stellenwechsel?,"Sentiment(polarity=-0.07500000000000001, subjectivity=0.0)"
"@CPali, Wer unter dem Jahr spart kann ende Jahr seine Steuern ohne Probleme bezahlen. Aber ""Mittelst√§ndige"" leben halt oft √ºber ihre Verh√§ltnisse.! Dazu geh√∂ren Anscheinend auch sie.","Sentiment(polarity=-0.2833333333333333, subjectivity=0.0)"
"@CPali, Wer unter dem Jahr spart kann ende Jahr seine Steuern ohne Probleme bezahlen. Aber ""Mittelst√§ndige"" leben halt oft √ºber ihre Verh√§ltnisse.! Dazu geh√∂ren Anscheinend auch sie.","Sentiment(polarity=-0.2833333333333333, subjectivity=0.0)"
@CPali Genau das ist so‚Ä¶Also geht an die Urne und legt ein Ja ein‚Ä¶,"Sentiment(polarity=0.0, subjectivity=0.0)"
@CPali Und genau deswegen sage ich Nein. Diese Initiative wird uns noch teuer zu stehen kommen vorallem f√ºr den Mittelstand.,"Sentiment(polarity=0.0, subjectivity=0.0)"
"@beatbachmann Ich verdiene genug und hab einen sch√∂nen Job ) bezahle auch 2 L√∂hne Steuern. Aber ich weiss das wir als Menschheit immer besser fahren wenn wir zusammen halten und nicht jeder egoistisch versucht m√∂glichst viel schotter anzusammeln. Falls ihnen das nicht bewusst ist, keiner von uns kann sein Geld mit ins Grab nehmen. Also wiso nicht mit denen Teilen die kein so sch√∂nes Leben haben wie wir. Ist doch das selbe Prinzip wie die Krankenkasse. Ich bezahle immer brav und hab noch nie einen Franken daraus gebraucht. F√ºr mich ist es v√∂llig normal das man einander unterst√ºtzt und wiso sollen nun die reichen nicht ein wenig zu den Leuten schauen die sie reich gemacht haben.","Sentiment(polarity=0.28928571428571426, subjectivity=0.10714285714285714)"
"@CPali naja viel Hirnz√§lle sin f√ºr so e Ussag nid agstr√§ngt worde Dass jeder einzelne in diesem Land von wohlhabenden profitiert. 1. Sie schaffen Arbeitspl√§tze und geben uns Jobs 2. Sie bezahlen den gr√∂ssten Teil der Steuern 3. Viele unterst√ºtzen freiwillig div. Institutionen 4. Das Gros der verm√∂genden sind stille Schaffer, die, wie erw√§hnt einem grossen Teil unserer Gesellschaft Arbeitspl√§tze zur Verf√ºgung stellen. 5. W√ºrde man das gesamte Verm√∂gen auf alle Menschen aufteilen, was w√ºrde passieren? Viele w√ºrde damit nicht umgehen k√∂nnen, das Geld selbsts√ºchtig und egoistisch verprassen. Einige gingen vern√ºnftig damit um. Einige gingen klever damit um und w√ºrden Firmen gr√ºnden, Arbeitspl√§tze schaffen und mehr aus ihrem Grld machen - Quintessenz in einigen Jahren ist alles beim Alten. Habt ihr was bemerkt!!!?? Und wir gesagt, es ist eine mehr als einfache Regel. Also es gibt nichts d√ºmmeres als die Hand zu beissen","Sentiment(polarity=0.04555555555555556, subjectivity=0.18888888888888886)"
@Edely Gibt jemand aus dem Mittelstand sowas von sich!!???,"Sentiment(polarity=0.0, subjectivity=0.0)"
"@CPali Ganz einfach, wenn sie recht h√§tten, k√∂nnten wir alle Reichen aus der Schweiz entfernen und dann h√§tten alle anderen mehr Geld. Wenn nicht, ist es so, dass alle anderen vom Geld dieser profitieren. Was glauben sie ist wahr ?","Sentiment(polarity=0.39166666666666666, subjectivity=0.08333333333333333)"
"@Kumniddrus Die B√ºezer schaffen den ganzen Wohlstand, nicht die Besitzer! Vor 30 Jahren hielten die 100 reichsten Menschen der Schweiz ein Verm√∂gen von knapp 70 Milliarden Franken, jetzt sind es ueber 700 Milliarden!!! Der Durchschnittslohn wiederum ist in der gleichen Zeit nur von 52'000 pro Jahr auf 65'000 pro Jahr gestiegen.","Sentiment(polarity=0.0, subjectivity=0.0)"
"@CPali da k√∂nnten Sie sich noch t√§uschen, das mit dem besser gehen meine ich.","Sentiment(polarity=-0.7, subjectivity=0.0)"
"@Kumniddrus Du bist denen also auch schon voll auf den Leim gegangen. Die allermeisten, welche von dieser Steuer betroffen w√§ren, haben keinen Finger f√ºr Ihren Wohlstand krumm gemacht. Das Kapital wird immer sch√∂n weitervererbt. Die machen solch hohe Renditen, die eben nur mit entsprechend viel Kapital m√∂glich sind. Davon sind dann halt 90% der Menschheit ausgeschlossen. Das hat absolut nichts mit Fleiss, Geschick oder sonstwas zu tun. Einfach Gl√ºck gehabt bei der Geburtslotterie. Aber ja, solange wir Lemminge der Meinung sind, dass wir doch gef√§lligst zufrieden sein sollen und wir den Kapitalisten doch sooo viel zu verdanken haben... tja, solange wird sich tats√§chlich nichts √§ndern. Wenn alle so denken w√ºrden, w√ºrden wir ewig auf der Stelle treten. Du denkst sie stellen uns Arbeitspl√§tze zur Verf√ºgung? Falsche Sichtweise Wir stellen Ihnen unsere Arbeitskraft zur Verf√ºgung. Ohne uns h√§tten die nicht ihren Wohlstand. Zeit, sich ein St√ºck davon abzuschneiden. Das steht uns zu!","Sentiment(polarity=0.09999999999999999, subjectivity=0.14285714285714285)"
"@CPali Nicht alle plappern nach, sondern k√∂nnen selbst√§ndig denken. Darum kommt ein NEIN zustande bei mir. Wenn diese guten Steuerzahler weg sind, dann hoffe ich ihre Taschen in die sie dann greifen m√ºssen, sind tief genug.","Sentiment(polarity=0.5, subjectivity=0.0)"
@CPali leider hast du weder von Volkswirtschaft noch von Betriebswirtschaft auch nur einen blassen Dunst. Bilde sich weiter und mach eine vern√ºnftige Ausbildung. Das √∂ffnet deine linken √Ñuglein.,"Sentiment(polarity=0.10000000000000002, subjectivity=0.0)"
@A.Ku Es darf sicher noch nicht abstimmen‚Ä¶,"Sentiment(polarity=0.7, subjectivity=0.0)"
