"Eine sogenannte illegale Zur√ºckweisung ist nur eine Abwehrreaktion eines Staates auf illegales Eindringen in sein Staatsgebiet. Wer illegal eindringt, fliegt auch illegal wieder raus.","Sentiment(polarity=0.0, subjectivity=0.0)"
Dabei ist jeder Pushback ein Erfolg f√ºr die Schweiz. Also alles ok Herr Leggeri,"Sentiment(polarity=0.0, subjectivity=0.0)"
"Die Berner Polizisten haben sich bei den Aktivisten auf Geheiss der Stadtregierung entschuldigt und ihnen je eine √ñV Tageskarte ausgeh√§ndigt, damit sie nicht schwarz unterwegs sein m√ºssen.","Sentiment(polarity=0.325, subjectivity=0.0)"
"Warum befreien?? Irgendwan haben sie hunger, durst oder m√ºssen auf‚Äòs WC. Keine beachtung geben ist das sinnvollste","Sentiment(polarity=0.0, subjectivity=0.0)"
"ich bin ein Geschwindigkeitsaktivist,Herr Richter...kein Raser.","Sentiment(polarity=0.0, subjectivity=0.0)"
"Warum muss man die befreien,lasst sie doch dort und beachtet sie nicht. Aber man muss ihnen ja unbedingt diese Aufmerksamkeit geben. Somit haben sie das Ziel erreicht ü§∑‚Äç‚ôÄÔ∏è","Sentiment(polarity=0.0, subjectivity=0.0)"
"Ich kann verstehen, dass man Zeichen aetzen will. Was ich nicht verstehe ist, warum auf Steuerkosten die Feuerwehr die Arbeit erledigt. Wer sich ankettet, kann sich ja auch wieder entketten. Und Zeit genug ware ja da, um die Personalien aufzunehmen und entsprechende hohe Bussen auszusprechen.","Sentiment(polarity=0.175, subjectivity=0.0)"
"Diese Kosten will ich nicht finanzieren!! Wenn sie sich festkleben oder anbinden oder antakkern ist mir das v√∂llig wurscht. Macht euer Ding , wenn ihr m√ºsst- bloss lasst alle anderen Menschen in Ruhe!","Sentiment(polarity=0.0, subjectivity=0.0)"
Warum beffeien? Lasst die Aktivisten doch angekettet. Schadet ja niemanden.,"Sentiment(polarity=-0.3333333333333333, subjectivity=0.0)"
Ich h√§tte die Demonstrierenden bis am Montagmorgen angekettet gelassen! -),"Sentiment(polarity=0.0, subjectivity=0.0)"
"Die Demonstranten k√∂nnen ja ebenfalls an der Volkabstimmung teilnehmen, falls sie stimmberechtigt sind! Gewisse Zeitgenossen haben ein eigenartiges Verst√§ndnis f√ºr Demokratie!","Sentiment(polarity=-0.5, subjectivity=0.0)"
"Diese sogenannten ‚ÄûAktivisten‚Äú scheinen insbesondere Freitags immer √ºber sehr viel Freizeit zu verf√ºgen. K√∂nnte es eventuell sein, dass diese keiner Erwerbst√§tigkeit nachgehen?","Sentiment(polarity=0.0, subjectivity=0.5)"
"Wie w√§rs wenn die Aktivisten die Stassen in der Ukraine blockieren w√ºrden? Das w√§r sinnvoller 1. Krieg ist extrem Klima sch√§digend (Panzer, Flugzeuge sind keine ElektroFZ). 2.Krieg t√∂tet Menschen und Tiere.","Sentiment(polarity=-0.175, subjectivity=0.0)"
Ich h√§tte sie dort sitzen lassen,"Sentiment(polarity=0.0, subjectivity=0.0)"
Die Kosten f√ºr den Einsatz m√ºsste eigentlich von den Aktivisten bezahlt werden....Aber eben sind wahrscheinlich nicht Zahlungsf√§higkeit und leben vom Staat.,"Sentiment(polarity=-1.0, subjectivity=0.0)"
"Jetzt reichts aber bald‚Ä¶..entweder den ganzen einsatz voll verrechnen oder n√§chstel mal angekettet lassen. Bin gespannt wie lange sie dann dort sind bei wind, regen und nichts zu essen etc","Sentiment(polarity=0.0, subjectivity=0.0)"
"Ob angeleimt oder angekettet, dies haben sie selber und freiwillig getan, also k√∂nnen sie auch selber schauen, wie sie wieder freikommen. Wenn sie dabei Hilfe ben√∂tigen, hilft ein ganz starker Ruck und Zerren bestimmt. Das wichtigste sind die Personalien damit die Rechnung f√ºr den Einsatz zugestellt werden kann.","Sentiment(polarity=0.2333333333333333, subjectivity=0.0)"
Warum l√§sst man diese nicht dran.? Am Wochenende mit Regen k√∂nnen diese Personen sich Gedanken machen wo sie lieber w√§ren,"Sentiment(polarity=0.5, subjectivity=0.0)"
Macht mich immer mehr fassungslos. ‚ÄûAusser Wegweisungen keine Konsequenzen‚Äú. Und wenn der Otto normal B√ºrger das kleinste Vergehen t√§tigt wird er zur Kasse gebeten und von der Polizei auf die gr√∂bste Art und Weise angegangen.,"Sentiment(polarity=-0.22222222222222224, subjectivity=0.0)"
"@Winu 1 wenn Ottonormal-Schweizer‚Ä¶Moment Mal m√ºsste das nicht Hans-Heiri-Normalschweizer lauten (Otto ist doch eher typisch Deutsch). Also wenn Hans-Heiri-Normalschweizer nicht in Kadavergehorsam alles widerspruchslos hinnehmen w√ºrde, s√§he es doch da bestimmt auch anders aus.","Sentiment(polarity=-0.425, subjectivity=0.0)"
"Bei jeder Aktion lese ich nur w√ºtende Kommentare und das Unverst√§ndnis ist √ºberwiegt bei weitem. Da sollte auch dem hinterletztem Aktivist klar sein, dass diese Aktionen rein garnichts bringen, als das Gegenteil. Die Wut wird mit jeder Aktion gr√∂sser und die Umwelt zus√§tzlich und willentlich belastet. Wieso zum Teufel sorgt Ihr nicht f√ºr positive Schlagzeilen indem Ihr ZB am Sonntag 0600 Uhr das Seeufer r√§umt, oder einer betagten Person mit der Scheere den Rasen schneidet? Etwa weil dies mit Arbeit verbunden ist und faul rumsitzen eher Eurer Lebenseinstellung entspricht?","Sentiment(polarity=0.0, subjectivity=0.0)"
"@WillhelmTell22 So was fordere ich schon lange,damit sie endlich mal etwas sinnvolles tun.Aber eben das ist zu wenig interessant und zudem anstrengend. Die wollen gesehen, fotografiert und gelesen werden. Komische Jugend,macht mir angst","Sentiment(polarity=0.5, subjectivity=0.0)"
"Unsere kunterbunte Traumtanztruppe ist mal wieder ""aktiv"".","Sentiment(polarity=1.0, subjectivity=0.0)"
"solange die nette Simon noch im Amt ist, √§ndert sich nichts","Sentiment(polarity=1.0, subjectivity=0.0)"
"Ein Feuerwehr- und Polizeieinsatz kostet schnell mal 5'000.00 - bezahlen die Typen in Bar, mit Karte oder Sitzen sie den Betrag auf unsere Kosten im Knast ab . . . ?","Sentiment(polarity=-0.07500000000000001, subjectivity=0.0)"
Und wir arbeitenden bezahlen dann wieder den Einsatz der Feuerwehr,"Sentiment(polarity=-1.0, subjectivity=0.0)"
Es gibt Politische Richtungen die den Grenzschutz und die Landesverteidigung An Frontex und NATO auslagern m√∂chten mit Geld Zahlungen. Neutralit√§t geht anders! Diese Politischen Parteien sind bekannt und werden Politisch bek√§mpft!,"Sentiment(polarity=0.0, subjectivity=0.0)"
"@Quer4denker Mir w√§re es auch lieber wenn wir wieder unsere eigene Grenze selber kontrollieren. Aber die meisten Parteien, allen voran die Linken, wollten ja das Schengener Abkommen. Nun sind es wieder jene welche am meisten rumjammern! Dasselbe mit der K√ºndigung unserer Neutralit√§t. Jetzt m√ºssen wir wieder unsere Armee aufstocken aber das passt ihnen auch nicht in den Kram.","Sentiment(polarity=0.06000000000000001, subjectivity=0.0)"
der Einsatz wird den Aktivisten hoffentlich verrechnet!,"Sentiment(polarity=0.0, subjectivity=0.0)"
"Alle anketten, Namen, Ausweis verlangen und knallhart und hohe Bussen geben. Dazu Polizeiaufwand verrechnen lassen !","Sentiment(polarity=-0.35, subjectivity=0.0)"
Danke an die Aktivisten. Ich habe soeben f√ºr die Erh√∂hung des Frontex Beitrages gestimmt. √ú,"Sentiment(polarity=0.0, subjectivity=0.0)"
"@PalmaXx Frontex wirds freuen. So kann man wieder den Schleppern etwas Geld bezahlen, und Gummiboote im Mittelmeer ""retten"".","Sentiment(polarity=0.0, subjectivity=0.0)"
Ich nehme an die Kosten des Einsatzes wurden dirket √ºber Krditkarte einakssiert? Oder?,"Sentiment(polarity=0.0, subjectivity=0.0)"
Arbeiten w√ºrde diesen Leuten sicher nicht schaden und ist gut auf andere Gedanken zu kommen. Hilft Natur Landschaft und ist gut f√ºrs Klima,"Sentiment(polarity=0.7916666666666667, subjectivity=0.0)"
"Frontex eine private Firma √ºbernimmt f√ºr horrendes Steuer-Geld Aufgaben, die eigentlich durch die Staaten selbst √ºbernommen werden sollten! Demn√§cht wird noch die Polizei privatisiert‚Ä¶‚Ä¶","Sentiment(polarity=0.0, subjectivity=0.0)"
@MarkusHa. Privatfirma? Lies Dich schlau‚Ä¶,"Sentiment(polarity=0.0, subjectivity=0.0)"
"Mir w√§re es lieber sie sitzen statt vor dem Gitter, dahinter.","Sentiment(polarity=0.0, subjectivity=0.0)"
also ich h√§tte keine zeit. ich muss n√§mlich arbeiten um mein leben zu finanzieren,"Sentiment(polarity=0.0, subjectivity=0.0)"
Warum nimmt man nicht endlich von jedem die Daten auf und schickt ihnen jedesmal die Rechnung f√ºr diese teuren Eins√§tze???,"Sentiment(polarity=0.0, subjectivity=0.0)"
1.Frage sind die zu feige ihr Gesicht zu zeigen oder warum tragen die Masken? 2.Frage was haben die gegen die wertvolle Arbeit von Frontex? 3.Frage wie w√§rs mit 1 Woche Ersatzhaft f√ºr die entstandenen Einsatz-Kosten von unbewilligten Demos? finanziell zu holen ist bei denen ja nichts. Unsere Kuscheljustiz braucht dringend eine Gesetzesreform,"Sentiment(polarity=0.06000000000000001, subjectivity=0.0)"
"Bin auch f√ºr Umweltschutz. Frage mich aber, ob die Aktivisten alle OHNE Mobilephone leben, aus Sorge zur Umwelt. Die Seltenen Erden m√ºssen ja mit viel Umweltzerst√∂rung gewonnen werden. Sie sollten sofort ihre Natels abgeben","Sentiment(polarity=0.125, subjectivity=0.125)"
@Jeroma Wie sollen sie denn ohne Natel kommunizieren. Rauchzeichen verschmutzen die Umwelt auch,"Sentiment(polarity=0.0, subjectivity=0.0)"
"Die ganzen ""Aktivisten"" aktuell gehen mit dermassen auf den Kecks! Sucht euch ein Hobby!","Sentiment(polarity=0.0, subjectivity=0.0)"
"und, bekommen sie einen orden oder knast?","Sentiment(polarity=0.0, subjectivity=0.0)"
"Mich w√ºrde bei jedem einzelnen Aktivist gerne mal interessieren, ob diese berufst√§tig sind, also nur um absch√§tzen zu k√∂nnen, ob sie √ºberhaupt einen Beitrag zum Allgemeinwohl leisten. Oder ob sie nur destruktiv die anderen am Leben hindern.","Sentiment(polarity=-0.175, subjectivity=0.2)"
"Die Stadtberner Reitschule hatte Ausgang, ist ja nun auch etwas w√§rmer Abends. Ger√ºchten zu Folge sei jedoch der wirkliche Grund der Demo die Beschlagnahme ihres Import-Drogenhanfs am Zoll gewesen. Noch Fragen..?","Sentiment(polarity=0.3333333333333333, subjectivity=0.0)"
"ich h√§tte da noch ein vorschlag. mit dem auto so nah ranfahren, dass der auspuff vom auto oder lastwagen grad direkt auf kopfh√∂he steht und dann mal einfach laufen lassen. da ist mir auch das benzin daf√ºr wert dass ich das auto stehend laufen lasse","Sentiment(polarity=0.26666666666666666, subjectivity=0.0)"
@Menorca und die Busse hoffentlich auch. üëçüèº,"Sentiment(polarity=0.0, subjectivity=0.0)"
alle kosten plus eine extra betrag soll man denen in rechnungstellen. bei zahlungsunf√§higkeit knast,"Sentiment(polarity=0.0, subjectivity=0.0)"
von mir gab es ein nein organspende ja filmgesetz nein,"Sentiment(polarity=0.0, subjectivity=0.0)"
"Was die EU will,, ist, viel mehr Geld von der Schweiz, f√ºr Etwas, das gar nie Funktionieren darf.","Sentiment(polarity=0.0, subjectivity=0.9)"
"Wenn Erneuerungen von der EU kommen, dann blinken bei mir immer alle L√§mpchen Rot. Aber da, haben sogar ein paar ""gekl√∂pft"". Schengen-Dublin hat noch nie Funktioniert. Dann kann auch Frontex nie funktionieren. Der oberste Chef, hat sich doch schon Verabschiedet. Wirkt nicht Vertrauensw√ºrdig.","Sentiment(polarity=-0.08333333333333333, subjectivity=0.0)"
"Mag ja sein das bei Frontex nicht alles gl√§nzt. Aber wie w√§re es wohl ohne Frontex ? Gedankenspiel ... (es kommen ja, zumindest laut linker Logik, sicher nur echte Schutzsuchenden, die auch daf√ºr dankbar sind und sich hier anpassen)","Sentiment(polarity=0.5, subjectivity=0.0)"
@Oliver9000 ohne w√§re es genau wie jetzt. Jeder kommt rein,"Sentiment(polarity=0.5, subjectivity=0.0)"
"@Oliver9000  Ich w√ºrde mal sagen, es sollen alle kommen die kommen wollen. Und in 10 Jahren schauen wir dann einmal woran wir sind. Das wird sehr lustig. Ein Versuch w√§re es wert.","Sentiment(polarity=0.25, subjectivity=0.0)"
das ewige gejammere der linken ist schon grund zum ja stimmen,"Sentiment(polarity=-0.7, subjectivity=0.0)"
"In der Umfrage fehlt ""Ich stimme Nein, weil das der Ausweg aus SchengenDublin ist und uns wieder mehr Unabh√§ngigkeit und Selbstbestimmung gibt!""","Sentiment(polarity=0.0, subjectivity=1.0)"
@kenny474  Genau darum habe ich ein NEIN eingelegt.,"Sentiment(polarity=0.0, subjectivity=0.0)"
"Ein klares JA, habe schon abgestimmt. Da ist mir gr√ºn und rot so ziemlich egal.","Sentiment(polarity=0.0, subjectivity=0.0)"
Ich bin klar daf√ºr.,"Sentiment(polarity=1.0, subjectivity=0.0)"
"Warum gibt es eigentlich SP und Gr√ºne? Die erz√§hlen doch immer das Gleiche und die realit√§tsfernen Politiker von denen, lassen sich kaum unterscheiden.","Sentiment(polarity=0.0, subjectivity=0.5)"
@Honophrius PolitkerInnen bitte,"Sentiment(polarity=1.0, subjectivity=0.0)"
"Verstehe nicht wie man gegen die Front-ex Vorlage sein kann. Sollen die Gutmenschen auch ihre Fahrr√§der und Haust√ºren nicht mehr abschliessen (sch√ºtzen), mal schauen was dann passiert....","Sentiment(polarity=0.13124999999999998, subjectivity=0.0)"
"Der nahme Front-ex sagt schon alles. Es geht nur darum mehr Handlungsspielraum zu haben, jedoch nicht zu Gunsten der Betroffenen.","Sentiment(polarity=0.0, subjectivity=0.5)"
@Erkl√§rer danke f√ºr die Erkl√§rung,"Sentiment(polarity=0.0, subjectivity=0.0)"
"Grenzenlose Solidarit√§t? Das ist ja Wahnsinn, die spinnen irgendwo durch.","Sentiment(polarity=0.0, subjectivity=0.0)"
"Wer Ordnung will in Europa, stimmt Ja.","Sentiment(polarity=0.0, subjectivity=0.0)"
"Wenn die Gr√ºnen und die SP dagegen sind, ist es gut.","Sentiment(polarity=1.0, subjectivity=0.0)"
@Honophrius Die SP und die Gr√ºnen interessieren mich nicht.,"Sentiment(polarity=1.0, subjectivity=0.0)"
@Honophrius was genau ist dann gut?,"Sentiment(polarity=1.0, subjectivity=0.0)"
@Honophrius Genau! Hauptsache keine eigene Meinung! ‚ÄûKopfsch√ºttel‚Äú,"Sentiment(polarity=0.0, subjectivity=0.0)"
"Kommen dann gar keine mehr, wenn wir diese Millionen bezahlen? Ich lege noch mein Taschengeld drauf!","Sentiment(polarity=-0.16666666666666666, subjectivity=0.3)"
Ich stimme ja.,"Sentiment(polarity=0.0, subjectivity=0.0)"
‚ÄûGrenzenlose Bewegungsfreiheit f√ºr alle‚Äú‚Ä¶ da freuen sich Drogenh√§ndler schon und sagen Danke.,"Sentiment(polarity=1.0, subjectivity=0.0)"
@Hazel 20 unsere Sozialindustrie w√ºrde sich auch freuen. Die Linke w√ºrde ihrer W√§hlerschaft den Job sichern.,"Sentiment(polarity=0.85, subjectivity=0.0)"
@Jean110 du hast es erfasst!!!,"Sentiment(polarity=0.0, subjectivity=0.0)"
Grenzsicherung kommt g√ºnstiger wie Jahrelange Sozialgelder WG und KK darum ein klares Ja. zudem auch andere L√§nder haben Strenge Grenzen und nicht alle d√ºrfen bleiben z.b Australien Fackelt nicht lange.,"Sentiment(polarity=0.425, subjectivity=0.0)"
"@Hardliner Und wir sind auch eine Insel, aber ohne Wasser rundherum.","Sentiment(polarity=0.0, subjectivity=0.0)"
Klares Ja. Da gibts nichts zu diskutieren.,"Sentiment(polarity=0.5, subjectivity=0.0)"
"@Kindamusic Klar, mein ‚Äû Ja‚Äú habe ich gestern abgeschickt.","Sentiment(polarity=1.0, subjectivity=0.0)"
"Frontex ist ein Fass ohne Boden. Das meiste ist Alibi√ºbung und kann gut den EU B√ºrger verkauft werden. Ich kenne welche die Dienst bei Frontex machen, schlimm was die erz√§hlen was dort abgeht.","Sentiment(polarity=0.0, subjectivity=0.0)"
Erh√∂hung auf 61 Mio? Ich w√ºrde beliebt machen den Beitrag auf 200 Mio zu erh√∂hen. Das Boot ist Voll!,"Sentiment(polarity=0.2333333333333333, subjectivity=0.0)"
@Urteilsvollstrecker Das Geld ist f√ºr die Sozialhilfe Kasse definitiv besser angelegt! Es lebe die UN Fl√ºchtlingskonvention!,"Sentiment(polarity=0.0, subjectivity=0.0)"
@Urteilsvollstrecker Hat schon Faber gesagt,"Sentiment(polarity=0.0, subjectivity=0.0)"
Ich stimme gegen diese Killertruppe.,"Sentiment(polarity=0.0, subjectivity=0.0)"
@Tosio Welche Killergruppe meinst du genau? Die Aufgabe der Frontex ist eben Schutz von europ√§ischen Grenzen vor u.a. diversen Killergruppen.,"Sentiment(polarity=0.0, subjectivity=0.0)"
