"Der Grünen-Co-Präsident Bruno Bienz hat erkannt, dass die Erhöhung der Betreuungskosten weder dem alten noch dem neuen Stadtrat angelastet werden können.Hauptverursacher ist seit Jahren der Kanton. Er hat sich immer wieder mit fragwürdigen Belastungen der Gemeinden saniert. Zusätzlich erhielt er von der Nationalbank grosse Zuschüsse. Andere Kantone unterstützen mit diesen ihre Gemeinden. Die FDP hat im Postulat 294/20 gefordert, dass der Kanton Luzern es auch so macht. Der Kanton hat von der SNB statt die budgetierten 32 Millionen Franken deren 120 Millionen geschenkt bekommen. Die FDP-Fraktion ist der Meinung, dass 40 bis 60 Millionen Franken an die Gemeinden weitergegeben werden sollten. Der Regierungsrat beantwortete die Anfrage der Stadt Kriens wie folgt: Diesem Wunsch kann nicht entsprochen werden denn, «die Gewinne der Schweizerischen Nationalbank (SNB) gehören, soweit sie nicht für die Rückstellungen für Währungsreserven benötigt werden, nach der Dividendenzahlung dem Bund und den Kantonen.»Mit der Unternehmenssteuerreform und AHV-Finanzierung hat der Bund die Kantone an den Einnahmen aus der direkten Bundessteuer neu beteiligt. Es wurde auch eine Gemeindeklausel ins Gesetz aufgenommen, welche auch die Gemeinden für die finanziellen Auswirkungen der Steuersenkungen angemessen entschädigt. Der Kanton Luzern hat die Gemeinden trotz Gemeindeklausel im Gesetz bis heute nicht entschädigt.Ich fordere den Stadtrat Kriens noch einmal dazu auf, diese Gelder gemäss Gemeindeklausel im Bundesgesetz zu Gunsten unseres Finanzhaushalts einzufordern.Enrico Ercolani, Einwohnerrat FDP, liberale Senioren, Kriens",['neutral']
"Ich danke Redaktorin Beatrice Vogel für den Kommentar zum Thema Steuererhöhungen in den Agglomerationsgemeinden. Mehrheitlich tragen die Gemeinden die ihnen in den letzten Jahren zusätzlich vom Kanton übertragenen finanziellen Lasten aus der Aufgaben- und Finanzreform (AFR 18). Hinzu kommt, dass die den Gemeinden vom Kanton vorgeschriebene Steuersenkung (Steuerfussabtausch) gemäss Bundesgericht nicht rechtens war. Wir von der FDP setzen uns schon länger gegen diese Ungerechtigkeit ein. Der Kanton Luzern erhält seit 1. Januar 2020 vom Bund einen höheren Steueranteil der direkten Bundessteuer ausbezahlt (21,2 Prozent statt 17 Prozent). Dies gemäss Bundesgesetz über die Steuerreform und AHV-Finanzierung (Staf-Einnahmen). Wir können es nach wie vor nicht verstehen, weshalb der Kanton Luzern die Gemeinden an diesen Mehreinnahmen nicht angemessen beteiligt. Luzern ist einer der wenigen Kantone in der Schweiz, welche diese Vorgaben nicht gesetzestreu umsetzen. Nun sind wir sehr gespannt auf das Engagement der Krienser Stadträte sowie die Pläne des Regierungsrates beziehungsweise des Kantonsrates. Der Kanton Luzern braucht in Zukunft eine finanziell gut funktionierende Stadtagglomeration, welche die kommenden Herausforderungen auch aus eigener Stärke meistern kann.Jörg Ziemssen, Einwohnerrat FDP, Kriens",['neutral']
"Rosige Aussichten für den Kanton Luzern. Laut der zweiten Hochrechnung zur Rechnung 2021 belaufen sich die kantonalen Steuererträge und der kantonale Anteil an den Bundessteuern – insbesondere bei den juristischen Personen – auf 115,2 Millionen Franken mehr als ursprünglich budgetiert. Das bedeutet zweierlei. Erstens, dass die meisten Unternehmen im Kanton Luzern dank Durchhaltevermögen und Innovationskraft bisher gut durch die Krise gekommen sind. Zweitens, dass sich die konsequente Steuerstrategie, die der Kanton im vergangenen Jahrzehnt verfolgte, bewährt hat.Die Regierung schlägt nun vor, den Steuerfuss schrittweise von 1,7 Einheiten auf 1,65 im Jahr 2022 und 1,6 im 2023 zu senken. Diese Etappierung ist unnötig. Der hohe budgetierte Ertragsüberschuss und die eingebauten Reserven erlauben es, den Steuerfuss bereits 2022 auf 1.6 Einheiten zu senken. Das stärkt die Attraktivität unseres Kantons und liefert einen wichtigen Impuls für den gesamten Wirtschaftskreislauf.Von dieser Entlastung profitieren nämlich sowohl die natürlichen als auch die juristischen Personen. In der Kantonsratssession vom 25./26. Oktober haben wir es in der Hand, Nägel mit Köpfen zu machen.",['neutral']
"Unter dem Titel «Besondere Zeiten erfordern besondere Taten» hat eine Gruppe von 18 Gemeinderätinnen und Gemeinderäte und das ist praktisch die Hälfte des GGR, eine Motion eingereicht, welche Ende Monat zur Überweisung an den Stadtrat traktandiert ist. Die motionierenden Damen und Herren wollen den Stadtrat beauftragen, dem Parlament eine Vorlage zu unterbreiten, die aufzeigt, wie die Stadt Zug in Zusammenarbeit mit Hilfsorganisationen und Partner einen Beitrag – zur globalen Eindämmung der Pandemie durch Hilfe in ärmere Ländern leisten könnte.Es ist unbestritten, dass es leider auf der Welt notleidende Völker gibt und dass in vielen Ländern Hilfe benötigt wird. In Beantwortung einer früheren Interpellation hielt der Stadtrat fest, dass er sich im Falle von grossen Naturkatastrophen und humanitäre Katastrophen jederzeit vorbehalte weitere Finanzmittel zur Genehmigung zu unterbreiten. Dies tat er denn auch schon mehrfach, unter anderem bei der Bergkatastrophe in Bondo GR vor vier Jahren.Während früher die bürgerliche Mehrheit, für solche Anliegen kaum je Gehör entwickelt hat, stehen nun auch Politiker von FDP und der Mitte bereit, diesen gut gemeinten Vorstoss gemeinsam mit der in solchen Fällen stets geeinten Ratslinke zu unterstützen. Doch wissen diese Politiker wie viel Hilfe unser Land weltweit bereits auf breitester finanzieller Basis leistet? Ich glaube nicht.Im Jahr 2020 wendete unser Land 3,343 Milliarden Franken für die öffentliche und private Entwicklungshilfe auf. Das waren im schwierigen Coronajahr 2020 sogar rund 263 Millionen Franken sogar mehr als 2019. Vergleichsweis betrugen die gesamten Militär- und Sicherheitsausgaben der Schweiz 2020 rund 5,35 Milliarden Franken, die höchsten seit Jahren.Mit der Botschaft zur Strategie der internationalen Zusammenarbeit sieht der Bundesrat für die Jahre 2021–2024 fünf Rahmenkredite von insgesamt 11,25 Milliarden Franken vor. Gemäss aktuellen Prognosen wird damit die öffentliche Entwicklungshilfe der Schweiz 2021 bis 2024 voraussichtlich etwa 0,46 Prozent des Bruttonationaleinkommens erreichen. Was heisst das für uns?Bei der heutigen Einwohnerzahl der Schweiz von insgesamt 8,67 Millionen ergibt das im Schnitt rund 385 Franken pro Kopf. Und auf die Stadt Zug mit ihren 31000 Einwohnern umgerechnet, ergibt das rund 12 Millionen Franken konkrete Hilfe für die Dritte Welt. Kantonal wären es übrigens über 50 Millionen Franken. Mitfinanziert wird dieser Beitrag des Bundes von allen Einwohnern, die Bundessteuern zahlen. Jedenfalls sind es eindrückliche Zahlen.In bestimmten Fällen ist nichts gegen städtische Soforthilfe einzuwenden, aber irgendwann ist einfach der Hilfe genug und es wäre wichtiger, dass diese nationale Unterstützung auch wirklich den betroffenen Menschen zugutekommt und nicht in anderen Strukturen versickert. Ich habe unter den Umständen kein schlechtes Gewissen, die erwähnte Motion abzulehnen, denn es gibt noch viele Möglichkeiten in Stadt und Kanton Zug, Wohltätiges und Gutes zu tun, auch wenn bereits auf privater und öffentlicher Ebene Enormes für die Schwächsten hier geleistet wird.Philip C. Brunner, Gemeinderat SVP, Zug",['neutral']
"Die Schweiz ist bekannt für ihre innovative Startup-Szene. Zahlreiche Gründerinnen und Gründer tragen mit Unternehmergeist und Risikobereitschaft wesentlich zum Erfolg unseres Landes bei. So war es zumindest bis jetzt. Mit einer Annahme der Initiative der Juso würde die Attraktivität der Schweiz für Gründerinnen und Gründer jedoch dramatisch einbrechen. Viele Startups werden mit der Hoffnung gegründet, dass sie irgendwann an eine grössere Firma verkauft werden können. Mit der neuen Steuer gäbe es jedoch schlicht keine Anreize mehr, in Startups zu investieren. Denn: Bei einer Annahme der Initiative sollen Kapitalgewinne neu mit 150 Prozent besteuert werden.Dabei sind es doch gerade diese jungen innovativen Unternehmer, die zum guten Ruf unseres Wirtschaftsstandortes beitragen. Wer nicht will, dass der Innovationsstandort Schweiz an Attraktivität verliert, sollte Nein sagen.Matthias Erni, Präsident Jungfreisinnige KriensWas wir für eine Neid-Gesellschaft haben, zeigt sich bei dieser Initiative der Juso. SP, Grüne, Klimaschützer und Gewerkschaften unterstützen sie – also zum grossen Teil Leute, die keine Bundessteuer zahlen und nur vom Staat profitieren wollen. Familienunternehmer, Kleinanleger, Pensionskassen und AHV investieren in Aktien und Firmen, was der Wirtschaft zugute kommt. Es ist alles Geld, das schon versteuert worden ist. Die meisten Firmen legen Dividenden wieder in der Firma an und sichern so Arbeitsplätze. Was ist das für eine Neidgesellschaft, die den Kleinsparern die Dividenden und Aktiengewinne nicht gönnt und dafür sorgen will, dass sie diese noch einmal versteuern müssen? Was passiert, wenn die Aktienkurse fallen? Übernehmen die Linken die Verluste? Wohl kaum.Das Risiko, das Investoren tragen, muss belohnt sein. Zum Glück haben wir in der Schweiz wohlhabende Leute, die in unser Land investieren, darum geht es allen einigermassen gut.Walter Grab, Hergiswil",['neutral']
"«Wollen Sie die Änderung des Bundesgesetzes über die direkte Bundessteuer (Steuerliche Berücksichtigung der Kinderdrittbetreuungskosten) annehmen?», sind wir am 27. September gefragt. Der bisherige Abzug von maximal 10100 Franken pro Jahr liegt für viele Eltern unter den tatsächlichen Kosten. Der neu vorgesehene Abzug von maximal 25000 Franken trägt dem Rechnung und dürfte lediglich etwa 10 Millionen Franken weniger Steuereinnahmen pro Jahr verursachen. So weit so gut!Nun kommt aber dazu, dass gleichzeitig der Kinderabzug um 3500 Franken erhöht werden soll. 40 Prozent aller Familien haben Bruttoeinkommen unter 70000 Franken pro Jahr, sie müssen deshalb keine direkte Bundessteuer bezahlen und haben nichts vom erhöhten Kinderabzug. Dagegen werden Eltern mit einem Einkommen von 200000 bis 500000 Franken pro Jahr mit 455 Franken pro Kind und Jahr entlastet. Insgesamt führt das zu Steuerausfällen von rund 370 Millionen Franken pro Jahr. Ist das sinnvoll?Steuerentlastungen müssen gezielt Probleme angehen und sozial ausgewogen sein. Vordringlich ist, die Benachteiligung von Verheirateten gegenüber Konkubinatspaaren, also die Heiratsstrafe, zu beseitigen. Deshalb Nein zum Etikettenschwindel bei der Vorlage, und vor allem Nein zur einseitigen, unnötigen Begünstigung finanziell Gutsituierter.Armin Jans, alt Nationalrat, ZugWeil ich mit Überzeugung gegen die Vorlage der Kinderabzüge bin, wirft Roland Staerkle vom Gewerbeverband mir als Grünliberale vor, nicht liberal zu sein. Wie in meinem Leserbrief geschildert, werden 10 von den 380 Millionen Franken der Vorlage sinnvollerweise für die Vereinbarkeit eingesetzt, während 370 Millionen ohne Nutzen für die Volkswirtschaft ins Nichts verpuffen. Als Liberale bin ich für ein effizientes Steuersystem und deshalb grundsätzlich gegen komplizierte Steuerabzüge und Ausnahmen. Je weniger solche Abzüge, desto weniger Administrationsaufwand entsteht in den Steuerämtern, und durch die grössere Steuerbasis können die Steuersätze für alle gesenkt werden. Klientelpolitik für wenige Gutverdiener mit Kindern zu machen ist überhaupt nicht liberal. Dank der parlamentarischen Initiative, die von Kathrin Bertschy initiiert und von Mitgliedern aller Parteien mitunterzeichnet wurde, können die Abzüge für Kinderdrittbetreuungskosten (die 10 Millionen Franken) auch bei einem Nein bald eingeführt werden. Darum sage ich als Liberale Nein zu der Mogelpackung der Kinderabzüge.Tabea Estermann, Co-Präsidentin Junge Grünliberale Zug",['neutral']
"Auf dem Stimmzettel heisst die Vorlage «Steuerliche Berücksichtigung der Kinderdrittbetreuungskosten». Das Positive: Kosten für die Kinderbetreuung sollen neu bis 25000Franken pro Kind bei der direkten Bundessteuer abgezogen werden. Das ergibt Steuerausfälle von 10 Millionen Franken und ist vernünftig. Das Problem: Der Kinderabzug bei den Bundessteuern wurde im Parlament von 6500 auf 10000 Franken erhöht. Dies führt zu Steuerausfällen von 370 Millionen Franken. Davon profitieren vor allem gut und sehr gut verdienende Familien mit steuerbarem Einkommen ab 100000 Franken. Familien mit tiefem Einkommen, die keine Bundessteuern bezahlen – 45 Prozent der Familien – gehen leer aus. 250 Millionen dieser 370 Millionen gehen an den Teil der Familien mit sehr hohen Einkommen, an sechs Prozent aller Haushalte. Dies wurde ohne Vernehmlassung und ohne Vorberatung in der Kommission im Schnellzugtempo beschlossen, was unseren demokratischen Gepflogenheiten widerspricht. Die Kantone, die einen Teil der Steuerausfälle übernehmen müssen, wollen das nicht. Auch Finanzminister Ueli Maurer lehnte es ab – leider erfolglos. Was können wir tun? Nein stimmen.Susanne Gasser, Sarnen",['neutral']
"Zwar sind sich alle Parteien einig, dass die Familie für Staat und Gesellschaft ausserordentlich wichtig ist. Trotzdem gibt es in der Schweiz keine kohärente Familienpolitik, sondern nur ein Sammelsurium einzelner familienpolitischer Massnahmen, welche mal mehr mal weniger Sinn ergeben. Am 27.September soll diese Sammlung um zwei weitere Massnahmen ergänzt werden: die Schaffung eines minimalen Vaterschaftsurlaubs und ein (weiteres) Steuergeschenk an die reichen Familien.Zwei Wochen Vaterschaftsurlaub kosten gemäss Abstimmungsbroschüre des Bundes 230 Millionen Franken pro Jahr. Für die Gegner aus SVP, FDP und Gewerbe ist dies eine Zumutung und unverantwortlich. Die fast gleichen Kreise sind aber ohne weiteres bereit, den sehr gut Verdienenden mit höheren Kinderabzügen ein Steuergeschenk von 370 Millionen zu machen. Mit dem Verzicht auf die Kinderabzüge ist also (netto) der minimale Vaterschaftsurlaub locker finanziert.Ich finde es sinnvoll, mit zwei Wochen Vaterschaftsurlaub ein Zeichen zu setzen, einerseits dass Kinder auch den Vater brauchen und andererseits dass Väter bei Kindern von Anfang an auch eine Aufgabe haben. Ein Steuergeschenk an die gut Betuchten macht hingegen in der aktuellen Situation einfach keinen Sinn. Die Beschenkten benötigen dieses Geschenk nicht, der Staat aber das dafür vorgesehene Geld sehr wohl, gerade in Anbetracht der Sonderausgaben für die Coronabewältigung. Deshalb Ja zum Vaterschaftsurlaub (Änderung des Erwerbsersatzgesetzes) und Nein zum Steuergeschenk für gut Betuchte (Änderung des Bundesgesetzes über die direkte Bundessteuer).Eusebius Spescha, Zug",['neutral']
"Wir haben in unserem Land bestens ausgebildete Frauen und Männer, die gerne Beruf und Familie vereinbaren möchten, dies jedoch nicht zu einem Nullsummenspiel.«Arbeit muss sich lohnen!» Dieser wichtige Grundsatz aus der Sozial- und Arbeitspolitik lässt sich auch auf die Vereinbarkeit von Familie und Beruf übertragen. Schaffen wir mit dem Steuerabzug von maximal 25000 Franken für Drittbetreuung einen Anreiz, um Mütter und Väter zurück an die Arbeit zu bringen.Dort werden sie – wenn auch Teilzeit – gebraucht. Dass auch die Familien, die eigenverantwortlich die Kinderbetreuung ohne externe Institutionen einen höheren Abzug machen können, finde ich richtig und fair.Ich stimme Ja. Denn die rund 60 Prozent aller Schweizer Familien, die eine direkte Bundessteuern bezahlen, sollen finanziell – in Form eines symbolischen Beitrags – entlastet werden.Irène Wüest, Eich, Vorstandsmitglied Arbeitsgemeinschaft Wirtschaft und Gesellschaft (AWG) Kanton LuzernWenn eine Familie in der Schweiz die Finanzplanung macht, zeigt sich sehr schnell: Unser Steuersystem will der Gesellschaft ein Lebensmodell aufdrücken. Ein Elternteil bleibt zu Hause, der andere schaut zu den Kindern. Die gemeinsame Besteuerung für Eheleute bestraft Paare, in denen beide erwerbstätig sind mit einer viel höheren Progression, als wenn diese ledig wären.Die Vereinbarkeit von Beruf und Familie wird dadurch nicht nur nicht gefördert. Sie wird regelrecht bestraft. Ein Vorschlag des Bundesrates zur Behebung dieses Problem sah vor, dass die Drittbetreuungskostenabzüge erhöht werden.Dies hätte das Problem wenigstens ein bisschen verringert, bei Steuereinbussen von lediglich 10 Millionen Franken. Das Parlament hat jedoch das Fuder überladen und noch die allgemeinen Kinderabzüge erhöht. Der Nutzen für die Vereinbarkeit geht dabei gegen Null und kostet den Bund stattliche 370 Millionen Franken pro Jahr. Profitieren würde auch nicht der breite Mittelstand.Die Steuerentlastung für eine Familie mit zwei Kindern und 100000 Franken Jahreseinkommen beträgt unter Umständen keinen einzigen Rappen. Eine Familie mit 300000 Franken Jahreseinkommen spart jedoch 910 Franken. Unter dem Deckmantel der Vereinbarkeit wird uns hier eine Mogelpackung aufgetischt, die es abzulehnen gilt.David Limacher, Wauwil, Geschäftsleiter Junge Grünliberale Schweiz",['neutral']
"Es ist offenkundig, die Veränderungen in unserer Gesellschaft führen auch zu einem Strukturwandel der Familie. Als Beispiele sind zu nennen die Arbeitsteilung der Eltern in Beruf, Kinderbetreuung und Haushaltführung, das Entstehen neuer Familienformen, das aktuelle und immer wieder diskutierte Thema Vereinbarkeit von Familie und Beruf etc. Dieser Entwicklung ist durch die Schaffung entsprechender Strukturen – wie durch Unterstützung der Kinderdrittbetreuung und Gewährung eines Vaterschaftsurlaubes – Rechnung zu tragen. Die Familie– als Gemeinschaft – wird dadurch gestärkt, erhält einen Mehrwert.Die höheren Steuerabzüge für die Kinderkosten (Abzug für die Drittbetreuung und der allgemeine Kinderabzug) bringen für die Mehrheit der Familien in der Schweiz eine finanzielle Entlastung, insbesondere für den Mittelstand. Den Eltern steht vom Einkommen mehr für die familiären Aufgaben zur Verfügung. Bei der Annahme der Vorlage über den Vaterschaftsurlaub haben alle erwerbstätigen Väter nach der Geburt ihrer Kinder Anspruch auf zehn freie Arbeitstage. Durch die Mitwirkung des Vaters werden die Mutter und das Kind gut betreut und erholen sich schneller von der Geburt. Es ist eine zeitgerechte und massvolle Lösung.Der Vorstand CVP60+ Kanton Zug hat Vertrauen in die jungen Familien und empfiehlt der Stimmbürgerin und dem Stimmbürger, am 27.September ein Ja bei diesen zwei Vorlagen einzulegen.Maria-Pia Kuhn-Schelbert, Präsidentin CVP60+ Kanton ZugDie Kinderbetreuungskostenvorlage ist kein Etikettenschwindel, wie das die Grünliberale Tabea Estermann behauptet. Der Etiketten- schwindel liegt eher bei den Grünliberalen, die rein etatistisch argumentieren. Es ist irritierend, dass eine selbst ernannte liberale Partei sich primär um die Steuerausfälle des Staates sorgt.Der Nutzen der Vorlage liegt doch darin, dass durch eine bessere Vereinbarkeit von Beruf und Familie unsere Volkswirtschaft profitiert, wenn es beiden Elternteilen ermöglicht wird, zu arbeiten. Familie und Zufriedenheit im Job und bei der Kinderbetreuung sollen im Vordergrund stehen, nicht eine abstrakte Zahl mutmasslicher Steuerausfälle. Ich stimme überzeugt Ja zur Vorlage.Roland Staerkle, Präsident Gewerbeverband Kanton ZugMir fällt eine etwas merkwürdige Logik bei den Befürwortern des Vaterschaftsurlaubes auf: Eine «gute Beziehung zum Kind aufzubauen», steht ganz vorne bei den Argumenten für eine Annahme der Vorlage, und eine grosse Zahl der Befürwortenden ist sich zudem einig, dass der Vaterschaftsurlaub sogar noch länger dauern sollte.Gleichzeitig gibt es seit Jahren – von gleicher Seite– den Ruf nach einem staatlich bezahlten Krippenplatz für jedes Kind. Behauptet wird auch, dass nach einer längeren Abwesenheit vom Arbeitsplatz eine Integration in den Arbeitsprozess kaum mehr möglich sei. Ja was denn jetzt? Zwei Wochen oder länger eine gute Beziehung zum Neugeborenen aufbauen und dann «ab in die Krippe», um diese Beziehung gleich wieder (staatlich finanziert) abzubauen?Integration in den Arbeitsprozess ist nach Abwesenheit im «traditionellen» Familienmodell kaum möglich, nach einem Monate dauernden «Elternzeitmodell» aber problemlos machbar? Überzeugend ist eine solche Denkweise nun wirklich nicht.Ausserdem steht es jedem frisch gebackenen Papi frei, zwei Wochen Ferien zu nehmen, wenn das der Familie wichtig erscheint. Oder ist das Baby nur dann Ferien wert, wenn jemand anderes dafür zahlt?Dazu stehen wir in Zukunft (erst recht nach Corona) vor der grossen Herausforderung, AHV, IV, sowie die Arbeitslosenversicherung zu sanieren. Da wird jeder Arbeitnehmer bluten müssen.Ziehen wir also der arbeitenden Bevölkerung nicht noch mehr Geld als nötig aus der Tasche und sagen Nein zum unnötigen Vaterschaftsurlaub!Roland Küng, Gemeinderat SVP, Zug",['neutral']
"Ende September stimmen wir neben vielen anderen Vorlagen über die «Steuerliche Berücksichtigung der Kinderdrittbetreuungskosten» ab. Die bürgerlich-rechten Politiker loben die Vorlage, welche scheinbar «die Vereinbarkeit von Beruf und Familie» stärke. Auch der Bund schreibt auf www.admin.ch: «Ziel der Vorlage ist es, steuerliche Hindernisse zu beseitigen, damit beide Elternteile im von ihnen gewünschten Umfang berufstätig sind.»Wenn man das aber genauer anschaut, dann stellt sich heraus, dass es sich hier um einen Etikettenschwindel handelt. Die Vorlage beinhaltet zwei Elemente. Einerseits wird, wie im Namen der Vorlage erwähnt, der Abzug für Drittbetreuung auf 25000 Franken pro Kind erhöht. Dies führt zu 10 Millionen Franken Steuerausfällen. Das war der Vorschlag des Bundesrats, um Arbeit zu belohnen. Momentan wird das Zweiteinkommen in vielen Familien von der Steuerprogression und den Drittbetreuungskosten aufgefressen. So weit so gut. Gleichzeitig aber wird der allgemeine Kinderabzug, den alle Familien erhalten – egal, ob die Kinder extern oder von einem Elternteil betreut werden –, auf 10000 Franken erhöht. Dieses Element wurde nach der Vernehmlassung als Einzelantrag der CVP eingereicht und führt zu 370 Millionen Franken Steuerausfällen. Dieses Element hat aber ganz und gar nichts mit dem ursprünglichen Ziel zu tun und verbessert die Vereinbarkeit von Familie und Beruf überhaupt nicht. Darf man eine Vorlage noch «Drittbetreuungskosten» nennen, wenn nur 2,6 Prozent der Kosten für Drittbetreuung ausgegeben werden?Es ist ein empörender Etikettenschwindel, denn unter dem Deckmantel der Familie wird hier die Vereinbarkeit von Beruf und Familie torpediert. Darum stimme ich Nein zu der Mogelpackung der Kinderabzüge.Tabea Estermann Co-Präsidentin jglp Zug",['neutral']
"Ich bin erstaunt, dass Damian Müller als junger Politiker in seinem Leserbrief gegen den zweiwöchigen Vaterschaftsurlaub antritt. Ich bin zudem enttäuscht, weil er, seit fünf Jahren Ständerat, nicht für einen finanzstarken Stand Luzern eintritt. Eigentlich erwarte ich von ihm einen Beitrag gegen die erhöhten Kinderabzüge bei den Bundessteuern, die dem Kanton Luzern etliche Millionen und der ganzen Schweiz 370 Millionen Franken Steuerausfälle bescheren. Steuerausfälle notabene, die allein den 54 Prozent wohlhabendsten in unserer Schweiz zugutekommen. Ich finde es zudem inkonsequent, wenn er sagt: «Wir müssen mit Steuern und Abgaben jenen Menschen helfen, die wirklich Unterstützung brauchen.» Dabei weiss er genau, dass der Vaterschaftsurlaub mit Lohnprozenten der Arbeitgeber und Arbeitnehmer finanziert wird. Übrigens gleich wie der Mutterschaftsurlaub und die Militärdienst-Abwesenheiten am Arbeitsplatz.Mit der negativen Rhetorik über den Staat («staatlich verordnet», «staatliches Eingreifen», «Zwangsabgaben»), im Zusammenhang mit dem Vaterschaftsurlaub, versucht Herr Ständerat Müller, der damit Staatsvertreter ist, über einen Mangel an Argumenten hinwegzutäuschen. Und als ehemaliger Präsident der Dampferfreunde Vierwaldstättersee Luzern müsste er Jungvätern Zeit für eine Dampferfahrt mit dem jungen Nachwuchs gönnen.Rolf T. Spörri, Luzern",['negative']
"Nationalrat Leo Müller argumentiert, mit der von der CVP propagierten Anhebung der Kinderabzüge vollziehe «der Bund nur, was viele Kantone bereits heute machen». Tatsächlich sind die Kinderabzüge in den meisten Kantonen höher als beim Bund.Was Müller dabei geflissentlich verschweigt: Bei der direkten Bundessteuer beginnt die Steuerpflicht erst bei höheren Einkommensstufen. Die Progressionskurve ist viel steiler als bei den Kantons- und Gemeindesteuern, sodass die Hälfte der Familien gar keine Bundessteuer bezahlt. Deren Höchststeuersätze werden erst bei Einkommen von 775000 Franken erreicht. Müllers Argument einer «Angleichung» an die kantonalen Abzüge entpuppt sich tatsächlich als Mogelpackung.Denn ein betragsmässig gleich hoher Abzug beim Bund wirkt sich wegen der höheren Progressionswirkung eben erst bei höheren Einkommen aus. Nationalrätin Birrer-Heimo kontert somit korrekt – nur die 6 Prozent der reichsten Familien würden von der Vorlage profitieren. 44 Prozent der Familien würden gar nichts und 50 Prozent nur einen Pappenstiel erhalten.Müller argumentiert weiter, «mit der letzten Unternehmenssteuerreform erhalten die Unternehmen eine Entlastung von rund 2 Milliarden Franken, was richtig war» und fragt fast rührselig weiter: «Warum sollen jetzt nicht wieder einmal die Familien zum Zug kommen?» Doch auch hier ist Müller der Tatsachenverschleierung zu überführen: Denn die von ihm entlasteten Unternehmen gehören beileibe nicht jenen einkommensschwachen 44 Prozent der Familien, die durch die Kinderabzugs-Vorlage nicht entlastet würden, sondern den reichsten 6 Prozent – die somit gleich doppelt profitieren sollten. Vielleicht ungewollt ehrlich ist hingegen Müllers Parole: «Familienpolitik muss nicht immer Sozialpolitik sein.»Zu ergänzen wäre freilich: aus Sicht der (C)VP. Letztere muss sich dann aber tatsächlich die Frage stellen, wie «christlich» ihre Politik noch ist.",['neutral']
"Der britische Philosoph, Historiker, Mathematiker, Sozialkritiker und politische Aktivist Bertrand Russell (1872–1970) sagte einmal: «Wer mit 20 nicht Kommunist gewesen ist, hat kein Herz. Aber wie es mit 40 noch immer ist, hat kein Hirn». Und die Linken, die nun das Stimmrecht ab 16 Jahren fordern, bauen genau darauf. Sie wollen das Gewicht der Stimmbürger nach links verschieben, indem sie Jugendlichen das Stimmrecht geben wollen. Früher war es so, dass nur stimmen durfte, wer zuerst für den Staat (also das Gemeinwohl) eine Leistung erbracht hatte. Anstelle des Stimmrechts ab 16 Jahren plädiere ich dafür, dass wir dies wieder einführen und nur jene Schweizerinnen und Schweizer Stimm- und Wahlrecht haben, die auch Steuern bezahlen. Gemäss den Statistiken der Eidgenössischen Steuerverwaltung zahlen nämlich 26 Prozent der Bevölkerung der Schweiz keine Bundessteuern. Und nach den neuen Vorlagen der Finanzverwaltung des Kantons Zugs sollen die unteren Einkommen weiter entlastet werden, sodass 18 Prozent der Zuger Steuerpflichtigen keine Kantons- und Gemeindesteuern bezahlen.Just kommen die Forderungen nach immer mehr Umverteilung genau aus jenen linken Kreisen. Unsere Jugend ist weitgehend gut, aber es gibt die linksverblendeten jungen (und alten) Politiker, die immer nur fordern und sich nicht bewusst sind, dass alles Geld, das ausgegeben werden kann, zuerst durch harte Arbeit verdient werden muss. Deshalb bin ich der Meinung, dass an sich nur wählen und stimmen darf, wer auch mit Steuern hilft, die Gelder zu äufnen, die nachher wieder ausgegeben werden. Ob die dann 16, 18 oder 60 Jahre alt sind, spielt keine Rolle.Felix Zulauf, Zug",['neutral']
"Der Regierungsrat verkündete verschiedene Massnahmen zur Abfederung der Auswirkungen aufgrund des Coronavirus. Unter anderem verkündete der Regierungsrat eine geplante Steuersenkung auf 78 Prozent.Nun kommt von linker und grüner Seite bereits Widerstand diesbezüglich. Es wird von Fahrlässigkeit gesprochen und es wird in den Geschichtsbüchern der Schweizerischen Steuerhistorie gewühlt. Unter anderem wird die aktuelle Finanzlage des Bundes sowie des Kantons Zug mit jener der 1930-er-Jahre verglichen. Man braucht wohl nicht lange darauf einzugehen, um klarstellen zu können, dass ein solcher Vergleich schlicht keinen Sinn macht. In den 1930-er-Jahren befand man sich immer noch in den Nachwehen des Ersten Weltkrieges und der Zweite Weltkrieg stand kurz bevor. Gründe für die in der damaligen Epoche eingeführten Steuerformen in den verschiedenen temporären Variationen waren zum einen die schlechte Finanzlage des Bundes sowie des Kantons und zum anderen die fehlenden regelmässigen Steuererträge. Die direkte Bundessteuer sowie die Mehrwertsteuer wurden bekanntlich erst 1941 eingeführt (unter anderen Titeln).Aus diesen Gründen sowie der Verschuldung der Schweiz und insbesondere vom Kanton Zug kam damals das Steuersystem stets schnell an die Grenzen der Leistungsfähigkeit und hätte einer zusätzlichen Beanspruchung nicht mehr genügen können. Durch die Einführung der direkten Bundessteuer und der Mehrwertsteuer konnte man die Einnahmeseite erhöhen und den Finanzhaushalt ins Lot bringen. Seither verzichtete der Staat weitestgehend auf weitere situationsbezogene Steuererhebungen. Steuern auf Vorrat wurden aber in der Vergangenheit nicht eingetrieben. Dies zum Unterschied zu heute.Aufgrund dieser Tatsachen und einer umfassenden Betrachtung ist es richtig, dass der Bund, wie auch der Kanton nun alle Hebel in Bewegung setzen, um die wirtschaftlichen Auswirkungen der Pandemie so gut wie möglich drosseln zu können. Dazu gehört eben auch eine Steuersenkung, wie dies auf Kantonaler Stufe vom Regierungsrat vorgeschlagen wurde. Es muss in naher Zukunft möglichst viel Kapital beim Volk bleiben, damit die Investitionskraft so hoch wie möglich gehalten wird. Nur so kann die Binnenwirtschaft am Laufen gehalten werden.Solidarität in der jetzigen Zeit heisst nicht, dass die steuerzahlende Bevölkerung und Unternehmungen noch mehr Steuern abliefern als sonst schon, sondern Solidarität in der derzeitigen Lage bedeutet, unsere lokalen Unternehmen zu unterstützen, ihr Angebot wieder vermehrt zu nutzen und ihnen das Einkommen so wieder zu sichern.Rainer Leemann, Kantonsrat FDP, Zug; Michael Arnold, Kantonsrat FDP, BaarIst der Zuger Regierungsrat von allen guten Geistern verlassen? Weltweit muss die öffentliche Hand im Zusammenhang mit dem Coronavirus mit riesigen Mehrausgaben rechnen. In vielen Ländern werden deswegen die Steuern erhöht werden müssen. Nun will der Zuger Regierungsrat die Steuern senken. Welches Signal senden wir Zuger mit diesem Schritt aus? «Seht her, wir können es uns sogar in diesen Zeiten leisten, die Steuern zu senken. Kommt zu uns, ihr Steuerflüchtlinge aus aller Welt ...» Ausserdem ist es auch gegenüber allen anderen Schweizer Kantonen absolut unsensibel, gerade jetzt diese Ankündigung zu machen.Wenn der Kanton Zug offensichtlich über dermassen viel Geld verfügt, würde er es gescheiter den KMUs, Geschäften und Personen unbürokratisch zukommen lassen, die wegen der Coronakrise und dem damit verbundenen Lockdown vor dem eventuellen Ruin stehen.Eine Steuersenkung nach dem Giesskannenprinzip ist nur dumm, unvernünftig und anstössig! Nein, so nicht, lieber Regierungsrat! Wir hoffen, sehr, dass der Kantonsrat Vernunft zeigen wird und der Steuersenkung eine klare Absage erteilen wird.Karin Bossi und Stefan Hodel, Gemeinderat ALG, OberwilZuerst möchte ich darauf hinweisen, dass die Coronakrise keine typische Wirtschaftskrise ist, welche sich schleichend entwickelt hat. Es ist eine gesundheitliche Katastrophe, welche sich wie ein extremer Hammerschlag auf den Wirtschaftskreislauf anfühlt.Steuern zu erhöhen, wie dies Barbara Gysel in Form von Solidaritätszuschlägen vorschlägt, ist hierzu nicht das richtige Instrument. Der Staat hat den Wirtschaftskreislauf zu Recht kurz- und mittelfristig stimuliert, indem er unsere Einzelunternehmen und KMU direkt und gezielt stützt. Diese stellen ca. 67 Prozent der Arbeitsplätze und die staatlichen Massnahmen sichern diese – leider aber nur kurz- und mittelfristig. Die Unternehmen brauchen sobald als möglich wieder Umsatz, damit die Arbeitsplätze erhalten bleiben. Dabei spielt das Verhalten der Kunden eine grosse Rolle. Der Mensch konsumiert  – egal ob Angestellter oder Unternehmer, ob reich oder arm – dann, wenn er keine Existenzängste hat. Falls die Wirtschaft ins Stottern gerät und sich der Konsument deswegen unsicher fühlt, kürzt er sämtliche nicht lebensnotwendigen Ausgaben. Genau dieses Verhalten führt dazu, dass sich eine Wirtschaftskrise verlängert.Eine Steuersenkung stimuliert den Wirtschaftskreislauf mit wenig Mitteln und unterstützt die kurzfristigen Massnahmen. Falls der Steuerpflichtige mehr Geld zur Verfügung hat, wird er sich sicherer fühlen und sich auch spendabler zeigen. Damit steigen die Umsätze der KMU wieder und der Wirtschaftskreislauf erhält auch durch neue Investitionen den notwendigen, langfristigen Schwung zurück.Barbara Gysel nennt die Steuersenkung «asozial». Ist es aber nicht sozial, dafür zu sorgen, dass der Wirtschaftskreislauf schnell wieder Schwung bekommt, um die Arbeitsplätze zu sichern? Ist es nicht sozial, dafür zu sorgen, dass unsere KMU-Landschaft erhalten bleibt? Im Gegenteil  – asozial ist es, dafür zu sorgen, dass der Konsument weniger in der Tasche hat, um es stellensichernd auszugeben.Die vom Regierungsrat vorgeschlagene Steuersenkung kostet den Kanton Zug 40 Millionen. Nachdem aus der Jahresrechnung 2019 ein Gewinn von 175 Millionen resultiert, ist dies verkraftbar.In diesem Sinne: Unterstützen Sie Ihr lokales Gewerbe mit Ihrer Steuerersparnis. Besten Dank.Cédric Schmid, Präsident FDP Stadt Zug, Zug",['neutral']
"Den Mittelstand entlasten und Familienarbeit anerkennen. Genau um das geht es beim Steuerabzug für Kinder – und nicht um einen Steuerbonus für Wohlhabende oder gar eine Herdprämie.Nur schon dieses Wort finde ich herablassend. Den Abzug können Eltern geltend machen, die arbeiten, oder die zu Hause sind.Greifen tut der Steuerabzug ab einer mittleren Einkommenshöhe. Diese kann von einem Elternteil oder beiden zusammen erreicht werden. Gerade das Zweiverdiener-Modell führt dazu, dass einige in die mittelständische Einkommensklasse kommen. Ist es denn so verwerflich, einmal etwas für diese Familien zu machen? Oft sind es genau sie, die – wenn überhaupt – nur geringe Abzüge bei den Steuern geltend machen können. Diese Familien tragen eine erhebliche Abgabelast.Der Mittelstand generiert aber wichtiges Steuersubstrat. Das muss auch mal gesagt werden. Mit dem Kinderabzug will zudem niemand alte Rollenbilder zementieren, sondern die vielgeleistete Familienarbeit ins Zentrum stellen.Daneben braucht es sicherlich weitere Massnahmen, wie zum Beispiel attraktive Teilzeit- und Führungsmodelle, Reduktionen bei der Prämienlast und Anpassungen bei den Steuertarifen für Alleinerziehende. Wenn wir jetzt aber wieder um eine Massnahme ringen, diese infolge eines Referendums womöglich gar versenken, dann wird sich noch länger einfach nichts bewegen.Karin Stadelmann, Nationalratskandidatin CVP, Luzern",['neutral']
